physical_unit_id	path	spot_count	index_fingerprint_sha256	fingerprint_status
HTAN::6723_KL_1_filtered_trimmed.h5ad	data/other_sources/htan/HTAN_Vanderbilt_CRC_Visium_OSF_hftq2/6723_KL_1_filtered_trimmed.h5ad	3901	145ec21c80d0a016cfd7cb640c9face7fbe689a4329276a113d776e47fdd16b0	INDEX_VALUE_PINNED
HTAN::6723_KL_2_filtered_trimmed.h5ad	data/other_sources/htan/HTAN_Vanderbilt_CRC_Visium_OSF_hftq2/6723_KL_2_filtered_trimmed.h5ad	4369	17540aa700b0ef31f767ff1dc7ef1d3beb55fa4f076bba9f9cadfe5a647491a2	INDEX_VALUE_PINNED
HTAN::6723_KL_3_filtered_trimmed.h5ad	data/other_sources/htan/HTAN_Vanderbilt_CRC_Visium_OSF_hftq2/6723_KL_3_filtered_trimmed.h5ad	2997	0ad23d5e0e9c64dc14abf454b21f01e0539a0434879de25933e3c0e78f80afbc	INDEX_VALUE_PINNED
HTAN::6723_KL_4_filtered_trimmed.h5ad	data/other_sources/htan/HTAN_Vanderbilt_CRC_Visium_OSF_hftq2/6723_KL_4_filtered_trimmed.h5ad	3934	cea5f9493d39a84e618c8619faab46493d27c60a6aa455153fb4dcbb74b847cf	INDEX_VALUE_PINNED
HTAN::7003_AS_1_filtered_trimmed.h5ad	data/other_sources/htan/HTAN_Vanderbilt_CRC_Visium_OSF_hftq2/7003_AS_1_filtered_trimmed.h5ad	3461	6b4e1c8e9187dd9fafffb1a2a700a7d4571b63c66c75cd4d35e4f2a333e5d224	INDEX_VALUE_PINNED
HTAN::7003_AS_2_filtered_trimmed.h5ad	data/other_sources/htan/HTAN_Vanderbilt_CRC_Visium_OSF_hftq2/7003_AS_2_filtered_trimmed.h5ad	2693	f10c46a8a688c5fbdee631cbbc2864138d15268830842f245b28c31135851a20	INDEX_VALUE_PINNED
HTAN::7003_AS_3_filtered_trimmed.h5ad	data/other_sources/htan/HTAN_Vanderbilt_CRC_Visium_OSF_hftq2/7003_AS_3_filtered_trimmed.h5ad	2551	08ae8870e9828f6d54b69fd5b3967525b1cee9f2cde95cb82e4accf42c0bd14e	INDEX_VALUE_PINNED
HTAN::7003_AS_4_filtered_trimmed.h5ad	data/other_sources/htan/HTAN_Vanderbilt_CRC_Visium_OSF_hftq2/7003_AS_4_filtered_trimmed.h5ad	3970	d5d1f482e5f0365f14a53a372b7aa779bcde7962b74d32e069466d68156573b8	INDEX_VALUE_PINNED
HTAN::7003_AS_5_filtered_trimmed.h5ad	data/other_sources/htan/HTAN_Vanderbilt_CRC_Visium_OSF_hftq2/7003_AS_5_filtered_trimmed.h5ad	3261	3a2fc0ead4de4240074893cdaf3c3f63e9d392bd426efc80cc4c7cc3f664df1e	INDEX_VALUE_PINNED
HTAN::7003_AS_6_filtered_trimmed.h5ad	data/other_sources/htan/HTAN_Vanderbilt_CRC_Visium_OSF_hftq2/7003_AS_6_filtered_trimmed.h5ad	2533	58b39211ef49596747f60c49c2d75030ac66e8e2d0d5f3a08b90add399b70786	INDEX_VALUE_PINNED
HTAN::7003_AS_8_filtered_trimmed.h5ad	data/other_sources/htan/HTAN_Vanderbilt_CRC_Visium_OSF_hftq2/7003_AS_8_filtered_trimmed.h5ad	4132	95f0ddf64f0158ac56a2a9fb9340a7ed87825e243afbd79d7e912bc32274c44d	INDEX_VALUE_PINNED
HTAN::7319_AS_2_filtered_trimmed.h5ad	data/other_sources/htan/HTAN_Vanderbilt_CRC_Visium_OSF_hftq2/7319_AS_2_filtered_trimmed.h5ad	2047	4697ed3e1bd949645d5b102ea58ba304161c7d03f370e38b7711d5f41bed0c14	INDEX_VALUE_PINNED
HTAN::7319_AS_3_filtered_trimmed.h5ad	data/other_sources/htan/HTAN_Vanderbilt_CRC_Visium_OSF_hftq2/7319_AS_3_filtered_trimmed.h5ad	1014	6a79bd99258884fd40d41b540c03ffc1c9aeccd586b5e13b76477f7a88793082	INDEX_VALUE_PINNED
HTAN::7319_AS_4_filtered_trimmed.h5ad	data/other_sources/htan/HTAN_Vanderbilt_CRC_Visium_OSF_hftq2/7319_AS_4_filtered_trimmed.h5ad	1312	dc48bc5e800b6a2eefe796df7517a7d1f986aa337dd594dc9072afd7e17eae6d	INDEX_VALUE_PINNED
HTAN::7794_AS_1_filtered_trimmed_WD33476.h5ad	data/other_sources/htan/HTAN_Vanderbilt_CRC_Visium_OSF_hftq2/7794_AS_1_filtered_trimmed_WD33476.h5ad	581	98d76f13d51c60b1b232a19b629d1a89349a481ff85c4e4796920c4099355344	INDEX_VALUE_PINNED
HTAN::7794_AS_1_filtered_trimmed_WD33479.h5ad	data/other_sources/htan/HTAN_Vanderbilt_CRC_Visium_OSF_hftq2/7794_AS_1_filtered_trimmed_WD33479.h5ad	584	a7297496c47a6b9f28cb214e674b409aba9cbcc7f830e3a18fdc088540a22a54	INDEX_VALUE_PINNED
HTAN::7794_AS_2_filtered_trimmed_WD33468.h5ad	data/other_sources/htan/HTAN_Vanderbilt_CRC_Visium_OSF_hftq2/7794_AS_2_filtered_trimmed_WD33468.h5ad	494	17a4c7139841b3f4b2215f38b6a79fa5affb6e6ee70eea931154c8737d0e68a5	INDEX_VALUE_PINNED
HTAN::7794_AS_2_filtered_trimmed_WD33475.h5ad	data/other_sources/htan/HTAN_Vanderbilt_CRC_Visium_OSF_hftq2/7794_AS_2_filtered_trimmed_WD33475.h5ad	495	fcb48bddeb6206c703272c5ede288494ba92b42964df3fc9f9568bbb667b10eb	INDEX_VALUE_PINNED
HTAN::7794_AS_3_filtered_trimmed.h5ad	data/other_sources/htan/HTAN_Vanderbilt_CRC_Visium_OSF_hftq2/7794_AS_3_filtered_trimmed.h5ad	3395	aa7da0a7769e98623bb3045bfd10bcf5423bd183b1acb75a107ce9e8a08a3436	INDEX_VALUE_PINNED
HTAN::8270_AS_10_filtered_trimmed.h5ad	data/other_sources/htan/HTAN_Vanderbilt_CRC_Visium_OSF_hftq2/8270_AS_10_filtered_trimmed.h5ad	4758	52789c2aa9b7837b4c0945cb05281d4307e1ec01c0757c02052966f292b3ca5d	INDEX_VALUE_PINNED
HTAN::8270_AS_11_filtered_trimmed.h5ad	data/other_sources/htan/HTAN_Vanderbilt_CRC_Visium_OSF_hftq2/8270_AS_11_filtered_trimmed.h5ad	4418	b17ecd9e47b8b1b15b3904723418a22cf0ed676fda989afb0e512017bfc449ab	INDEX_VALUE_PINNED
HTAN::8270_AS_12_filtered_trimmed.h5ad	data/other_sources/htan/HTAN_Vanderbilt_CRC_Visium_OSF_hftq2/8270_AS_12_filtered_trimmed.h5ad	4099	1764f7c3a4c443933f644842d71dbd798bec4c4117741a3f3ac69d8e645957c0	INDEX_VALUE_PINNED
HTAN::8270_AS_1_filtered_trimmed.h5ad	data/other_sources/htan/HTAN_Vanderbilt_CRC_Visium_OSF_hftq2/8270_AS_1_filtered_trimmed.h5ad	830	3cc4651a7b578cbd16adf42d2d5027974d69519984f68f48d4121b6434f8a319	INDEX_VALUE_PINNED
HTAN::8270_AS_2_filtered_trimmed.h5ad	data/other_sources/htan/HTAN_Vanderbilt_CRC_Visium_OSF_hftq2/8270_AS_2_filtered_trimmed.h5ad	665	8126c34f6909e8515823b491c8d42406a0e103f44eaa78e67a5232f167e98b11	INDEX_VALUE_PINNED
HTAN::8270_AS_3_filtered_trimmed.h5ad	data/other_sources/htan/HTAN_Vanderbilt_CRC_Visium_OSF_hftq2/8270_AS_3_filtered_trimmed.h5ad	818	b17b1db8aab0bbd35c00c6fc6dc238abed58085c6faa16cf46e42199d135844b	INDEX_VALUE_PINNED
HTAN::8270_AS_5_filtered_trimmed.h5ad	data/other_sources/htan/HTAN_Vanderbilt_CRC_Visium_OSF_hftq2/8270_AS_5_filtered_trimmed.h5ad	229	7c979d5a46cc1a54213ba3f1bb950ab8416f65fa414ee1489e7c9943c214f456	INDEX_VALUE_PINNED
HTAN::8270_AS_6_filtered_trimmed.h5ad	data/other_sources/htan/HTAN_Vanderbilt_CRC_Visium_OSF_hftq2/8270_AS_6_filtered_trimmed.h5ad	3072	bcf720b7b6a1e32747e39242f96cdb688be177aec36c8fc30203d14e24905f8a	INDEX_VALUE_PINNED
HTAN::8270_AS_7_filtered_trimmed.h5ad	data/other_sources/htan/HTAN_Vanderbilt_CRC_Visium_OSF_hftq2/8270_AS_7_filtered_trimmed.h5ad	4297	73386cf6046b958ccbbbacb22b02f4528d95c5e6eeb059794822c4200530b179	INDEX_VALUE_PINNED
HTAN::8270_AS_8_filtered_trimmed.h5ad	data/other_sources/htan/HTAN_Vanderbilt_CRC_Visium_OSF_hftq2/8270_AS_8_filtered_trimmed.h5ad	4620	4f2b24e68f18360d19995d4b9d3b831c3a19999aaa71686b87b939f25d795e81	INDEX_VALUE_PINNED
HTAN::8270_AS_9_filtered_trimmed.h5ad	data/other_sources/htan/HTAN_Vanderbilt_CRC_Visium_OSF_hftq2/8270_AS_9_filtered_trimmed.h5ad	3577	c3cdfdd957a8b81c37bb90fef39aa77a481b61b1ee5644cfb2d8c982280d92ea	INDEX_VALUE_PINNED
HTAN::8578_AS_1_filtered_trimmed_WD33469.h5ad	data/other_sources/htan/HTAN_Vanderbilt_CRC_Visium_OSF_hftq2/8578_AS_1_filtered_trimmed_WD33469.h5ad	370	002377ff27a91b93344250329aacbac934b3d7f71f096a8fd9b26230c28bae8d	INDEX_VALUE_PINNED
HTAN::8578_AS_1_filtered_trimmed_WD33473.h5ad	data/other_sources/htan/HTAN_Vanderbilt_CRC_Visium_OSF_hftq2/8578_AS_1_filtered_trimmed_WD33473.h5ad	93	aacc42518eff9ca81d9136c12a253aa5a2f179994b5681f2f78bde5984c4fbc5	INDEX_VALUE_PINNED
HTAN::8578_AS_1_filtered_trimmed_WD33474.h5ad	data/other_sources/htan/HTAN_Vanderbilt_CRC_Visium_OSF_hftq2/8578_AS_1_filtered_trimmed_WD33474.h5ad	469	e4ab17bae24202d9efbd0efdb4ea4b401b6477c251ee4b1d9f948bf200ff008d	INDEX_VALUE_PINNED
HTAN::8578_AS_2_filtered_trimmed_WD84216.h5ad	data/other_sources/htan/HTAN_Vanderbilt_CRC_Visium_OSF_hftq2/8578_AS_2_filtered_trimmed_WD84216.h5ad	282	9e79cacf387b6746e734d47ec72812c4b0be8823e78b2fcedd837a9c2b181c71	INDEX_VALUE_PINNED
HTAN::8578_AS_2_filtered_trimmed_WD84226.h5ad	data/other_sources/htan/HTAN_Vanderbilt_CRC_Visium_OSF_hftq2/8578_AS_2_filtered_trimmed_WD84226.h5ad	412	b56fdb60bd4e2cc84dc33c74b14ab4496f27e8adcd025e71381f1250c250e300	INDEX_VALUE_PINNED
HTAN::8578_AS_2_filtered_trimmed_WD84594.h5ad	data/other_sources/htan/HTAN_Vanderbilt_CRC_Visium_OSF_hftq2/8578_AS_2_filtered_trimmed_WD84594.h5ad	492	8ca8544d2e4a163b15f5146753436db51c8e4395c30427797e19bf2678479eae	INDEX_VALUE_PINNED
HTAN::8578_AS_3_filtered_trimmed_WD84221.h5ad	data/other_sources/htan/HTAN_Vanderbilt_CRC_Visium_OSF_hftq2/8578_AS_3_filtered_trimmed_WD84221.h5ad	237	5a791337a92f4380d2354bc86355ada6185e0423fa13b112572645227034ce6b	INDEX_VALUE_PINNED
HTAN::8578_AS_3_filtered_trimmed_WD84596.h5ad	data/other_sources/htan/HTAN_Vanderbilt_CRC_Visium_OSF_hftq2/8578_AS_3_filtered_trimmed_WD84596.h5ad	422	92672252e9bd40b362c8d02430f570e6c62d90411064aba7b9657977b6f0fddc	INDEX_VALUE_PINNED
HTAN::8578_AS_4_filtered_trimmed.h5ad	data/other_sources/htan/HTAN_Vanderbilt_CRC_Visium_OSF_hftq2/8578_AS_4_filtered_trimmed.h5ad	3708	b39febd933728a5080ec48db253cfac7b9a79dfff064a244826f704bf5c94ca4	INDEX_VALUE_PINNED
HTAN::8899_AS_1_filtered_trimmed.h5ad	data/other_sources/htan/HTAN_Vanderbilt_CRC_Visium_OSF_hftq2/8899_AS_1_filtered_trimmed.h5ad	4116	657fb41d0edb9416c011b1f906926f089c612479c24013ba0ae73bd1bbc80e60	INDEX_VALUE_PINNED
HTAN::8899_AS_2_filtered_trimmed.h5ad	data/other_sources/htan/HTAN_Vanderbilt_CRC_Visium_OSF_hftq2/8899_AS_2_filtered_trimmed.h5ad	4078	7e83aa819a834237daa7d42225ef3180f86d98fa81c29bc28e23a5ae553f62aa	INDEX_VALUE_PINNED
HTAN::8899_AS_3_filtered_trimmed.h5ad	data/other_sources/htan/HTAN_Vanderbilt_CRC_Visium_OSF_hftq2/8899_AS_3_filtered_trimmed.h5ad	1727	2a131b8e3854dc4f97cc295f242ac4edfb418c8f91eca16f125c345d36a2d0be	INDEX_VALUE_PINNED
HTAN::8899_AS_4_filtered_trimmed.h5ad	data/other_sources/htan/HTAN_Vanderbilt_CRC_Visium_OSF_hftq2/8899_AS_4_filtered_trimmed.h5ad	3636	e1bb05bc2001d3042dfb0f1a78ff8a5f21b783a2fbc3a9a3afdf84ac83f035c4	INDEX_VALUE_PINNED
HTAN::8899_AS_5_filtered_trimmed.h5ad	data/other_sources/htan/HTAN_Vanderbilt_CRC_Visium_OSF_hftq2/8899_AS_5_filtered_trimmed.h5ad	3502	25a25a644b61b8493ba4655a966ba47be4fa606b9d6482f9ce1284c08d8f6c5f	INDEX_VALUE_PINNED
HTAN::8899_AS_6_filtered_trimmed.h5ad	data/other_sources/htan/HTAN_Vanderbilt_CRC_Visium_OSF_hftq2/8899_AS_6_filtered_trimmed.h5ad	3578	ced944874845ee8a2f3c7027e559f086b5b3a50a072242e516ab1d8bb2a67d03	INDEX_VALUE_PINNED
HTAN::8899_AS_7_filtered_trimmed.h5ad	data/other_sources/htan/HTAN_Vanderbilt_CRC_Visium_OSF_hftq2/8899_AS_7_filtered_trimmed.h5ad	3731	42680ef0b42b25f171fa6cc7e65e766a05383159cf52564c1aa6012e3b7dc5d6	INDEX_VALUE_PINNED
HTAN::8899_AS_8_filtered_trimmed.h5ad	data/other_sources/htan/HTAN_Vanderbilt_CRC_Visium_OSF_hftq2/8899_AS_8_filtered_trimmed.h5ad	3385	87a651480760cb0315b65fc8e8dcb04100c4993210c67510ca0ec839bf2494f5	INDEX_VALUE_PINNED
ST_CRC_CMS::SN048_A121573_Rep1	data/other_sources/zenodo_st_crc_cms/tissue_positions/SN048_A121573_Rep1_tissue_positions_list.csv	2203	6122785535e4ab2be81337ae425983db5be309fe232175571b973ad67895f384	INDEX_VALUE_PINNED
ST_CRC_CMS::SN048_A121573_Rep2	data/other_sources/zenodo_st_crc_cms/tissue_positions/SN048_A121573_Rep2_tissue_positions_list.csv	2385	3742a5da3f2af2a61fb09647f59ece67c8c80c8d817ef874a68687689bba189a	INDEX_VALUE_PINNED
ST_CRC_CMS::SN048_A416371_Rep1	data/other_sources/zenodo_st_crc_cms/tissue_positions/SN048_A416371_Rep1_tissue_positions_list.csv	2317	9dccc0d7dd4e1a17366015f1d961280586b8c8100a0c9ae74e98635f7c9c70a6	INDEX_VALUE_PINNED
ST_CRC_CMS::SN048_A416371_Rep2	data/other_sources/zenodo_st_crc_cms/tissue_positions/SN048_A416371_Rep2_tissue_positions_list.csv	1803	fbb9d35f52bcacfc2f06b4273c03842a40534b5a0612bff2eb2dda6d196eaebf	INDEX_VALUE_PINNED
ST_CRC_CMS::SN123_A551763_Rep1	data/other_sources/zenodo_st_crc_cms/tissue_positions/SN123_A551763_Rep1_tissue_positions_list.csv	691	571acfaed95b7c86b8a2b02ea6d3fb1e49804737ba1270d7356542465ee55d04	INDEX_VALUE_PINNED
ST_CRC_CMS::SN123_A595688_Rep1	data/other_sources/zenodo_st_crc_cms/tissue_positions/SN123_A595688_Rep1_tissue_positions_list.csv	1192	7b571cb7ef52aa3d631aebddaf071931c7a9dee5007540b8ce2dc5d354301dfd	INDEX_VALUE_PINNED
ST_CRC_CMS::SN123_A798015_Rep1	data/other_sources/zenodo_st_crc_cms/tissue_positions/SN123_A798015_Rep1_tissue_positions_list.csv	1685	fca6ea15391e584796f7e20b9a74139901e2ead8e56ef6eceb98f98db49986dd	INDEX_VALUE_PINNED
ST_CRC_CMS::SN123_A938797_Rep1_X	data/other_sources/zenodo_st_crc_cms/tissue_positions/SN123_A938797_Rep1_X_tissue_positions_list.csv	2128	495265986775cf613843df209875b7a5302aff9e43386cd448a7213d6e980849	INDEX_VALUE_PINNED
ST_CRC_CMS::SN124_A551763_Rep2	data/other_sources/zenodo_st_crc_cms/tissue_positions/SN124_A551763_Rep2_tissue_positions_list.csv	1219	2696d25895c64b9c543bedbd7ed32725514bf0ba2987e814cbd5e9618f2a5424	INDEX_VALUE_PINNED
ST_CRC_CMS::SN124_A595688_Rep2	data/other_sources/zenodo_st_crc_cms/tissue_positions/SN124_A595688_Rep2_tissue_positions_list.csv	387	7fb396c8f26036de5ca2101e1324f8ab17bfb4aba1dba85e43c81d718c9659f1	INDEX_VALUE_PINNED
ST_CRC_CMS::SN124_A798015_Rep2	data/other_sources/zenodo_st_crc_cms/tissue_positions/SN124_A798015_Rep2_tissue_positions_list.csv	1656	85ba79ecd22f6502e913b6f61685bb7a37a12713e9f45774a32c3944c486e3fe	INDEX_VALUE_PINNED
ST_CRC_CMS::SN124_A938797_Rep2	data/other_sources/zenodo_st_crc_cms/tissue_positions/SN124_A938797_Rep2_tissue_positions_list.csv	1691	27ff574b796cbe63cf71ca70963d24c233550ab4b828dc743017d43c8e05716c	INDEX_VALUE_PINNED
ST_CRC_CMS::SN84_A120838_Rep1	data/other_sources/zenodo_st_crc_cms/tissue_positions/SN84_A120838_Rep1_tissue_positions_list.csv	328	c2be5d2f64841fc4d4a2289261ee7d531c98c520a45f04163945553dfbaf31eb	INDEX_VALUE_PINNED
ST_CRC_CMS::SN84_A120838_Rep2	data/other_sources/zenodo_st_crc_cms/tissue_positions/SN84_A120838_Rep2_tissue_positions_list.csv	1048	bf83e4a48338b895c677b26c6959a03bbe166bf82bc85ba4c2c7a61ddc82a6d7	INDEX_VALUE_PINNED
TLS_VISIUM_USZ::KC1	data/other_sources/zenodo_usz_tls_visium/TLS_VISIUM_USZ/h5ad_preprocessed/KC1.h5ad	3690	ce4e85594f1679a74bcfd651f44c8e034de498de5bdb72fdf70185943d80936d	INDEX_VALUE_PINNED
TLS_VISIUM_USZ::KC2	data/other_sources/zenodo_usz_tls_visium/TLS_VISIUM_USZ/h5ad_preprocessed/KC2.h5ad	1870	0de45b4f6fed95224ab20877ff4b76f6cd948811f1f3c51a83e858963a669228	INDEX_VALUE_PINNED
TLS_VISIUM_USZ::KC3	data/other_sources/zenodo_usz_tls_visium/TLS_VISIUM_USZ/h5ad_preprocessed/KC3.h5ad	2654	485c071d0b23dc26faa1d37a9dfc1c40db848964a812fefbc494ec27493a3673	INDEX_VALUE_PINNED
TLS_VISIUM_USZ::LC1	data/other_sources/zenodo_usz_tls_visium/TLS_VISIUM_USZ/h5ad_preprocessed/LC1.h5ad	4361	2d3614f1b3c8c8a25a9fac81a9d7359d03b0859073f118646d77c6f3d78884a6	INDEX_VALUE_PINNED
TLS_VISIUM_USZ::LC2	data/other_sources/zenodo_usz_tls_visium/TLS_VISIUM_USZ/h5ad_preprocessed/LC2.h5ad	2935	f442232881a51bd1f0d6f2d621a7d22616ef8bab3f08c0c0894c4c2096025199	INDEX_VALUE_PINNED
TLS_VISIUM_USZ::LC3	data/other_sources/zenodo_usz_tls_visium/TLS_VISIUM_USZ/h5ad_preprocessed/LC3.h5ad	3780	33159f62029a6be82a052f11bdd20763e8b7b4f126e38fde98e58585b0555a29	INDEX_VALUE_PINNED
TLS_VISIUM_USZ::LC4	data/other_sources/zenodo_usz_tls_visium/TLS_VISIUM_USZ/h5ad_preprocessed/LC4.h5ad	2939	1bc17eaf200fcf135c638b65b863e8e4d8465ae2048117f87b2d3ec0ada44533	INDEX_VALUE_PINNED
TLS_VISIUM_USZ::LC5	data/other_sources/zenodo_usz_tls_visium/TLS_VISIUM_USZ/h5ad_preprocessed/LC5.h5ad	2017	ab987843d62ee31b73fae82da99e2719be74ea71e9a749f2b3884a425a719c72	INDEX_VALUE_PINNED
external_geo::GSM5924030	data/GEO/GSE175540/raw/GSM5924030_ffpe_c_2_tissue_positions_list.csv.gz	4510	c06cabf1fd62e9deeea10d9a147a3ceb871a93d52fc17e74b00709f7dc3c3de3	INDEX_VALUE_PINNED
external_geo::GSM5924031	data/GEO/GSE175540/raw/GSM5924031_ffpe_c_3_tissue_positions_list.csv.gz	4755	1dad28b8673e47f24684995f5d2eecf8684267eec3c85949d18c80e51e2b16e1	INDEX_VALUE_PINNED
external_geo::GSM5924032	data/GEO/GSE175540/raw/GSM5924032_ffpe_c_4_tissue_positions_list.csv.gz	3829	82091fb6a54fb1ea2a9d4e068b5a68447255f359a0b64cf1a3f2123e7fc48cf6	INDEX_VALUE_PINNED
external_geo::GSM5924033	data/GEO/GSE175540/raw/GSM5924033_ffpe_c_7_tissue_positions_list.csv.gz	4975	62f70384d90ff56c946b4db5eb17b082303cc1c342c95c51bcfa1dab419f942f	INDEX_VALUE_PINNED
external_geo::GSM5924035	data/GEO/GSE175540/raw/GSM5924035_ffpe_c_20_tissue_positions_list.csv.gz	4948	5f36108d936954606b061a93f0116f00fe0d50946dccc0d8dc60eed160c3b702	INDEX_VALUE_PINNED
external_geo::GSM5924036	data/GEO/GSE175540/raw/GSM5924036_ffpe_c_21_tissue_positions_list.csv.gz	4915	c3770b627345a3ce27b9ef6e2bc003bbac70673f9c4175f893c5be242f4b996a	INDEX_VALUE_PINNED
external_geo::GSM5924037	data/GEO/GSE175540/raw/GSM5924037_ffpe_c_34_tissue_positions_list.csv.gz	3585	80db06f638e3c034fef9af76f5ded5d47dbd252a5fd2e2a2361a68e146ede1bc	INDEX_VALUE_PINNED
external_geo::GSM5924038	data/GEO/GSE175540/raw/GSM5924038_ffpe_c_36_tissue_positions_list.csv.gz	3206	2d960fbcc20bc357fe32b3afb2162c6657bdcdc7db301af962b1ce3f4f3aaeec	INDEX_VALUE_PINNED
external_geo::GSM5924039	data/GEO/GSE175540/raw/GSM5924039_ffpe_c_39_tissue_positions_list.csv.gz	4940	d462f429dcf2d4fbfe313f068e59236d414838524426c671e7f62f8c24c5f8db	INDEX_VALUE_PINNED
external_geo::GSM5924040	data/GEO/GSE175540/raw/GSM5924040_ffpe_c_45_tissue_positions_list.csv.gz	4562	3c6935bd68c6ce6bd693d7c41d6ca38b8f12d3fd67b016b3f3cae621c2c99216	INDEX_VALUE_PINNED
external_geo::GSM5924041	data/GEO/GSE175540/raw/GSM5924041_ffpe_c_51_tissue_positions_list.csv.gz	4359	80edd9dad28642ea76ff83ca9222a26c86f3618c1e5b3f1a02ea7c194e713529	INDEX_VALUE_PINNED
external_geo::GSM5924042	data/GEO/GSE175540/raw/GSM5924042_frozen_a_1_tissue_positions_list.csv.gz	1451	98af6f3d08bdc400ec56100d7e31477393d914cacc858ba364b2778d4ce89f09	INDEX_VALUE_PINNED
external_geo::GSM5924043	data/GEO/GSE175540/raw/GSM5924043_frozen_a_3_tissue_positions_list.csv.gz	1439	4c4ef4a3cf2f82f695747dd4ba3ac016a068e5d24502131f56f11ad9cde1dbad	INDEX_VALUE_PINNED
external_geo::GSM5924044	data/GEO/GSE175540/raw/GSM5924044_frozen_a_15_tissue_positions_list.csv.gz	1983	ab543b0b0e12e443adea10df5219cbfc2c1367ce4c7a4f14946f37747a5b4047	INDEX_VALUE_PINNED
external_geo::GSM5924045	data/GEO/GSE175540/raw/GSM5924045_frozen_a_17_tissue_positions_list.csv.gz	1696	4a102921d09978b435152dc2745e724be331a840e1fc8b0bbd072cc350d1b392	INDEX_VALUE_PINNED
external_geo::GSM5924046	data/GEO/GSE175540/raw/GSM5924046_frozen_b_1_tissue_positions_list.csv.gz	1949	04876f48ca41ca4183c44373161b826cbb1a391c2a83f7324a422a46ed367ec2	INDEX_VALUE_PINNED
external_geo::GSM5924047	data/GEO/GSE175540/raw/GSM5924047_frozen_b_7_tissue_positions_list.csv.gz	2374	6810f1be471c08795b730d6b868552c3a231d98017f45c1a9fce4098f7604fe8	INDEX_VALUE_PINNED
external_geo::GSM5924048	data/GEO/GSE175540/raw/GSM5924048_frozen_b_13_tissue_positions_list.csv.gz	1678	9c6709fc3b627b93e21fdcfa5c91d8a3448ee79bb43c185ad43f69ed43b83173	INDEX_VALUE_PINNED
external_geo::GSM5924049	data/GEO/GSE175540/raw/GSM5924049_frozen_b_18_tissue_positions_list.csv.gz	1186	7da4ab2a87016c484d3c084c73519514ce9f0dfa49178ac7fab0d2b4f2b2d46c	INDEX_VALUE_PINNED
external_geo::GSM5924050	data/GEO/GSE175540/raw/GSM5924050_frozen_c_2_tissue_positions_list.csv.gz	1349	75c12cdde14f26c4c106acf0ea525cf29c73143161669b4af9ce74eeda33e738	INDEX_VALUE_PINNED
external_geo::GSM5924051	data/GEO/GSE175540/raw/GSM5924051_frozen_c_5_tissue_positions_list.csv.gz	2007	6c96498dfdf089a2bba5c18bfedb7c3bd67d683a45635d93093dc925aba19265	INDEX_VALUE_PINNED
external_geo::GSM5924052	data/GEO/GSE175540/raw/GSM5924052_frozen_c_23_tissue_positions_list.csv.gz	2580	b8ad97bbafb4df084a8e3c611a35576f80295ceab5219c2a3859f626564a7599	INDEX_VALUE_PINNED
external_geo::GSM5924053	data/GEO/GSE175540/raw/GSM5924053_frozen_c_57_tissue_positions_list.csv.gz	1084	4d7b63e29c9a2868fbb7f3d16171ba349ebad0f58d1856b02a1c1f2b27bf55c5	INDEX_VALUE_PINNED
