physical_unit_id	logical_unit_id	patient_id	block_id	physical_specimen_id	identity_granularity	identity_envelope_id	block_group_id	leakage_group_id	primary_role	outer_fold	block_level_eligible	split_status
HTAN::6723_KL_1_filtered_trimmed.h5ad	HTAN_VANDERBILT_CRC	HTAN_VANDERBILT_CRC::PATIENT::4aa571d63ab1aa20	HTAN_VANDERBILT_CRC::BLOCK::c92024d67e7094bc		explicit_patient_block	patient_envelope::HTAN_VANDERBILT_CRC::HTAN_VANDERBILT_CRC::PATIENT::4aa571d63ab1aa20	block::HTAN_VANDERBILT_CRC::BLOCK::c92024d67e7094bc	LINEAGE::HTAN_VANDERBILT_CRC	training	training::293e59058f7e	yes	FROZEN_R02
HTAN::6723_KL_2_filtered_trimmed.h5ad	HTAN_VANDERBILT_CRC	HTAN_VANDERBILT_CRC::PATIENT::4aa571d63ab1aa20	HTAN_VANDERBILT_CRC::BLOCK::c92024d67e7094bc		explicit_patient_block	patient_envelope::HTAN_VANDERBILT_CRC::HTAN_VANDERBILT_CRC::PATIENT::4aa571d63ab1aa20	block::HTAN_VANDERBILT_CRC::BLOCK::c92024d67e7094bc	LINEAGE::HTAN_VANDERBILT_CRC	training	training::293e59058f7e	yes	FROZEN_R02
HTAN::6723_KL_3_filtered_trimmed.h5ad	HTAN_VANDERBILT_CRC	HTAN_VANDERBILT_CRC::PATIENT::4aa571d63ab1aa20	HTAN_VANDERBILT_CRC::BLOCK::c92024d67e7094bc		explicit_patient_block	patient_envelope::HTAN_VANDERBILT_CRC::HTAN_VANDERBILT_CRC::PATIENT::4aa571d63ab1aa20	block::HTAN_VANDERBILT_CRC::BLOCK::c92024d67e7094bc	LINEAGE::HTAN_VANDERBILT_CRC	training	training::293e59058f7e	yes	FROZEN_R02
HTAN::6723_KL_4_filtered_trimmed.h5ad	HTAN_VANDERBILT_CRC	HTAN_VANDERBILT_CRC::PATIENT::4aa571d63ab1aa20	HTAN_VANDERBILT_CRC::BLOCK::a84ce559e0584928		explicit_patient_block	patient_envelope::HTAN_VANDERBILT_CRC::HTAN_VANDERBILT_CRC::PATIENT::4aa571d63ab1aa20	block::HTAN_VANDERBILT_CRC::BLOCK::a84ce559e0584928	LINEAGE::HTAN_VANDERBILT_CRC	training	training::293e59058f7e	yes	FROZEN_R02
HTAN::7003_AS_1_filtered_trimmed.h5ad	HTAN_VANDERBILT_CRC	HTAN_VANDERBILT_CRC::PATIENT::0def2e0b01043545	HTAN_VANDERBILT_CRC::BLOCK::af4b3a9c9bb14278		explicit_patient_block	patient_envelope::HTAN_VANDERBILT_CRC::HTAN_VANDERBILT_CRC::PATIENT::0def2e0b01043545	block::HTAN_VANDERBILT_CRC::BLOCK::af4b3a9c9bb14278	LINEAGE::HTAN_VANDERBILT_CRC	training	training::ac062dd780d7	yes	FROZEN_R02
HTAN::7003_AS_2_filtered_trimmed.h5ad	HTAN_VANDERBILT_CRC	HTAN_VANDERBILT_CRC::PATIENT::0def2e0b01043545	HTAN_VANDERBILT_CRC::BLOCK::af4b3a9c9bb14278		explicit_patient_block	patient_envelope::HTAN_VANDERBILT_CRC::HTAN_VANDERBILT_CRC::PATIENT::0def2e0b01043545	block::HTAN_VANDERBILT_CRC::BLOCK::af4b3a9c9bb14278	LINEAGE::HTAN_VANDERBILT_CRC	training	training::ac062dd780d7	yes	FROZEN_R02
HTAN::7003_AS_3_filtered_trimmed.h5ad	HTAN_VANDERBILT_CRC	HTAN_VANDERBILT_CRC::PATIENT::7032fa6644896b13	HTAN_VANDERBILT_CRC::BLOCK::32a452c0ae678140		explicit_patient_block	patient_envelope::HTAN_VANDERBILT_CRC::HTAN_VANDERBILT_CRC::PATIENT::7032fa6644896b13	block::HTAN_VANDERBILT_CRC::BLOCK::32a452c0ae678140	LINEAGE::HTAN_VANDERBILT_CRC	training	training::f12790e2b038	yes	FROZEN_R02
HTAN::7003_AS_4_filtered_trimmed.h5ad	HTAN_VANDERBILT_CRC	HTAN_VANDERBILT_CRC::PATIENT::7032fa6644896b13	HTAN_VANDERBILT_CRC::BLOCK::32a452c0ae678140		explicit_patient_block	patient_envelope::HTAN_VANDERBILT_CRC::HTAN_VANDERBILT_CRC::PATIENT::7032fa6644896b13	block::HTAN_VANDERBILT_CRC::BLOCK::32a452c0ae678140	LINEAGE::HTAN_VANDERBILT_CRC	training	training::f12790e2b038	yes	FROZEN_R02
HTAN::7003_AS_5_filtered_trimmed.h5ad	HTAN_VANDERBILT_CRC	HTAN_VANDERBILT_CRC::PATIENT::0bd3490036cbd4de	HTAN_VANDERBILT_CRC::BLOCK::5d8692c0b033416e		explicit_patient_block	patient_envelope::HTAN_VANDERBILT_CRC::HTAN_VANDERBILT_CRC::PATIENT::0bd3490036cbd4de	block::HTAN_VANDERBILT_CRC::BLOCK::5d8692c0b033416e	LINEAGE::HTAN_VANDERBILT_CRC	training	training::e45380892b7e	yes	FROZEN_R02
HTAN::7003_AS_6_filtered_trimmed.h5ad	HTAN_VANDERBILT_CRC	HTAN_VANDERBILT_CRC::PATIENT::0bd3490036cbd4de	HTAN_VANDERBILT_CRC::BLOCK::5d8692c0b033416e		explicit_patient_block	patient_envelope::HTAN_VANDERBILT_CRC::HTAN_VANDERBILT_CRC::PATIENT::0bd3490036cbd4de	block::HTAN_VANDERBILT_CRC::BLOCK::5d8692c0b033416e	LINEAGE::HTAN_VANDERBILT_CRC	training	training::e45380892b7e	yes	FROZEN_R02
HTAN::7003_AS_8_filtered_trimmed.h5ad	HTAN_VANDERBILT_CRC	HTAN_VANDERBILT_CRC::PATIENT::e52fa79982a9ecea	HTAN_VANDERBILT_CRC::BLOCK::8e43058fbef34f6e		explicit_patient_block	patient_envelope::HTAN_VANDERBILT_CRC::HTAN_VANDERBILT_CRC::PATIENT::e52fa79982a9ecea	block::HTAN_VANDERBILT_CRC::BLOCK::8e43058fbef34f6e	LINEAGE::HTAN_VANDERBILT_CRC	training	training::9aa6894c87e5	yes	FROZEN_R02
HTAN::7319_AS_2_filtered_trimmed.h5ad	HTAN_VANDERBILT_CRC	HTAN_VANDERBILT_CRC::PATIENT::42db69b0c0fe9511	HTAN_VANDERBILT_CRC::BLOCK::9ef322c74b6af968		explicit_patient_block	patient_envelope::HTAN_VANDERBILT_CRC::HTAN_VANDERBILT_CRC::PATIENT::42db69b0c0fe9511	block::HTAN_VANDERBILT_CRC::BLOCK::9ef322c74b6af968	LINEAGE::HTAN_VANDERBILT_CRC	training	training::9848b30194aa	yes	FROZEN_R02
HTAN::7319_AS_3_filtered_trimmed.h5ad	HTAN_VANDERBILT_CRC	HTAN_VANDERBILT_CRC::PATIENT::6aea40a35e6c4335	HTAN_VANDERBILT_CRC::BLOCK::7bf1b82385881727		explicit_patient_block	patient_envelope::HTAN_VANDERBILT_CRC::HTAN_VANDERBILT_CRC::PATIENT::6aea40a35e6c4335	block::HTAN_VANDERBILT_CRC::BLOCK::7bf1b82385881727	LINEAGE::HTAN_VANDERBILT_CRC	training	training::f51884e7a818	yes	FROZEN_R02
HTAN::7319_AS_4_filtered_trimmed.h5ad	HTAN_VANDERBILT_CRC	HTAN_VANDERBILT_CRC::PATIENT::c0b1b19d533645cb	HTAN_VANDERBILT_CRC::BLOCK::c0c24611b234be9a		explicit_patient_block	patient_envelope::HTAN_VANDERBILT_CRC::HTAN_VANDERBILT_CRC::PATIENT::c0b1b19d533645cb	block::HTAN_VANDERBILT_CRC::BLOCK::c0c24611b234be9a	LINEAGE::HTAN_VANDERBILT_CRC	training	training::25ceabcf8e82	yes	FROZEN_R02
HTAN::7794_AS_1_filtered_trimmed_WD33476.h5ad	HTAN_VANDERBILT_CRC	HTAN_VANDERBILT_CRC::PATIENT::94567531ae08aa59	HTAN_VANDERBILT_CRC::BLOCK::0f9098457bbf2b3e		explicit_patient_block	patient_envelope::HTAN_VANDERBILT_CRC::HTAN_VANDERBILT_CRC::PATIENT::94567531ae08aa59	block::HTAN_VANDERBILT_CRC::BLOCK::0f9098457bbf2b3e	LINEAGE::HTAN_VANDERBILT_CRC	training	training::f4202db577db	yes	FROZEN_R02
HTAN::7794_AS_1_filtered_trimmed_WD33479.h5ad	HTAN_VANDERBILT_CRC	HTAN_VANDERBILT_CRC::PATIENT::9af051af377d9c81	HTAN_VANDERBILT_CRC::BLOCK::596b3a82b1f78d7c		explicit_patient_block	patient_envelope::HTAN_VANDERBILT_CRC::HTAN_VANDERBILT_CRC::PATIENT::9af051af377d9c81	block::HTAN_VANDERBILT_CRC::BLOCK::596b3a82b1f78d7c	LINEAGE::HTAN_VANDERBILT_CRC	training	training::bc073b293d95	yes	FROZEN_R02
HTAN::7794_AS_2_filtered_trimmed_WD33468.h5ad	HTAN_VANDERBILT_CRC	HTAN_VANDERBILT_CRC::PATIENT::bbd41350b0c0bd3c	HTAN_VANDERBILT_CRC::BLOCK::c364d86a00f53bc0		explicit_patient_block	patient_envelope::HTAN_VANDERBILT_CRC::HTAN_VANDERBILT_CRC::PATIENT::bbd41350b0c0bd3c	block::HTAN_VANDERBILT_CRC::BLOCK::c364d86a00f53bc0	LINEAGE::HTAN_VANDERBILT_CRC	training	training::b5d2f48e8c76	yes	FROZEN_R02
HTAN::7794_AS_2_filtered_trimmed_WD33475.h5ad	HTAN_VANDERBILT_CRC	HTAN_VANDERBILT_CRC::PATIENT::5a3d3a5b1d783fe6	HTAN_VANDERBILT_CRC::BLOCK::43dd815b592dfeff		explicit_patient_block	patient_envelope::HTAN_VANDERBILT_CRC::HTAN_VANDERBILT_CRC::PATIENT::5a3d3a5b1d783fe6	block::HTAN_VANDERBILT_CRC::BLOCK::43dd815b592dfeff	LINEAGE::HTAN_VANDERBILT_CRC	training	training::c63fff11a13a	yes	FROZEN_R02
HTAN::7794_AS_3_filtered_trimmed.h5ad	HTAN_VANDERBILT_CRC	HTAN_VANDERBILT_CRC::PATIENT::306c7a068bf4965f	HTAN_VANDERBILT_CRC::BLOCK::c4a27621ce00a66e		explicit_patient_block	patient_envelope::HTAN_VANDERBILT_CRC::HTAN_VANDERBILT_CRC::PATIENT::306c7a068bf4965f	block::HTAN_VANDERBILT_CRC::BLOCK::c4a27621ce00a66e	LINEAGE::HTAN_VANDERBILT_CRC	training	training::2216f913f42c	yes	FROZEN_R02
HTAN::8270_AS_10_filtered_trimmed.h5ad	HTAN_VANDERBILT_CRC	HTAN_VANDERBILT_CRC::PATIENT::15c4be5f5e924870	HTAN_VANDERBILT_CRC::BLOCK::f98b9c45e22b0189		explicit_patient_block	patient_envelope::HTAN_VANDERBILT_CRC::HTAN_VANDERBILT_CRC::PATIENT::15c4be5f5e924870	block::HTAN_VANDERBILT_CRC::BLOCK::f98b9c45e22b0189	LINEAGE::HTAN_VANDERBILT_CRC	training	training::51390c8a3069	yes	FROZEN_R02
HTAN::8270_AS_11_filtered_trimmed.h5ad	HTAN_VANDERBILT_CRC	HTAN_VANDERBILT_CRC::PATIENT::4f81822a6f2ecd63	HTAN_VANDERBILT_CRC::BLOCK::51bf8363c2cdb494		explicit_patient_block	patient_envelope::HTAN_VANDERBILT_CRC::HTAN_VANDERBILT_CRC::PATIENT::4f81822a6f2ecd63	block::HTAN_VANDERBILT_CRC::BLOCK::51bf8363c2cdb494	LINEAGE::HTAN_VANDERBILT_CRC	training	training::890243afe9cc	yes	FROZEN_R02
HTAN::8270_AS_12_filtered_trimmed.h5ad	HTAN_VANDERBILT_CRC	HTAN_VANDERBILT_CRC::PATIENT::4f81822a6f2ecd63	HTAN_VANDERBILT_CRC::BLOCK::51bf8363c2cdb494		explicit_patient_block	patient_envelope::HTAN_VANDERBILT_CRC::HTAN_VANDERBILT_CRC::PATIENT::4f81822a6f2ecd63	block::HTAN_VANDERBILT_CRC::BLOCK::51bf8363c2cdb494	LINEAGE::HTAN_VANDERBILT_CRC	training	training::890243afe9cc	yes	FROZEN_R02
HTAN::8270_AS_1_filtered_trimmed.h5ad	HTAN_VANDERBILT_CRC	HTAN_VANDERBILT_CRC::PATIENT::283e577e68cd34cf	HTAN_VANDERBILT_CRC::BLOCK::14d93cda2705ed02		explicit_patient_block	patient_envelope::HTAN_VANDERBILT_CRC::HTAN_VANDERBILT_CRC::PATIENT::283e577e68cd34cf	block::HTAN_VANDERBILT_CRC::BLOCK::14d93cda2705ed02	LINEAGE::HTAN_VANDERBILT_CRC	training	training::82f113bab8c7	yes	FROZEN_R02
HTAN::8270_AS_2_filtered_trimmed.h5ad	HTAN_VANDERBILT_CRC	HTAN_VANDERBILT_CRC::PATIENT::07dc676d92f9d153	HTAN_VANDERBILT_CRC::BLOCK::001325fc9c03672f		explicit_patient_block	patient_envelope::HTAN_VANDERBILT_CRC::HTAN_VANDERBILT_CRC::PATIENT::07dc676d92f9d153	block::HTAN_VANDERBILT_CRC::BLOCK::001325fc9c03672f	LINEAGE::HTAN_VANDERBILT_CRC	training	training::6b8142ad2935	yes	FROZEN_R02
HTAN::8270_AS_3_filtered_trimmed.h5ad	HTAN_VANDERBILT_CRC	HTAN_VANDERBILT_CRC::PATIENT::8abcbad99198901e	HTAN_VANDERBILT_CRC::BLOCK::6e612a7ae67a3a0e		explicit_patient_block	patient_envelope::HTAN_VANDERBILT_CRC::HTAN_VANDERBILT_CRC::PATIENT::8abcbad99198901e	block::HTAN_VANDERBILT_CRC::BLOCK::6e612a7ae67a3a0e	LINEAGE::HTAN_VANDERBILT_CRC	training	training::39bca19c92c6	yes	FROZEN_R02
HTAN::8270_AS_5_filtered_trimmed.h5ad	HTAN_VANDERBILT_CRC	HTAN_VANDERBILT_CRC::PATIENT::b279c0a0ecf76890	HTAN_VANDERBILT_CRC::BLOCK::2b02e347e714b565		explicit_patient_block	patient_envelope::HTAN_VANDERBILT_CRC::HTAN_VANDERBILT_CRC::PATIENT::b279c0a0ecf76890	block::HTAN_VANDERBILT_CRC::BLOCK::2b02e347e714b565	LINEAGE::HTAN_VANDERBILT_CRC	training	training::2865689ab84c	yes	FROZEN_R02
HTAN::8270_AS_6_filtered_trimmed.h5ad	HTAN_VANDERBILT_CRC	HTAN_VANDERBILT_CRC::PATIENT::8d0d8f21b233f35b	HTAN_VANDERBILT_CRC::BLOCK::4ec98b1efd1d21fc		explicit_patient_block	patient_envelope::HTAN_VANDERBILT_CRC::HTAN_VANDERBILT_CRC::PATIENT::8d0d8f21b233f35b	block::HTAN_VANDERBILT_CRC::BLOCK::4ec98b1efd1d21fc	LINEAGE::HTAN_VANDERBILT_CRC	training	training::54e32979428f	yes	FROZEN_R02
HTAN::8270_AS_7_filtered_trimmed.h5ad	HTAN_VANDERBILT_CRC	HTAN_VANDERBILT_CRC::PATIENT::8d0d8f21b233f35b	HTAN_VANDERBILT_CRC::BLOCK::4ec98b1efd1d21fc		explicit_patient_block	patient_envelope::HTAN_VANDERBILT_CRC::HTAN_VANDERBILT_CRC::PATIENT::8d0d8f21b233f35b	block::HTAN_VANDERBILT_CRC::BLOCK::4ec98b1efd1d21fc	LINEAGE::HTAN_VANDERBILT_CRC	training	training::54e32979428f	yes	FROZEN_R02
HTAN::8270_AS_8_filtered_trimmed.h5ad	HTAN_VANDERBILT_CRC	HTAN_VANDERBILT_CRC::PATIENT::46cd4bcce25745d5	HTAN_VANDERBILT_CRC::BLOCK::c17a41778d9af602		explicit_patient_block	patient_envelope::HTAN_VANDERBILT_CRC::HTAN_VANDERBILT_CRC::PATIENT::46cd4bcce25745d5	block::HTAN_VANDERBILT_CRC::BLOCK::c17a41778d9af602	LINEAGE::HTAN_VANDERBILT_CRC	training	training::5c348bcdbde8	yes	FROZEN_R02
HTAN::8270_AS_9_filtered_trimmed.h5ad	HTAN_VANDERBILT_CRC	HTAN_VANDERBILT_CRC::PATIENT::1cdbf9c9f9ca1d51	HTAN_VANDERBILT_CRC::BLOCK::8da98730391b62e3		explicit_patient_block	patient_envelope::HTAN_VANDERBILT_CRC::HTAN_VANDERBILT_CRC::PATIENT::1cdbf9c9f9ca1d51	block::HTAN_VANDERBILT_CRC::BLOCK::8da98730391b62e3	LINEAGE::HTAN_VANDERBILT_CRC	training	training::a02a0a7aea10	yes	FROZEN_R02
HTAN::8578_AS_1_filtered_trimmed_WD33469.h5ad	HTAN_VANDERBILT_CRC	HTAN_VANDERBILT_CRC::PATIENT::82a1eb08b47e14fe	HTAN_VANDERBILT_CRC::BLOCK::61d4e4640994b028		explicit_patient_block	patient_envelope::HTAN_VANDERBILT_CRC::HTAN_VANDERBILT_CRC::PATIENT::82a1eb08b47e14fe	block::HTAN_VANDERBILT_CRC::BLOCK::61d4e4640994b028	LINEAGE::HTAN_VANDERBILT_CRC	training	training::620404f959d1	yes	FROZEN_R02
HTAN::8578_AS_1_filtered_trimmed_WD33473.h5ad	HTAN_VANDERBILT_CRC	HTAN_VANDERBILT_CRC::PATIENT::2660ebb0a070d36e	HTAN_VANDERBILT_CRC::BLOCK::31cb9c4d65cb7362		explicit_patient_block	patient_envelope::HTAN_VANDERBILT_CRC::HTAN_VANDERBILT_CRC::PATIENT::2660ebb0a070d36e	block::HTAN_VANDERBILT_CRC::BLOCK::31cb9c4d65cb7362	LINEAGE::HTAN_VANDERBILT_CRC	training	training::070083bf2c55	yes	FROZEN_R02
HTAN::8578_AS_1_filtered_trimmed_WD33474.h5ad	HTAN_VANDERBILT_CRC	HTAN_VANDERBILT_CRC::PATIENT::772733d53add12a2	HTAN_VANDERBILT_CRC::BLOCK::d3c6372bfbb17eda		explicit_patient_block	patient_envelope::HTAN_VANDERBILT_CRC::HTAN_VANDERBILT_CRC::PATIENT::772733d53add12a2	block::HTAN_VANDERBILT_CRC::BLOCK::d3c6372bfbb17eda	LINEAGE::HTAN_VANDERBILT_CRC	training	training::7b8a9915d61a	yes	FROZEN_R02
HTAN::8578_AS_2_filtered_trimmed_WD84216.h5ad	HTAN_VANDERBILT_CRC	HTAN_VANDERBILT_CRC::PATIENT::4f81822a6f2ecd63	HTAN_VANDERBILT_CRC::BLOCK::51bf8363c2cdb494		explicit_patient_block	patient_envelope::HTAN_VANDERBILT_CRC::HTAN_VANDERBILT_CRC::PATIENT::4f81822a6f2ecd63	block::HTAN_VANDERBILT_CRC::BLOCK::51bf8363c2cdb494	LINEAGE::HTAN_VANDERBILT_CRC	training	training::890243afe9cc	yes	FROZEN_R02
HTAN::8578_AS_2_filtered_trimmed_WD84226.h5ad	HTAN_VANDERBILT_CRC	HTAN_VANDERBILT_CRC::PATIENT::15c4be5f5e924870	HTAN_VANDERBILT_CRC::BLOCK::f98b9c45e22b0189		explicit_patient_block	patient_envelope::HTAN_VANDERBILT_CRC::HTAN_VANDERBILT_CRC::PATIENT::15c4be5f5e924870	block::HTAN_VANDERBILT_CRC::BLOCK::f98b9c45e22b0189	LINEAGE::HTAN_VANDERBILT_CRC	training	training::51390c8a3069	yes	FROZEN_R02
HTAN::8578_AS_2_filtered_trimmed_WD84594.h5ad	HTAN_VANDERBILT_CRC	HTAN_VANDERBILT_CRC::PATIENT::1cdbf9c9f9ca1d51	HTAN_VANDERBILT_CRC::BLOCK::8da98730391b62e3		explicit_patient_block	patient_envelope::HTAN_VANDERBILT_CRC::HTAN_VANDERBILT_CRC::PATIENT::1cdbf9c9f9ca1d51	block::HTAN_VANDERBILT_CRC::BLOCK::8da98730391b62e3	LINEAGE::HTAN_VANDERBILT_CRC	training	training::a02a0a7aea10	yes	FROZEN_R02
HTAN::8578_AS_3_filtered_trimmed_WD84221.h5ad	HTAN_VANDERBILT_CRC	HTAN_VANDERBILT_CRC::PATIENT::306c7a068bf4965f	HTAN_VANDERBILT_CRC::BLOCK::c4a27621ce00a66e		explicit_patient_block	patient_envelope::HTAN_VANDERBILT_CRC::HTAN_VANDERBILT_CRC::PATIENT::306c7a068bf4965f	block::HTAN_VANDERBILT_CRC::BLOCK::c4a27621ce00a66e	LINEAGE::HTAN_VANDERBILT_CRC	training	training::2216f913f42c	yes	FROZEN_R02
HTAN::8578_AS_3_filtered_trimmed_WD84596.h5ad	HTAN_VANDERBILT_CRC	HTAN_VANDERBILT_CRC::PATIENT::46cd4bcce25745d5	HTAN_VANDERBILT_CRC::BLOCK::c17a41778d9af602		explicit_patient_block	patient_envelope::HTAN_VANDERBILT_CRC::HTAN_VANDERBILT_CRC::PATIENT::46cd4bcce25745d5	block::HTAN_VANDERBILT_CRC::BLOCK::c17a41778d9af602	LINEAGE::HTAN_VANDERBILT_CRC	training	training::5c348bcdbde8	yes	FROZEN_R02
HTAN::8578_AS_4_filtered_trimmed.h5ad	HTAN_VANDERBILT_CRC	HTAN_VANDERBILT_CRC::PATIENT::3e050f81f3d36d48	HTAN_VANDERBILT_CRC::BLOCK::550b83604599573d		explicit_patient_block	patient_envelope::HTAN_VANDERBILT_CRC::HTAN_VANDERBILT_CRC::PATIENT::3e050f81f3d36d48	block::HTAN_VANDERBILT_CRC::BLOCK::550b83604599573d	LINEAGE::HTAN_VANDERBILT_CRC	training	training::695dfccc8f85	yes	FROZEN_R02
HTAN::8899_AS_1_filtered_trimmed.h5ad	HTAN_VANDERBILT_CRC	HTAN_VANDERBILT_CRC::PATIENT::51764d2ec560e464	HTAN_VANDERBILT_CRC::BLOCK::eb8e70c123c1bb62		explicit_patient_block	patient_envelope::HTAN_VANDERBILT_CRC::HTAN_VANDERBILT_CRC::PATIENT::51764d2ec560e464	block::HTAN_VANDERBILT_CRC::BLOCK::eb8e70c123c1bb62	LINEAGE::HTAN_VANDERBILT_CRC	training	training::e86fd573e0e2	yes	FROZEN_R02
HTAN::8899_AS_2_filtered_trimmed.h5ad	HTAN_VANDERBILT_CRC	HTAN_VANDERBILT_CRC::PATIENT::51764d2ec560e464	HTAN_VANDERBILT_CRC::BLOCK::eb8e70c123c1bb62		explicit_patient_block	patient_envelope::HTAN_VANDERBILT_CRC::HTAN_VANDERBILT_CRC::PATIENT::51764d2ec560e464	block::HTAN_VANDERBILT_CRC::BLOCK::eb8e70c123c1bb62	LINEAGE::HTAN_VANDERBILT_CRC	training	training::e86fd573e0e2	yes	FROZEN_R02
HTAN::8899_AS_3_filtered_trimmed.h5ad	HTAN_VANDERBILT_CRC	HTAN_VANDERBILT_CRC::PATIENT::c591c5e150910f33	HTAN_VANDERBILT_CRC::BLOCK::0e325835a6eb2bfb		explicit_patient_block	patient_envelope::HTAN_VANDERBILT_CRC::HTAN_VANDERBILT_CRC::PATIENT::c591c5e150910f33	block::HTAN_VANDERBILT_CRC::BLOCK::0e325835a6eb2bfb	LINEAGE::HTAN_VANDERBILT_CRC	training	training::7d0637ad9f24	yes	FROZEN_R02
HTAN::8899_AS_4_filtered_trimmed.h5ad	HTAN_VANDERBILT_CRC	HTAN_VANDERBILT_CRC::PATIENT::c591c5e150910f33	HTAN_VANDERBILT_CRC::BLOCK::0e325835a6eb2bfb		explicit_patient_block	patient_envelope::HTAN_VANDERBILT_CRC::HTAN_VANDERBILT_CRC::PATIENT::c591c5e150910f33	block::HTAN_VANDERBILT_CRC::BLOCK::0e325835a6eb2bfb	LINEAGE::HTAN_VANDERBILT_CRC	training	training::7d0637ad9f24	yes	FROZEN_R02
HTAN::8899_AS_5_filtered_trimmed.h5ad	HTAN_VANDERBILT_CRC	HTAN_VANDERBILT_CRC::PATIENT::a29ba9b1cd4cf508	HTAN_VANDERBILT_CRC::BLOCK::82a08620f0e78dfd		explicit_patient_block	patient_envelope::HTAN_VANDERBILT_CRC::HTAN_VANDERBILT_CRC::PATIENT::a29ba9b1cd4cf508	block::HTAN_VANDERBILT_CRC::BLOCK::82a08620f0e78dfd	LINEAGE::HTAN_VANDERBILT_CRC	training	training::5ebc7da6e358	yes	FROZEN_R02
HTAN::8899_AS_6_filtered_trimmed.h5ad	HTAN_VANDERBILT_CRC	HTAN_VANDERBILT_CRC::PATIENT::a29ba9b1cd4cf508	HTAN_VANDERBILT_CRC::BLOCK::82a08620f0e78dfd		explicit_patient_block	patient_envelope::HTAN_VANDERBILT_CRC::HTAN_VANDERBILT_CRC::PATIENT::a29ba9b1cd4cf508	block::HTAN_VANDERBILT_CRC::BLOCK::82a08620f0e78dfd	LINEAGE::HTAN_VANDERBILT_CRC	training	training::5ebc7da6e358	yes	FROZEN_R02
HTAN::8899_AS_7_filtered_trimmed.h5ad	HTAN_VANDERBILT_CRC	HTAN_VANDERBILT_CRC::PATIENT::286667cab598bb4a	HTAN_VANDERBILT_CRC::BLOCK::ffe26a50e15987f9		explicit_patient_block	patient_envelope::HTAN_VANDERBILT_CRC::HTAN_VANDERBILT_CRC::PATIENT::286667cab598bb4a	block::HTAN_VANDERBILT_CRC::BLOCK::ffe26a50e15987f9	LINEAGE::HTAN_VANDERBILT_CRC	training	training::c7a49392aa48	yes	FROZEN_R02
HTAN::8899_AS_8_filtered_trimmed.h5ad	HTAN_VANDERBILT_CRC	HTAN_VANDERBILT_CRC::PATIENT::286667cab598bb4a	HTAN_VANDERBILT_CRC::BLOCK::ffe26a50e15987f9		explicit_patient_block	patient_envelope::HTAN_VANDERBILT_CRC::HTAN_VANDERBILT_CRC::PATIENT::286667cab598bb4a	block::HTAN_VANDERBILT_CRC::BLOCK::ffe26a50e15987f9	LINEAGE::HTAN_VANDERBILT_CRC	training	training::c7a49392aa48	yes	FROZEN_R02
TENX::V1_Breast_Cancer_Block_A_Section_1	TENX_V1_BREAST_CANCER_BLOCK_A	TENX_V1_BREAST_CANCER_BLOCK_A::PATIENT::575bdd5279729260	TENX_V1_BREAST_CANCER_BLOCK_A::BLOCK::8b7aa042f862ebb4		explicit_patient_block	patient_envelope::TENX_V1_BREAST_CANCER_BLOCK_A::TENX_V1_BREAST_CANCER_BLOCK_A::PATIENT::575bdd5279729260	block::TENX_V1_BREAST_CANCER_BLOCK_A::BLOCK::8b7aa042f862ebb4	LINEAGE::TENX_V1_BREAST_CANCER_BLOCK_A	serial_section_validation	serial_section_validation::d8e6899d4aad	yes	FROZEN_R02
TENX::V1_Breast_Cancer_Block_A_Section_2	TENX_V1_BREAST_CANCER_BLOCK_A	TENX_V1_BREAST_CANCER_BLOCK_A::PATIENT::575bdd5279729260	TENX_V1_BREAST_CANCER_BLOCK_A::BLOCK::8b7aa042f862ebb4		explicit_patient_block	patient_envelope::TENX_V1_BREAST_CANCER_BLOCK_A::TENX_V1_BREAST_CANCER_BLOCK_A::PATIENT::575bdd5279729260	block::TENX_V1_BREAST_CANCER_BLOCK_A::BLOCK::8b7aa042f862ebb4	LINEAGE::TENX_V1_BREAST_CANCER_BLOCK_A	serial_section_validation	serial_section_validation::d8e6899d4aad	yes	FROZEN_R02
external_geo::GSM6506110	GEO::GSE211956	GSE211956::P1		SAMN30478275	patient_linked_physical_specimen	patient_envelope::GEO::GSE211956::GSE211956::P1		lineage::PRJNA873051	external_validation	external_validation::fe28a2acd745	no	FROZEN_R02
external_geo::GSM6506111	GEO::GSE211956	GSE211956::P2		SAMN30478274	patient_linked_physical_specimen	patient_envelope::GEO::GSE211956::GSE211956::P2		lineage::PRJNA873051	external_validation	external_validation::2f3172307ce0	no	FROZEN_R02
external_geo::GSM6506112	GEO::GSE211956	GSE211956::P3		SAMN30478273	patient_linked_physical_specimen	patient_envelope::GEO::GSE211956::GSE211956::P3		lineage::PRJNA873051	external_validation	external_validation::7fffe3a29da3	no	FROZEN_R02
external_geo::GSM6506113	GEO::GSE211956	GSE211956::P4		SAMN30478272	patient_linked_physical_specimen	patient_envelope::GEO::GSE211956::GSE211956::P4		lineage::PRJNA873051	external_validation	external_validation::82f0a277877b	no	FROZEN_R02
external_geo::GSM6506114	GEO::GSE211956	GSE211956::P5		SAMN30478271	patient_linked_physical_specimen	patient_envelope::GEO::GSE211956::GSE211956::P5		lineage::PRJNA873051	external_validation	external_validation::20c12b7b0f6f	no	FROZEN_R02
external_geo::GSM6506115	GEO::GSE211956	GSE211956::P6		SAMN30478270	patient_linked_physical_specimen	patient_envelope::GEO::GSE211956::GSE211956::P6		lineage::PRJNA873051	external_validation	external_validation::03d43bc30d17	no	FROZEN_R02
external_geo::GSM6506116	GEO::GSE211956	GSE211956::P7		SAMN30478269	patient_linked_physical_specimen	patient_envelope::GEO::GSE211956::GSE211956::P7		lineage::PRJNA873051	external_validation	external_validation::974f3f70e402	no	FROZEN_R02
external_geo::GSM6506117	GEO::GSE211956	GSE211956::P8		SAMN30478268	patient_linked_physical_specimen	patient_envelope::GEO::GSE211956::GSE211956::P8		lineage::PRJNA873051	external_validation	external_validation::a86844900581	no	FROZEN_R02
external_geo::GSM7089855	GEO::GSE226997	GSE226997::P1		SAMN33698434	patient_linked_physical_specimen	patient_envelope::GEO::GSE226997::GSE226997::P1		lineage::PRJNA942633	internal_validation	internal_validation::58b7c5458f3a	no	FROZEN_R02
external_geo::GSM7089856	GEO::GSE226997	GSE226997::P2		SAMN33698433	patient_linked_physical_specimen	patient_envelope::GEO::GSE226997::GSE226997::P2		lineage::PRJNA942633	internal_validation	internal_validation::38e192282ff6	no	FROZEN_R02
external_geo::GSM7089857	GEO::GSE226997	GSE226997::P3		SAMN33698432	patient_linked_physical_specimen	patient_envelope::GEO::GSE226997::GSE226997::P3		lineage::PRJNA942633	internal_validation	internal_validation::80025d11bd37	no	FROZEN_R02
external_geo::GSM7089858	GEO::GSE226997	GSE226997::P4		SAMN33698431	patient_linked_physical_specimen	patient_envelope::GEO::GSE226997::GSE226997::P4		lineage::PRJNA942633	internal_validation	internal_validation::2777d00482e5	no	FROZEN_R02
external_geo::GSM8443449	GEO::GSE274103	GSE274103::P1		SAMN43059225	patient_linked_physical_specimen	patient_envelope::GEO::GSE274103::GSE274103::P1		lineage::PRJNA1144961	internal_validation	internal_validation::d1d55a48b14c	no	FROZEN_R02
external_geo::GSM8443450	GEO::GSE274103	GSE274103::P2		SAMN43059224	patient_linked_physical_specimen	patient_envelope::GEO::GSE274103::GSE274103::P2		lineage::PRJNA1144961	internal_validation	internal_validation::ae4914233d1b	no	FROZEN_R02
external_geo::GSM8443451	GEO::GSE274103	GSE274103::P3		SAMN43059223	patient_linked_physical_specimen	patient_envelope::GEO::GSE274103::GSE274103::P3		lineage::PRJNA1144961	internal_validation	internal_validation::65ee624fd68c	no	FROZEN_R02
external_geo::GSM8443452	GEO::GSE274103	GSE274103::P4		SAMN43059222	patient_linked_physical_specimen	patient_envelope::GEO::GSE274103::GSE274103::P4		lineage::PRJNA1144961	internal_validation	internal_validation::de04abeb4243	no	FROZEN_R02
external_geo::GSM8443453	GEO::GSE274103	GSE274103::P5		SAMN43059221	patient_linked_physical_specimen	patient_envelope::GEO::GSE274103::GSE274103::P5		lineage::PRJNA1144961	internal_validation	internal_validation::1f2d27fe958b	no	FROZEN_R02
external_geo::GSM8452847	GEO::GSE274557	GSE274557::P1		SAMN43154215	patient_linked_physical_specimen	patient_envelope::GEO::GSE274557::GSE274557::P1		lineage::PRJNA1147209	discovery	discovery::e626709422e8	no	FROZEN_R02
external_geo::GSM8452848	GEO::GSE274557	GSE274557::P1		SAMN43154214	patient_linked_physical_specimen	patient_envelope::GEO::GSE274557::GSE274557::P1		lineage::PRJNA1147209	discovery	discovery::e626709422e8	no	FROZEN_R02
external_geo::GSM8452849	GEO::GSE274557	GSE274557::P1		SAMN43154213	patient_linked_physical_specimen	patient_envelope::GEO::GSE274557::GSE274557::P1		lineage::PRJNA1147209	discovery	discovery::e626709422e8	no	FROZEN_R02
external_geo::GSM8452850	GEO::GSE274557	GSE274557::P2		SAMN43154212	patient_linked_physical_specimen	patient_envelope::GEO::GSE274557::GSE274557::P2		lineage::PRJNA1147209	discovery	discovery::8c303248ed77	no	FROZEN_R02
external_geo::GSM8452851	GEO::GSE274557	GSE274557::P2		SAMN43154211	patient_linked_physical_specimen	patient_envelope::GEO::GSE274557::GSE274557::P2		lineage::PRJNA1147209	discovery	discovery::8c303248ed77	no	FROZEN_R02
external_geo::GSM8452852	GEO::GSE274557	GSE274557::P2		SAMN43154210	patient_linked_physical_specimen	patient_envelope::GEO::GSE274557::GSE274557::P2		lineage::PRJNA1147209	discovery	discovery::8c303248ed77	no	FROZEN_R02
external_geo::GSM8452853	GEO::GSE274557	GSE274557::P3		SAMN43154209	patient_linked_physical_specimen	patient_envelope::GEO::GSE274557::GSE274557::P3		lineage::PRJNA1147209	discovery	discovery::030a75aec581	no	FROZEN_R02
external_geo::GSM8452854	GEO::GSE274557	GSE274557::P3		SAMN43154208	patient_linked_physical_specimen	patient_envelope::GEO::GSE274557::GSE274557::P3		lineage::PRJNA1147209	discovery	discovery::030a75aec581	no	FROZEN_R02
external_geo::GSM8452855	GEO::GSE274557	GSE274557::P3		SAMN43154207	patient_linked_physical_specimen	patient_envelope::GEO::GSE274557::GSE274557::P3		lineage::PRJNA1147209	discovery	discovery::030a75aec581	no	FROZEN_R02
external_geo::GSM8452856	GEO::GSE274557	GSE274557::P4		SAMN43154206	patient_linked_physical_specimen	patient_envelope::GEO::GSE274557::GSE274557::P4		lineage::PRJNA1147209	discovery	discovery::80a0f07a0216	no	FROZEN_R02
external_geo::GSM8452857	GEO::GSE274557	GSE274557::P4		SAMN43154205	patient_linked_physical_specimen	patient_envelope::GEO::GSE274557::GSE274557::P4		lineage::PRJNA1147209	discovery	discovery::80a0f07a0216	no	FROZEN_R02
external_geo::GSM8452858	GEO::GSE274557	GSE274557::P4		SAMN43154204	patient_linked_physical_specimen	patient_envelope::GEO::GSE274557::GSE274557::P4		lineage::PRJNA1147209	discovery	discovery::80a0f07a0216	no	FROZEN_R02
external_geo::GSM8452859	GEO::GSE274557	GSE274557::P4		SAMN43154203	patient_linked_physical_specimen	patient_envelope::GEO::GSE274557::GSE274557::P4		lineage::PRJNA1147209	discovery	discovery::80a0f07a0216	no	FROZEN_R02
external_geo::GSM8452860	GEO::GSE274557	GSE274557::P5		SAMN43154202	patient_linked_physical_specimen	patient_envelope::GEO::GSE274557::GSE274557::P5		lineage::PRJNA1147209	discovery	discovery::506e07071402	no	FROZEN_R02
external_geo::GSM8452861	GEO::GSE274557	GSE274557::P5		SAMN43154201	patient_linked_physical_specimen	patient_envelope::GEO::GSE274557::GSE274557::P5		lineage::PRJNA1147209	discovery	discovery::506e07071402	no	FROZEN_R02
external_geo::GSM8452862	GEO::GSE274557	GSE274557::P5		SAMN43154200	patient_linked_physical_specimen	patient_envelope::GEO::GSE274557::GSE274557::P5		lineage::PRJNA1147209	discovery	discovery::506e07071402	no	FROZEN_R02
external_geo::GSM8452863	GEO::GSE274557	GSE274557::P6		SAMN43154199	patient_linked_physical_specimen	patient_envelope::GEO::GSE274557::GSE274557::P6		lineage::PRJNA1147209	discovery	discovery::7bd9612a9178	no	FROZEN_R02
external_geo::GSM8452864	GEO::GSE274557	GSE274557::P6		SAMN43154198	patient_linked_physical_specimen	patient_envelope::GEO::GSE274557::GSE274557::P6		lineage::PRJNA1147209	discovery	discovery::7bd9612a9178	no	FROZEN_R02
external_geo::GSM8452865	GEO::GSE274557	GSE274557::P6		SAMN43154197	patient_linked_physical_specimen	patient_envelope::GEO::GSE274557::GSE274557::P6		lineage::PRJNA1147209	discovery	discovery::7bd9612a9178	no	FROZEN_R02
external_geo::GSM8452866	GEO::GSE274557	GSE274557::P6		SAMN43154196	patient_linked_physical_specimen	patient_envelope::GEO::GSE274557::GSE274557::P6		lineage::PRJNA1147209	discovery	discovery::7bd9612a9178	no	FROZEN_R02
external_geo::GSM8452867	GEO::GSE274557	GSE274557::P7		SAMN43154195	patient_linked_physical_specimen	patient_envelope::GEO::GSE274557::GSE274557::P7		lineage::PRJNA1147209	discovery	discovery::aac5eb506322	no	FROZEN_R02
external_geo::GSM8452868	GEO::GSE274557	GSE274557::P7		SAMN43154194	patient_linked_physical_specimen	patient_envelope::GEO::GSE274557::GSE274557::P7		lineage::PRJNA1147209	discovery	discovery::aac5eb506322	no	FROZEN_R02
external_geo::GSM8452869	GEO::GSE274557	GSE274557::P7		SAMN43154193	patient_linked_physical_specimen	patient_envelope::GEO::GSE274557::GSE274557::P7		lineage::PRJNA1147209	discovery	discovery::aac5eb506322	no	FROZEN_R02
external_geo::GSM8452870	GEO::GSE274557	GSE274557::P7		SAMN43154192	patient_linked_physical_specimen	patient_envelope::GEO::GSE274557::GSE274557::P7		lineage::PRJNA1147209	discovery	discovery::aac5eb506322	no	FROZEN_R02
external_geo::GSM8452871	GEO::GSE274557	GSE274557::P8		SAMN43154191	patient_linked_physical_specimen	patient_envelope::GEO::GSE274557::GSE274557::P8		lineage::PRJNA1147209	discovery	discovery::a3f036ca2371	no	FROZEN_R02
external_geo::GSM8452872	GEO::GSE274557	GSE274557::P8		SAMN43154190	patient_linked_physical_specimen	patient_envelope::GEO::GSE274557::GSE274557::P8		lineage::PRJNA1147209	discovery	discovery::a3f036ca2371	no	FROZEN_R02
external_geo::GSM8452873	GEO::GSE274557	GSE274557::P8		SAMN43154189	patient_linked_physical_specimen	patient_envelope::GEO::GSE274557::GSE274557::P8		lineage::PRJNA1147209	discovery	discovery::a3f036ca2371	no	FROZEN_R02
external_geo::GSM8452874	GEO::GSE274557	GSE274557::P8		SAMN43154188	patient_linked_physical_specimen	patient_envelope::GEO::GSE274557::GSE274557::P8		lineage::PRJNA1147209	discovery	discovery::a3f036ca2371	no	FROZEN_R02
external_geo::GSM8452875	GEO::GSE274557	GSE274557::P9		SAMN43154187	patient_linked_physical_specimen	patient_envelope::GEO::GSE274557::GSE274557::P9		lineage::PRJNA1147209	discovery	discovery::4a63bb8d3957	no	FROZEN_R02
external_geo::GSM8452876	GEO::GSE274557	GSE274557::P9		SAMN43154186	patient_linked_physical_specimen	patient_envelope::GEO::GSE274557::GSE274557::P9		lineage::PRJNA1147209	discovery	discovery::4a63bb8d3957	no	FROZEN_R02
external_geo::GSM8452877	GEO::GSE274557	GSE274557::P9		SAMN43154185	patient_linked_physical_specimen	patient_envelope::GEO::GSE274557::GSE274557::P9		lineage::PRJNA1147209	discovery	discovery::4a63bb8d3957	no	FROZEN_R02
external_geo::GSM8452878	GEO::GSE274557	GSE274557::P9		SAMN43154184	patient_linked_physical_specimen	patient_envelope::GEO::GSE274557::GSE274557::P9		lineage::PRJNA1147209	discovery	discovery::4a63bb8d3957	no	FROZEN_R02
external_geo::GSM8452879	GEO::GSE274557	GSE274557::P10		SAMN43154183	patient_linked_physical_specimen	patient_envelope::GEO::GSE274557::GSE274557::P10		lineage::PRJNA1147209	discovery	discovery::0faedf2e0a79	no	FROZEN_R02
external_geo::GSM8452880	GEO::GSE274557	GSE274557::P10		SAMN43154182	patient_linked_physical_specimen	patient_envelope::GEO::GSE274557::GSE274557::P10		lineage::PRJNA1147209	discovery	discovery::0faedf2e0a79	no	FROZEN_R02
external_geo::GSM8452881	GEO::GSE274557	GSE274557::P10		SAMN43154181	patient_linked_physical_specimen	patient_envelope::GEO::GSE274557::GSE274557::P10		lineage::PRJNA1147209	discovery	discovery::0faedf2e0a79	no	FROZEN_R02
external_geo::GSM8452882	GEO::GSE274557	GSE274557::P10		SAMN43154180	patient_linked_physical_specimen	patient_envelope::GEO::GSE274557::GSE274557::P10		lineage::PRJNA1147209	discovery	discovery::0faedf2e0a79	no	FROZEN_R02
external_geo::GSM8452883	GEO::GSE274557	GSE274557::P11		SAMN43154179	patient_linked_physical_specimen	patient_envelope::GEO::GSE274557::GSE274557::P11		lineage::PRJNA1147209	discovery	discovery::bf1c20ba587c	no	FROZEN_R02
external_geo::GSM8452884	GEO::GSE274557	GSE274557::P11		SAMN43154178	patient_linked_physical_specimen	patient_envelope::GEO::GSE274557::GSE274557::P11		lineage::PRJNA1147209	discovery	discovery::bf1c20ba587c	no	FROZEN_R02
external_geo::GSM8452885	GEO::GSE274557	GSE274557::P11		SAMN43154177	patient_linked_physical_specimen	patient_envelope::GEO::GSE274557::GSE274557::P11		lineage::PRJNA1147209	discovery	discovery::bf1c20ba587c	no	FROZEN_R02
external_geo::GSM8452886	GEO::GSE274557	GSE274557::P11		SAMN43154176	patient_linked_physical_specimen	patient_envelope::GEO::GSE274557::GSE274557::P11		lineage::PRJNA1147209	discovery	discovery::bf1c20ba587c	no	FROZEN_R02
external_geo::GSM8452887	GEO::GSE274557	GSE274557::P12		SAMN43154175	patient_linked_physical_specimen	patient_envelope::GEO::GSE274557::GSE274557::P12		lineage::PRJNA1147209	discovery	discovery::2a74c7f50250	no	FROZEN_R02
external_geo::GSM8452888	GEO::GSE274557	GSE274557::P12		SAMN43154174	patient_linked_physical_specimen	patient_envelope::GEO::GSE274557::GSE274557::P12		lineage::PRJNA1147209	discovery	discovery::2a74c7f50250	no	FROZEN_R02
external_geo::GSM8452889	GEO::GSE274557	GSE274557::P12		SAMN43154173	patient_linked_physical_specimen	patient_envelope::GEO::GSE274557::GSE274557::P12		lineage::PRJNA1147209	discovery	discovery::2a74c7f50250	no	FROZEN_R02
external_geo::GSM8452890	GEO::GSE274557	GSE274557::P12		SAMN43154172	patient_linked_physical_specimen	patient_envelope::GEO::GSE274557::GSE274557::P12		lineage::PRJNA1147209	discovery	discovery::2a74c7f50250	no	FROZEN_R02
external_geo::GSM8452891	GEO::GSE274557	GSE274557::P13		SAMN43154171	patient_linked_physical_specimen	patient_envelope::GEO::GSE274557::GSE274557::P13		lineage::PRJNA1147209	discovery	discovery::7d3ab1a89a01	no	FROZEN_R02
external_geo::GSM8452892	GEO::GSE274557	GSE274557::P13		SAMN43154170	patient_linked_physical_specimen	patient_envelope::GEO::GSE274557::GSE274557::P13		lineage::PRJNA1147209	discovery	discovery::7d3ab1a89a01	no	FROZEN_R02
external_geo::GSM8452893	GEO::GSE274557	GSE274557::P13		SAMN43154169	patient_linked_physical_specimen	patient_envelope::GEO::GSE274557::GSE274557::P13		lineage::PRJNA1147209	discovery	discovery::7d3ab1a89a01	no	FROZEN_R02
external_geo::GSM8452894	GEO::GSE274557	GSE274557::P13		SAMN43154168	patient_linked_physical_specimen	patient_envelope::GEO::GSE274557::GSE274557::P13		lineage::PRJNA1147209	discovery	discovery::7d3ab1a89a01	no	FROZEN_R02
external_geo::GSM8452895	GEO::GSE274557	GSE274557::P13		SAMN43154167	patient_linked_physical_specimen	patient_envelope::GEO::GSE274557::GSE274557::P13		lineage::PRJNA1147209	discovery	discovery::7d3ab1a89a01	no	FROZEN_R02
external_geo::GSM8714177	GEO::GSE274557	GSE274557::P3		SAMN46116048	patient_linked_physical_specimen	patient_envelope::GEO::GSE274557::GSE274557::P3		lineage::PRJNA1147209	discovery	discovery::030a75aec581	no	FROZEN_R02
external_geo::GSM8714178	GEO::GSE274557	GSE274557::P6		SAMN46116047	patient_linked_physical_specimen	patient_envelope::GEO::GSE274557::GSE274557::P6		lineage::PRJNA1147209	discovery	discovery::7bd9612a9178	no	FROZEN_R02
external_geo::GSM8714179	GEO::GSE274557	GSE274557::P6		SAMN46116046	patient_linked_physical_specimen	patient_envelope::GEO::GSE274557::GSE274557::P6		lineage::PRJNA1147209	discovery	discovery::7bd9612a9178	no	FROZEN_R02
external_geo::GSM8714180	GEO::GSE274557	GSE274557::P8		SAMN46116045	patient_linked_physical_specimen	patient_envelope::GEO::GSE274557::GSE274557::P8		lineage::PRJNA1147209	discovery	discovery::a3f036ca2371	no	FROZEN_R02
external_geo::GSM8714181	GEO::GSE274557	GSE274557::P13		SAMN46116044	patient_linked_physical_specimen	patient_envelope::GEO::GSE274557::GSE274557::P13		lineage::PRJNA1147209	discovery	discovery::7d3ab1a89a01	no	FROZEN_R02
external_geo::GSM8714182	GEO::GSE274557	GSE274557::P13		SAMN46116043	patient_linked_physical_specimen	patient_envelope::GEO::GSE274557::GSE274557::P13		lineage::PRJNA1147209	discovery	discovery::7d3ab1a89a01	no	FROZEN_R02
