atlas	synapse_id	filename	assay	biospecimen	destination	status	bytes	checksum	attempts	error	download_timestamp
WUSTL	syn53215848	20201103_ST_HT206B1-S1Fc1U3.tif	10X Visium	HTA12_129_8	/home/huyudi/013_spatial/R03_external/HTAN/WUSTL/synapse/syn53215848/20201103_ST_HT206B1-S1Fc1U3.tif	DOWNLOADED	1174382972		1	transfer_s=208.2	2026-09-11T20:28:08
WUSTL	syn53215828	20201103_ST_HT206B1-S1Fc1U2.tif	10X Visium	HTA12_129_7	/home/huyudi/013_spatial/R03_external/HTAN/WUSTL/synapse/syn53215828/20201103_ST_HT206B1-S1Fc1U2.tif	DOWNLOADED	1173611045		1	transfer_s=213.4	2026-09-11T20:28:13
WUSTL	syn53215842	20201103_ST_HT206B1-S1Fc1U4.tif	10X Visium	HTA12_129_9	/home/huyudi/013_spatial/R03_external/HTAN/WUSTL/synapse/syn53215842/20201103_ST_HT206B1-S1Fc1U4.tif	DOWNLOADED	1173552114		1	transfer_s=113.5	2026-09-11T20:30:01
WUSTL	syn61465339	B1_HT397B1-S1H3A1U21.tif	10X Visium	HTA12_253_10	/home/huyudi/013_spatial/R03_external/HTAN/WUSTL/synapse/syn61465339/B1_HT397B1-S1H3A1U21.tif	DOWNLOADED	933891765		1	transfer_s=258.2	2026-09-11T20:35:45
WUSTL	syn61465364	A1_HT397B1-S1H3A1U1.tif	10X Visium	HTA12_253_9	/home/huyudi/013_spatial/R03_external/HTAN/WUSTL/synapse/syn61465364/A1_HT397B1-S1H3A1U1.tif	DOWNLOADED	999465214		1	transfer_s=270.6	2026-09-11T20:35:57
WUSTL	syn61465369	C1_HT397B1-S1H3A1U41.tif	10X Visium	HTA12_253_11	/home/huyudi/013_spatial/R03_external/HTAN/WUSTL/synapse/syn61465369/C1_HT397B1-S1H3A1U41.tif	DOWNLOADED	810504800		1	transfer_s=216.5	2026-09-11T20:39:34
WUSTL	syn61465393	C1_HT397B1-S1H3A1.tif	10X Visium	HTA12_253_13	/home/huyudi/013_spatial/R03_external/HTAN/WUSTL/synapse/syn61465393/C1_HT397B1-S1H3A1.tif	DOWNLOADED	1229299127		1	transfer_s=317.8	2026-09-11T20:41:03
WUSTL	syn61465442	20201103_ST_HT206B1-S1Fc1U5.tif	10X Visium	HTA12_129_14	/home/huyudi/013_spatial/R03_external/HTAN/WUSTL/synapse/syn61465442/20201103_ST_HT206B1-S1Fc1U5.tif	DOWNLOADED	1175093736		1	transfer_s=590.8	2026-09-11T20:41:18
WUSTL	syn53215135	HT206B1-S1Fc1U2Z1B1-barcodes.tsv.gz	10X Visium	HTA12_129_7	/home/huyudi/013_spatial/R03_external/HTAN/WUSTL/synapse/syn53215135/HT206B1-S1Fc1U2Z1B1-barcodes.tsv.gz	DOWNLOADED	25674		1	transfer_s=6.7	2026-09-11T20:41:24
WUSTL	syn53215213	HT206B1-S1Fc1U2Z1B1-features.tsv.gz	10X Visium	HTA12_129_7	/home/huyudi/013_spatial/R03_external/HTAN/WUSTL/synapse/syn53215213/HT206B1-S1Fc1U2Z1B1-features.tsv.gz	DOWNLOADED	294383		1	transfer_s=7.1	2026-09-11T20:41:31
WUSTL	syn53215292	HT206B1-S1Fc1U2Z1B1-matrix.mtx.gz	10X Visium	HTA12_129_7	/home/huyudi/013_spatial/R03_external/HTAN/WUSTL/synapse/syn53215292/HT206B1-S1Fc1U2Z1B1-matrix.mtx.gz	DOWNLOADED	66646769		1	transfer_s=43.0	2026-09-11T20:42:14
WUSTL	syn53215250	HT206B1-S1Fc1U2Z1B1-scalefactors_json.json	10X Visium	HTA12_129_7	/home/huyudi/013_spatial/R03_external/HTAN/WUSTL/synapse/syn53215250/HT206B1-S1Fc1U2Z1B1-scalefactors_json.json	DOWNLOADED	167		1	transfer_s=6.6	2026-09-11T20:42:21
WUSTL	syn53215278	HT206B1-S1Fc1U2Z1B1-tissue_lowres_image.png	10X Visium	HTA12_129_7	/home/huyudi/013_spatial/R03_external/HTAN/WUSTL/synapse/syn53215278/HT206B1-S1Fc1U2Z1B1-tissue_lowres_image.png	DOWNLOADED	671227		1	transfer_s=7.3	2026-09-11T20:42:28
WUSTL	syn61465475	BRCA_206B1.tif	10X Visium	HTA12_129_18	/home/huyudi/013_spatial/R03_external/HTAN/WUSTL/synapse/syn61465475/BRCA_206B1.tif	DOWNLOADED	1488750513		1	transfer_s=663.6	2026-09-11T20:42:30
WUSTL	syn53215195	HT206B1-S1Fc1U3Z1B1-barcodes.tsv.gz	10X Visium	HTA12_129_8	/home/huyudi/013_spatial/R03_external/HTAN/WUSTL/synapse/syn53215195/HT206B1-S1Fc1U3Z1B1-barcodes.tsv.gz	DOWNLOADED	25674		1	transfer_s=4.5	2026-09-11T20:42:35
WUSTL	syn53215161	HT206B1-S1Fc1U2Z1B1-tissue_positions_list.csv	10X Visium	HTA12_129_7	/home/huyudi/013_spatial/R03_external/HTAN/WUSTL/synapse/syn53215161/HT206B1-S1Fc1U2Z1B1-tissue_positions_list.csv	DOWNLOADED	189694		1	transfer_s=6.9	2026-09-11T20:42:35
WUSTL	syn53215117	HT206B1-S1Fc1U3Z1B1-features.tsv.gz	10X Visium	HTA12_129_8	/home/huyudi/013_spatial/R03_external/HTAN/WUSTL/synapse/syn53215117/HT206B1-S1Fc1U3Z1B1-features.tsv.gz	DOWNLOADED	294383		1	transfer_s=6.9	2026-09-11T20:42:42
WUSTL	syn53215097	HT206B1-S1Fc1U3Z1B1-scalefactors_json.json	10X Visium	HTA12_129_8	/home/huyudi/013_spatial/R03_external/HTAN/WUSTL/synapse/syn53215097/HT206B1-S1Fc1U3Z1B1-scalefactors_json.json	DOWNLOADED	162		1	transfer_s=6.7	2026-09-11T20:42:48
WUSTL	syn53215276	HT206B1-S1Fc1U3Z1B1-tissue_lowres_image.png	10X Visium	HTA12_129_8	/home/huyudi/013_spatial/R03_external/HTAN/WUSTL/synapse/syn53215276/HT206B1-S1Fc1U3Z1B1-tissue_lowres_image.png	DOWNLOADED	697054		1	transfer_s=7.2	2026-09-11T20:42:56
WUSTL	syn53215308	HT206B1-S1Fc1U3Z1B1-matrix.mtx.gz	10X Visium	HTA12_129_8	/home/huyudi/013_spatial/R03_external/HTAN/WUSTL/synapse/syn53215308/HT206B1-S1Fc1U3Z1B1-matrix.mtx.gz	DOWNLOADED	70438620		1	transfer_s=24.4	2026-09-11T20:42:59
WUSTL	syn53215269	HT206B1-S1Fc1U4Z1B1-barcodes.tsv.gz	10X Visium	HTA12_129_9	/home/huyudi/013_spatial/R03_external/HTAN/WUSTL/synapse/syn53215269/HT206B1-S1Fc1U4Z1B1-barcodes.tsv.gz	DOWNLOADED	25674		1	transfer_s=2.8	2026-09-11T20:43:02
WUSTL	syn53215104	HT206B1-S1Fc1U3Z1B1-tissue_positions_list.csv	10X Visium	HTA12_129_8	/home/huyudi/013_spatial/R03_external/HTAN/WUSTL/synapse/syn53215104/HT206B1-S1Fc1U3Z1B1-tissue_positions_list.csv	DOWNLOADED	189694		1	transfer_s=6.8	2026-09-11T20:43:02
WUSTL	syn53215160	HT206B1-S1Fc1U4Z1B1-features.tsv.gz	10X Visium	HTA12_129_9	/home/huyudi/013_spatial/R03_external/HTAN/WUSTL/synapse/syn53215160/HT206B1-S1Fc1U4Z1B1-features.tsv.gz	DOWNLOADED	294383		1	transfer_s=6.9	2026-09-11T20:43:09
WUSTL	syn53215259	HT206B1-S1Fc1U4Z1B1-scalefactors_json.json	10X Visium	HTA12_129_9	/home/huyudi/013_spatial/R03_external/HTAN/WUSTL/synapse/syn53215259/HT206B1-S1Fc1U4Z1B1-scalefactors_json.json	DOWNLOADED	166		1	transfer_s=5.5	2026-09-11T20:43:15
WUSTL	syn53215089	HT206B1-S1Fc1U4Z1B1-tissue_lowres_image.png	10X Visium	HTA12_129_9	/home/huyudi/013_spatial/R03_external/HTAN/WUSTL/synapse/syn53215089/HT206B1-S1Fc1U4Z1B1-tissue_lowres_image.png	DOWNLOADED	689989		1	transfer_s=5.6	2026-09-11T20:43:20
WUSTL	syn53215176	HT206B1-S1Fc1U4Z1B1-tissue_positions_list.csv	10X Visium	HTA12_129_9	/home/huyudi/013_spatial/R03_external/HTAN/WUSTL/synapse/syn53215176/HT206B1-S1Fc1U4Z1B1-tissue_positions_list.csv	DOWNLOADED	189671		1	transfer_s=6.9	2026-09-11T20:43:27
WUSTL	syn53215307	HT206B1-S1Fc1U4Z1B1-matrix.mtx.gz	10X Visium	HTA12_129_9	/home/huyudi/013_spatial/R03_external/HTAN/WUSTL/synapse/syn53215307/HT206B1-S1Fc1U4Z1B1-matrix.mtx.gz	DOWNLOADED	65053624		1	transfer_s=29.3	2026-09-11T20:43:32
WUSTL	syn61462356	HT206B1-S1Fc1U5Z1B1-barcodes.tsv.gz	10X Visium	HTA12_129_14	/home/huyudi/013_spatial/R03_external/HTAN/WUSTL/synapse/syn61462356/HT206B1-S1Fc1U5Z1B1-barcodes.tsv.gz	DOWNLOADED	25674		1	transfer_s=6.5	2026-09-11T20:43:34
WUSTL	syn61462085	HT206B1-S1Fc1U5Z1B1-features.tsv.gz	10X Visium	HTA12_129_14	/home/huyudi/013_spatial/R03_external/HTAN/WUSTL/synapse/syn61462085/HT206B1-S1Fc1U5Z1B1-features.tsv.gz	DOWNLOADED	294383		1	transfer_s=2.3	2026-09-11T20:43:34
WUSTL	syn61462118	HT206B1-S1Fc1U5Z1B1-scalefactors_json.json	10X Visium	HTA12_129_14	/home/huyudi/013_spatial/R03_external/HTAN/WUSTL/synapse/syn61462118/HT206B1-S1Fc1U5Z1B1-scalefactors_json.json	DOWNLOADED	164		1	transfer_s=6.1	2026-09-11T20:43:40
WUSTL	syn61462309	HT206B1-S1Fc1U5Z1B1-tissue_lowres_image.png	10X Visium	HTA12_129_14	/home/huyudi/013_spatial/R03_external/HTAN/WUSTL/synapse/syn61462309/HT206B1-S1Fc1U5Z1B1-tissue_lowres_image.png	DOWNLOADED	705098		1	transfer_s=7.3	2026-09-11T20:43:47
WUSTL	syn61462047	HT206B1-S1Fc1U5Z1B1-tissue_positions_list.csv	10X Visium	HTA12_129_14	/home/huyudi/013_spatial/R03_external/HTAN/WUSTL/synapse/syn61462047/HT206B1-S1Fc1U5Z1B1-tissue_positions_list.csv	DOWNLOADED	189694		1	transfer_s=6.9	2026-09-11T20:43:54
WUSTL	syn61462518	HT206B1-S1Fc1U5Z1B1-matrix.mtx.gz	10X Visium	HTA12_129_14	/home/huyudi/013_spatial/R03_external/HTAN/WUSTL/synapse/syn61462518/HT206B1-S1Fc1U5Z1B1-matrix.mtx.gz	DOWNLOADED	67602918		1	transfer_s=24.3	2026-09-11T20:43:58
WUSTL	syn61462061	HT206B1-U1_ST_Bn1-barcodes.tsv.gz	10X Visium	HTA12_129_18	/home/huyudi/013_spatial/R03_external/HTAN/WUSTL/synapse/syn61462061/HT206B1-U1_ST_Bn1-barcodes.tsv.gz	DOWNLOADED	25674		1	transfer_s=4.7	2026-09-11T20:43:59
WUSTL	syn61465420	D1_HT397B1-S1H3A1U61.tif	10X Visium	HTA12_253_12	/home/huyudi/013_spatial/R03_external/HTAN/WUSTL/synapse/syn61465420/D1_HT397B1-S1H3A1U61.tif	DOWNLOADED	731884089		1	transfer_s=178.4	2026-09-11T20:44:01
WUSTL	syn61462415	HT206B1-U1_ST_Bn1-scalefactors_json.json	10X Visium	HTA12_129_18	/home/huyudi/013_spatial/R03_external/HTAN/WUSTL/synapse/syn61462415/HT206B1-U1_ST_Bn1-scalefactors_json.json	DOWNLOADED	164		1	transfer_s=3.4	2026-09-11T20:44:04
WUSTL	syn61462218	HT206B1-U1_ST_Bn1-features.tsv.gz	10X Visium	HTA12_129_18	/home/huyudi/013_spatial/R03_external/HTAN/WUSTL/synapse/syn61462218/HT206B1-U1_ST_Bn1-features.tsv.gz	DOWNLOADED	294383		1	transfer_s=7.0	2026-09-11T20:44:05
WUSTL	syn61462237	HT206B1-U1_ST_Bn1-tissue_positions_list.csv	10X Visium	HTA12_129_18	/home/huyudi/013_spatial/R03_external/HTAN/WUSTL/synapse/syn61462237/HT206B1-U1_ST_Bn1-tissue_positions_list.csv	DOWNLOADED	190443		1	transfer_s=4.9	2026-09-11T20:44:10
WUSTL	syn61462430	HT206B1-U1_ST_Bn1-tissue_lowres_image.png	10X Visium	HTA12_129_18	/home/huyudi/013_spatial/R03_external/HTAN/WUSTL/synapse/syn61462430/HT206B1-U1_ST_Bn1-tissue_lowres_image.png	DOWNLOADED	622195		1	transfer_s=5.5	2026-09-11T20:44:10
WUSTL	syn61462504	HT206B1-U1_ST_Bn1-matrix.mtx.gz	10X Visium	HTA12_129_18	/home/huyudi/013_spatial/R03_external/HTAN/WUSTL/synapse/syn61462504/HT206B1-U1_ST_Bn1-matrix.mtx.gz	DOWNLOADED	57641075		1	transfer_s=15.7	2026-09-11T20:44:15
WUSTL	syn61462145	HT397B1-S1H2Fs4U1Bp1-barcodes.tsv.gz	10X Visium	HTA12_253_8	/home/huyudi/013_spatial/R03_external/HTAN/WUSTL/synapse/syn61462145/HT397B1-S1H2Fs4U1Bp1-barcodes.tsv.gz	DOWNLOADED	25674		1	transfer_s=6.5	2026-09-11T20:44:16
WUSTL	syn61462301	HT397B1-S1H2Fs4U1Bp1-scalefactors_json.json	10X Visium	HTA12_253_8	/home/huyudi/013_spatial/R03_external/HTAN/WUSTL/synapse/syn61462301/HT397B1-S1H2Fs4U1Bp1-scalefactors_json.json	DOWNLOADED	163		1	transfer_s=6.0	2026-09-11T20:44:22
WUSTL	syn61465449	D1_HT397B1-S1H2A4.tif	10X Visium	HTA12_253_8	/home/huyudi/013_spatial/R03_external/HTAN/WUSTL/synapse/syn61465449/D1_HT397B1-S1H2A4.tif	DOWNLOADED	1241306337		1	transfer_s=288.4	2026-09-11T20:44:22
WUSTL	syn61462397	HT397B1-S1H2Fs4U1Bp1-features.tsv.gz	10X Visium	HTA12_253_8	/home/huyudi/013_spatial/R03_external/HTAN/WUSTL/synapse/syn61462397/HT397B1-S1H2Fs4U1Bp1-features.tsv.gz	DOWNLOADED	297011		1	transfer_s=12.6	2026-09-11T20:44:23
WUSTL	syn61462475	HT397B1-S1H2Fs4U1Bp1-matrix.mtx.gz	10X Visium	HTA12_253_8	/home/huyudi/013_spatial/R03_external/HTAN/WUSTL/synapse/syn61462475/HT397B1-S1H2Fs4U1Bp1-matrix.mtx.gz	DOWNLOADED	65082951		1	transfer_s=10.5	2026-09-11T20:44:25
WUSTL	syn61462019	HT397B1-S1H3A1U1Bp1-barcodes.tsv.gz	10X Visium	HTA12_253_9	/home/huyudi/013_spatial/R03_external/HTAN/WUSTL/synapse/syn61462019/HT397B1-S1H3A1U1Bp1-barcodes.tsv.gz	DOWNLOADED	28802		1	transfer_s=6.3	2026-09-11T20:44:29
WUSTL	syn61462255	HT397B1-S1H2Fs4U1Bp1-tissue_positions_list.csv	10X Visium	HTA12_253_8	/home/huyudi/013_spatial/R03_external/HTAN/WUSTL/synapse/syn61462255/HT397B1-S1H2Fs4U1Bp1-tissue_positions_list.csv	DOWNLOADED	189694		1	transfer_s=6.7	2026-09-11T20:44:29
WUSTL	syn61462180	HT397B1-S1H3A1U1Bp1-features.tsv.gz	10X Visium	HTA12_253_9	/home/huyudi/013_spatial/R03_external/HTAN/WUSTL/synapse/syn61462180/HT397B1-S1H3A1U1Bp1-features.tsv.gz	DOWNLOADED	297011		1	transfer_s=3.8	2026-09-11T20:44:29
WUSTL	syn61462191	HT397B1-S1H2Fs4U1Bp1-tissue_lowres_image.png	10X Visium	HTA12_253_8	/home/huyudi/013_spatial/R03_external/HTAN/WUSTL/synapse/syn61462191/HT397B1-S1H2Fs4U1Bp1-tissue_lowres_image.png	DOWNLOADED	704365		1	transfer_s=7.2	2026-09-11T20:44:29
WUSTL	syn61462278	HT397B1-S1H3A1U1Bp1-scalefactors_json.json	10X Visium	HTA12_253_9	/home/huyudi/013_spatial/R03_external/HTAN/WUSTL/synapse/syn61462278/HT397B1-S1H3A1U1Bp1-scalefactors_json.json	DOWNLOADED	166		1	transfer_s=6.3	2026-09-11T20:44:35
WUSTL	syn61462133	HT397B1-S1H3A1U1Bp1-tissue_positions.csv	10X Visium	HTA12_253_9	/home/huyudi/013_spatial/R03_external/HTAN/WUSTL/synapse/syn61462133/HT397B1-S1H3A1U1Bp1-tissue_positions.csv	DOWNLOADED	189266		1	transfer_s=6.2	2026-09-11T20:44:36
WUSTL	syn61462467	HT397B1-S1H3A1U1Bp1-matrix.mtx.gz	10X Visium	HTA12_253_9	/home/huyudi/013_spatial/R03_external/HTAN/WUSTL/synapse/syn61462467/HT397B1-S1H3A1U1Bp1-matrix.mtx.gz	DOWNLOADED	45965905		1	transfer_s=10.8	2026-09-11T20:44:40
WUSTL	syn61462105	HT397B1-S1H3A1U21Bp1-barcodes.tsv.gz	10X Visium	HTA12_253_10	/home/huyudi/013_spatial/R03_external/HTAN/WUSTL/synapse/syn61462105/HT397B1-S1H3A1U21Bp1-barcodes.tsv.gz	DOWNLOADED	28826		1	transfer_s=6.0	2026-09-11T20:44:41
WUSTL	syn61462306	HT397B1-S1H3A1U21Bp1-features.tsv.gz	10X Visium	HTA12_253_10	/home/huyudi/013_spatial/R03_external/HTAN/WUSTL/synapse/syn61462306/HT397B1-S1H3A1U21Bp1-features.tsv.gz	DOWNLOADED	297011		1	transfer_s=6.1	2026-09-11T20:44:42
WUSTL	syn61462216	HT397B1-S1H3A1U1Bp1-tissue_lowres_image.png	10X Visium	HTA12_253_9	/home/huyudi/013_spatial/R03_external/HTAN/WUSTL/synapse/syn61462216/HT397B1-S1H3A1U1Bp1-tissue_lowres_image.png	DOWNLOADED	629670		1	transfer_s=12.8	2026-09-11T20:44:42
WUSTL	syn61462443	HT397B1-S1H3A1U21Bp1-matrix.mtx.gz	10X Visium	HTA12_253_10	/home/huyudi/013_spatial/R03_external/HTAN/WUSTL/synapse/syn61462443/HT397B1-S1H3A1U21Bp1-matrix.mtx.gz	DOWNLOADED	22454429		1	transfer_s=4.1	2026-09-11T20:44:44
WUSTL	syn61462243	HT397B1-S1H3A1U21Bp1-scalefactors_json.json	10X Visium	HTA12_253_10	/home/huyudi/013_spatial/R03_external/HTAN/WUSTL/synapse/syn61462243/HT397B1-S1H3A1U21Bp1-scalefactors_json.json	DOWNLOADED	165		1	transfer_s=6.5	2026-09-11T20:44:48
WUSTL	syn61462109	HT397B1-S1H3A1U41Bp1-barcodes.tsv.gz	10X Visium	HTA12_253_11	/home/huyudi/013_spatial/R03_external/HTAN/WUSTL/synapse/syn61462109/HT397B1-S1H3A1U41Bp1-barcodes.tsv.gz	DOWNLOADED	28842		1	transfer_s=4.3	2026-09-11T20:44:48
WUSTL	syn61462246	HT397B1-S1H3A1U21Bp1-tissue_positions.csv	10X Visium	HTA12_253_10	/home/huyudi/013_spatial/R03_external/HTAN/WUSTL/synapse/syn61462246/HT397B1-S1H3A1U21Bp1-tissue_positions.csv	DOWNLOADED	189383		1	transfer_s=6.4	2026-09-11T20:44:48
WUSTL	syn61462189	HT397B1-S1H3A1U21Bp1-tissue_lowres_image.png	10X Visium	HTA12_253_10	/home/huyudi/013_spatial/R03_external/HTAN/WUSTL/synapse/syn61462189/HT397B1-S1H3A1U21Bp1-tissue_lowres_image.png	DOWNLOADED	586116		1	transfer_s=6.4	2026-09-11T20:44:48
WUSTL	syn61462199	HT397B1-S1H3A1U41Bp1-scalefactors_json.json	10X Visium	HTA12_253_11	/home/huyudi/013_spatial/R03_external/HTAN/WUSTL/synapse/syn61462199/HT397B1-S1H3A1U41Bp1-scalefactors_json.json	DOWNLOADED	165		1	transfer_s=6.3	2026-09-11T20:44:54
WUSTL	syn61462113	HT397B1-S1H3A1U41Bp1-features.tsv.gz	10X Visium	HTA12_253_11	/home/huyudi/013_spatial/R03_external/HTAN/WUSTL/synapse/syn61462113/HT397B1-S1H3A1U41Bp1-features.tsv.gz	DOWNLOADED	297011		1	transfer_s=6.9	2026-09-11T20:44:55
WUSTL	syn61462355	HT397B1-S1H3A1U41Bp1-tissue_lowres_image.png	10X Visium	HTA12_253_11	/home/huyudi/013_spatial/R03_external/HTAN/WUSTL/synapse/syn61462355/HT397B1-S1H3A1U41Bp1-tissue_lowres_image.png	DOWNLOADED	480718		1	transfer_s=6.7	2026-09-11T20:44:55
WUSTL	syn61462258	HT397B1-S1H3A1U41Bp1-matrix.mtx.gz	10X Visium	HTA12_253_11	/home/huyudi/013_spatial/R03_external/HTAN/WUSTL/synapse/syn61462258/HT397B1-S1H3A1U41Bp1-matrix.mtx.gz	DOWNLOADED	4371172		1	transfer_s=7.4	2026-09-11T20:44:55
WUSTL	syn61462150	HT397B1-S1H3A1U61Bp1-barcodes.tsv.gz	10X Visium	HTA12_253_12	/home/huyudi/013_spatial/R03_external/HTAN/WUSTL/synapse/syn61462150/HT397B1-S1H3A1U61Bp1-barcodes.tsv.gz	DOWNLOADED	28690		1	transfer_s=6.3	2026-09-11T20:45:01
WUSTL	syn61462029	HT397B1-S1H3A1U41Bp1-tissue_positions.csv	10X Visium	HTA12_253_11	/home/huyudi/013_spatial/R03_external/HTAN/WUSTL/synapse/syn61462029/HT397B1-S1H3A1U41Bp1-tissue_positions.csv	DOWNLOADED	189280		1	transfer_s=6.8	2026-09-11T20:45:01
WUSTL	syn61462028	HT397B1-S1H3A1U61Bp1-features.tsv.gz	10X Visium	HTA12_253_12	/home/huyudi/013_spatial/R03_external/HTAN/WUSTL/synapse/syn61462028/HT397B1-S1H3A1U61Bp1-features.tsv.gz	DOWNLOADED	297011		1	transfer_s=6.5	2026-09-11T20:45:01
WUSTL	syn61462245	HT397B1-S1H3A1U61Bp1-matrix.mtx.gz	10X Visium	HTA12_253_12	/home/huyudi/013_spatial/R03_external/HTAN/WUSTL/synapse/syn61462245/HT397B1-S1H3A1U61Bp1-matrix.mtx.gz	DOWNLOADED	792212		1	transfer_s=6.2	2026-09-11T20:45:02
WUSTL	syn61462328	HT397B1-S1H3Fs1U1Bp1-barcodes.tsv.gz	10X Visium	HTA12_253_13	/home/huyudi/013_spatial/R03_external/HTAN/WUSTL/synapse/syn61462328/HT397B1-S1H3Fs1U1Bp1-barcodes.tsv.gz	DOWNLOADED	25674		1	transfer_s=6.1	2026-09-11T20:45:08
WUSTL	syn61462161	HT397B1-S1H3A1U61Bp1-scalefactors_json.json	10X Visium	HTA12_253_12	/home/huyudi/013_spatial/R03_external/HTAN/WUSTL/synapse/syn61462161/HT397B1-S1H3A1U61Bp1-scalefactors_json.json	DOWNLOADED	165		1	transfer_s=6.6	2026-09-11T20:45:08
WUSTL	syn61462196	HT397B1-S1H3A1U61Bp1-tissue_positions.csv	10X Visium	HTA12_253_12	/home/huyudi/013_spatial/R03_external/HTAN/WUSTL/synapse/syn61462196/HT397B1-S1H3A1U61Bp1-tissue_positions.csv	DOWNLOADED	189315		1	transfer_s=6.6	2026-09-11T20:45:08
WUSTL	syn61462417	HT397B1-S1H3A1U61Bp1-tissue_lowres_image.png	10X Visium	HTA12_253_12	/home/huyudi/013_spatial/R03_external/HTAN/WUSTL/synapse/syn61462417/HT397B1-S1H3A1U61Bp1-tissue_lowres_image.png	DOWNLOADED	420629		1	transfer_s=6.9	2026-09-11T20:45:08
WUSTL	syn61462406	HT397B1-S1H3Fs1U1Bp1-scalefactors_json.json	10X Visium	HTA12_253_13	/home/huyudi/013_spatial/R03_external/HTAN/WUSTL/synapse/syn61462406/HT397B1-S1H3Fs1U1Bp1-scalefactors_json.json	DOWNLOADED	164		1	transfer_s=6.2	2026-09-11T20:45:14
WUSTL	syn61462091	HT397B1-S1H3Fs1U1Bp1-features.tsv.gz	10X Visium	HTA12_253_13	/home/huyudi/013_spatial/R03_external/HTAN/WUSTL/synapse/syn61462091/HT397B1-S1H3Fs1U1Bp1-features.tsv.gz	DOWNLOADED	297011		1	transfer_s=7.0	2026-09-11T20:45:15
WUSTL	syn61462170	HT397B1-S1H3Fs1U1Bp1-tissue_lowres_image.png	10X Visium	HTA12_253_13	/home/huyudi/013_spatial/R03_external/HTAN/WUSTL/synapse/syn61462170/HT397B1-S1H3Fs1U1Bp1-tissue_lowres_image.png	DOWNLOADED	695815		1	transfer_s=6.6	2026-09-11T20:45:15
WUSTL	syn61462184	HT397B1-S1H3Fs1U1Bp1-tissue_positions_list.csv	10X Visium	HTA12_253_13	/home/huyudi/013_spatial/R03_external/HTAN/WUSTL/synapse/syn61462184/HT397B1-S1H3Fs1U1Bp1-tissue_positions_list.csv	DOWNLOADED	189677		1	transfer_s=6.8	2026-09-11T20:45:21
WUSTL	syn61462514	HT397B1-S1H3Fs1U1Bp1-matrix.mtx.gz	10X Visium	HTA12_253_13	/home/huyudi/013_spatial/R03_external/HTAN/WUSTL/synapse/syn61462514/HT397B1-S1H3Fs1U1Bp1-matrix.mtx.gz	DOWNLOADED	76429021		1	transfer_s=13.6	2026-09-11T20:45:21
WUSTL	syn61462766	HT206B1-S1Fc1U3Z1B1-SeuratObj.rds	10X Visium	HTA12_129_8	/home/huyudi/013_spatial/R03_external/HTAN/WUSTL/synapse/syn61462766/HT206B1-S1Fc1U3Z1B1-SeuratObj.rds	DOWNLOADED	260882000		1	transfer_s=69.9	2026-09-11T20:46:25
WUSTL	syn61462685	HT206B1-S1Fc1U5Z1B1-SeuratObj.rds	10X Visium	HTA12_129_14	/home/huyudi/013_spatial/R03_external/HTAN/WUSTL/synapse/syn61462685/HT206B1-S1Fc1U5Z1B1-SeuratObj.rds	DOWNLOADED	251971458		1	transfer_s=69.1	2026-09-11T20:46:30
WUSTL	syn61462684	HT206B1-S1Fc1U2Z1B1-SeuratObj.rds	10X Visium	HTA12_129_7	/home/huyudi/013_spatial/R03_external/HTAN/WUSTL/synapse/syn61462684/HT206B1-S1Fc1U2Z1B1-SeuratObj.rds	DOWNLOADED	240945937		1	transfer_s=97.2	2026-09-11T20:46:52
WUSTL	syn61462656	HT206B1-S1Fc1U4Z1B1-SeuratObj.rds	10X Visium	HTA12_129_9	/home/huyudi/013_spatial/R03_external/HTAN/WUSTL/synapse/syn61462656/HT206B1-S1Fc1U4Z1B1-SeuratObj.rds	DOWNLOADED	241198487		1	transfer_s=99.8	2026-09-11T20:47:01
WUSTL	syn61462616	HT206B1-U1_ST_Bn1-SeuratObj.rds	10X Visium	HTA12_129_18	/home/huyudi/013_spatial/R03_external/HTAN/WUSTL/synapse/syn61462616/HT206B1-U1_ST_Bn1-SeuratObj.rds	DOWNLOADED	202258634		1	transfer_s=62.1	2026-09-11T20:47:27
WUSTL	syn61462732	HT397B1-S1H2Fs4U1Bp1-SeuratObj.rds	10X Visium	HTA12_253_8	/home/huyudi/013_spatial/R03_external/HTAN/WUSTL/synapse/syn61462732/HT397B1-S1H2Fs4U1Bp1-SeuratObj.rds	DOWNLOADED	190175497		1	transfer_s=59.5	2026-09-11T20:47:30
WUSTL	syn61462536	HT397B1-S1H3A1U61Bp1-SeuratObj.rds	10X Visium	HTA12_253_12	/home/huyudi/013_spatial/R03_external/HTAN/WUSTL/synapse/syn61462536/HT397B1-S1H3A1U61Bp1-SeuratObj.rds	DOWNLOADED	32698202		1	transfer_s=12.2	2026-09-11T20:47:42
WUSTL	syn61462559	HT397B1-S1H3A1U41Bp1-SeuratObj.rds	10X Visium	HTA12_253_11	/home/huyudi/013_spatial/R03_external/HTAN/WUSTL/synapse/syn61462559/HT397B1-S1H3A1U41Bp1-SeuratObj.rds	DOWNLOADED	54328825		1	transfer_s=19.1	2026-09-11T20:47:46
WUSTL	syn61462714	HT397B1-S1H3A1U1Bp1-SeuratObj.rds	10X Visium	HTA12_253_9	/home/huyudi/013_spatial/R03_external/HTAN/WUSTL/synapse/syn61462714/HT397B1-S1H3A1U1Bp1-SeuratObj.rds	DOWNLOADED	167548867		1	transfer_s=57.0	2026-09-11T20:47:49
WUSTL	syn61462543	HT397B1-S1H3A1U21Bp1-SeuratObj.rds	10X Visium	HTA12_253_10	/home/huyudi/013_spatial/R03_external/HTAN/WUSTL/synapse/syn61462543/HT397B1-S1H3A1U21Bp1-SeuratObj.rds	DOWNLOADED	97125983		1	transfer_s=48.3	2026-09-11T20:47:49
WUSTL	syn64720589	HT397B1-S1H3A1-U12_cell_segmentation.tif	CODEX	HTA12_253_3	/home/huyudi/013_spatial/R03_external/HTAN/WUSTL/synapse/syn64720589/HT397B1-S1H3A1-U12_cell_segmentation.tif	DOWNLOADED	111057286		1	transfer_s=28.1	2026-09-11T20:48:14
WUSTL	syn64720588	HT397B1-S1H3A1-U22_cell_segmentation.tif	CODEX	HTA12_253_4	/home/huyudi/013_spatial/R03_external/HTAN/WUSTL/synapse/syn64720588/HT397B1-S1H3A1-U22_cell_segmentation.tif	DOWNLOADED	90283461		1	transfer_s=48.4	2026-09-11T20:48:37
WUSTL	syn64720587	HT397B1-S1H3A1-U31_cell_segmentation.tif	CODEX	HTA12_253_6	/home/huyudi/013_spatial/R03_external/HTAN/WUSTL/synapse/syn64720587/HT397B1-S1H3A1-U31_cell_segmentation.tif	DOWNLOADED	80528331		1	transfer_s=27.3	2026-09-11T20:48:41
WUSTL	syn61462648	HT397B1-S1H3Fs1U1Bp1-SeuratObj.rds	10X Visium	HTA12_253_13	/home/huyudi/013_spatial/R03_external/HTAN/WUSTL/synapse/syn61462648/HT397B1-S1H3Fs1U1Bp1-SeuratObj.rds	DOWNLOADED	241143777		1	transfer_s=60.8	2026-09-11T20:48:43
WUSTL	syn64720591	HT397B1-S1H3A1-U2_cell_segmentation.tif	CODEX	HTA12_253_5	/home/huyudi/013_spatial/R03_external/HTAN/WUSTL/synapse/syn64720591/HT397B1-S1H3A1-U2_cell_segmentation.tif	DOWNLOADED	115690815		1	transfer_s=54.2	2026-09-11T20:48:43
WUSTL	syn64720590	HT397B1-U22.txt	CODEX	HTA12_253_4	/home/huyudi/013_spatial/R03_external/HTAN/WUSTL/synapse/syn64720590/HT397B1-U22.txt	DOWNLOADED	180184357		1	transfer_s=53.1	2026-09-11T20:49:36
WUSTL	syn64720593	HT397B1-U2.txt	CODEX	HTA12_253_5	/home/huyudi/013_spatial/R03_external/HTAN/WUSTL/synapse/syn64720593/HT397B1-U2.txt	DOWNLOADED	223328150		1	transfer_s=56.8	2026-09-11T20:49:38
WUSTL	syn64720592	HT397B1-U31.txt	CODEX	HTA12_253_6	/home/huyudi/013_spatial/R03_external/HTAN/WUSTL/synapse/syn64720592/HT397B1-U31.txt	DOWNLOADED	130245765		1	transfer_s=59.4	2026-09-11T20:49:42
WUSTL	syn61463882	HT397B1-S1H4A4Y1N1Z1_1Bmn1_1-features.tsv.gz	scRNA-seq	HTA12_253_16	/home/huyudi/013_spatial/R03_external/HTAN/WUSTL/synapse/syn61463882/HT397B1-S1H4A4Y1N1Z1_1Bmn1_1-features.tsv.gz	DOWNLOADED	616479		1	transfer_s=4.7	2026-09-11T20:49:43
WUSTL	syn61463921	HT397B1-S1H4A4Y1N1Z1_1Bmn1_1-barcodes.tsv.gz	scRNA-seq	HTA12_253_16	/home/huyudi/013_spatial/R03_external/HTAN/WUSTL/synapse/syn61463921/HT397B1-S1H4A4Y1N1Z1_1Bmn1_1-barcodes.tsv.gz	DOWNLOADED	2507563		1	transfer_s=7.4	2026-09-11T20:49:43
WUSTL	syn64720594	HT397B1-U12.txt	CODEX	HTA12_253_3	/home/huyudi/013_spatial/R03_external/HTAN/WUSTL/synapse/syn64720594/HT397B1-U12.txt	DOWNLOADED	198200923		1	transfer_s=69.5	2026-09-11T20:49:47
WUSTL	syn61463962	HT397B1-S1H4A4Y1N1Z1_1Bmn1_1-matrix.mtx.gz	scRNA-seq	HTA12_253_16	/home/huyudi/013_spatial/R03_external/HTAN/WUSTL/synapse/syn61463962/HT397B1-S1H4A4Y1N1Z1_1Bmn1_1-matrix.mtx.gz	DOWNLOADED	159710763		1	transfer_s=34.2	2026-09-11T20:50:17
WUSTL	syn61465425	snRNA_L4__HT397B1-S1H4_combo.rds	scRNA-seq	HTA12_253_16	/home/huyudi/013_spatial/R03_external/HTAN/WUSTL/synapse/syn61465425/snRNA_L4__HT397B1-S1H4_combo.rds	DOWNLOADED	210771107		1	transfer_s=38.5	2026-09-11T20:50:21
WUSTL	syn53215845	A1-HT271B1-S1H3Fc2U1.tif	10X Visium	HTA12_142_9	/home/huyudi/013_spatial/R03_external/HTAN/WUSTL/synapse/syn53215845/A1-HT271B1-S1H3Fc2U1.tif	DOWNLOADED	1171724532		1	transfer_s=493.7	2026-09-12T05:43:06
WUSTL	syn53215839	8-HT243B1H4A2-S1Fc1U2.tif	10X Visium	HTA12_135_15	/home/huyudi/013_spatial/R03_external/HTAN/WUSTL/synapse/syn53215839/8-HT243B1H4A2-S1Fc1U2.tif	DOWNLOADED	1173556872		1	transfer_s=494.7	2026-09-12T05:43:07
WUSTL	syn53215850	A1_HT243B1H3A2-S1Fc1U1.tif	10X Visium	HTA12_135_10	/home/huyudi/013_spatial/R03_external/HTAN/WUSTL/synapse/syn53215850/A1_HT243B1H3A2-S1Fc1U1.tif	DOWNLOADED	1174257580		1	transfer_s=495.3	2026-09-12T05:43:08
WUSTL	syn53215853	7-HT243B1H4A2-S1Fc1U1.tif	10X Visium	HTA12_135_14	/home/huyudi/013_spatial/R03_external/HTAN/WUSTL/synapse/syn53215853/7-HT243B1H4A2-S1Fc1U1.tif	DOWNLOADED	1169566644		1	transfer_s=554.4	2026-09-12T05:44:07
WUSTL	syn53215841	B1-HT271B1-S1H3Fc2U2.tif	10X Visium	HTA12_142_10	/home/huyudi/013_spatial/R03_external/HTAN/WUSTL/synapse/syn53215841/B1-HT271B1-S1H3Fc2U2.tif	DOWNLOADED	1172139236		1	transfer_s=510.1	2026-09-12T05:51:37
WUSTL	syn53215838	B1_HT243B1H3A2-S1Fc1U2.tif	10X Visium	HTA12_135_11	/home/huyudi/013_spatial/R03_external/HTAN/WUSTL/synapse/syn53215838/B1_HT243B1H3A2-S1Fc1U2.tif	DOWNLOADED	1174435220		1	transfer_s=511.0	2026-09-12T05:51:39
WUSTL	syn53215817	A1_HT268B1-Th1H3Fc2U2.tif	10X Visium	HTA12_140_6	/home/huyudi/013_spatial/R03_external/HTAN/WUSTL/synapse/syn53215817/A1_HT268B1-Th1H3Fc2U2.tif	DOWNLOADED	1202504365		1	transfer_s=519.1	2026-09-12T05:51:45
WUSTL	syn53215868	B1_HT268B1-Th1H3Fc2U12.tif	10X Visium	HTA12_140_4	/home/huyudi/013_spatial/R03_external/HTAN/WUSTL/synapse/syn53215868/B1_HT268B1-Th1H3Fc2U12.tif	DOWNLOADED	1263909976		1	transfer_s=539.9	2026-09-12T05:53:07
WUSTL	syn53215843	C1_HT268B1-Th1H3Fc2U22.tif	10X Visium	HTA12_140_5	/home/huyudi/013_spatial/R03_external/HTAN/WUSTL/synapse/syn53215843/C1_HT268B1-Th1H3Fc2U22.tif	DOWNLOADED	1139696793		1	transfer_s=487.4	2026-09-12T05:59:53
WUSTL	syn53215821	C1-HT271B1-S1H3Fc2U3.tif	10X Visium	HTA12_142_11	/home/huyudi/013_spatial/R03_external/HTAN/WUSTL/synapse/syn53215821/C1-HT271B1-S1H3Fc2U3.tif	DOWNLOADED	1171963140		1	transfer_s=505.9	2026-09-12T06:00:03
WUSTL	syn53215860	C1_HT243B1H3A2-S1Fc1U3.tif	10X Visium	HTA12_135_12	/home/huyudi/013_spatial/R03_external/HTAN/WUSTL/synapse/syn53215860/C1_HT243B1H3A2-S1Fc1U3.tif	DOWNLOADED	1174790536		1	transfer_s=506.8	2026-09-12T06:00:06
WUSTL	syn53215815	D1-HT268B1-Th1K3Fc2U1.tif	10X Visium	HTA12_140_8	/home/huyudi/013_spatial/R03_external/HTAN/WUSTL/synapse/syn53215815/D1-HT268B1-Th1K3Fc2U1.tif	DOWNLOADED	1112733034		1	transfer_s=482.8	2026-09-12T06:01:09
WUSTL	syn53215835	D1_HT268B1-Th1H3Fc2U32.tif	10X Visium	HTA12_140_7	/home/huyudi/013_spatial/R03_external/HTAN/WUSTL/synapse/syn53215835/D1_HT268B1-Th1H3Fc2U32.tif	DOWNLOADED	1059045251		1	transfer_s=457.1	2026-09-12T06:07:43
WUSTL	syn53215855	D1_HT243B1H3A2-S1Fc1U4.tif	10X Visium	HTA12_135_13	/home/huyudi/013_spatial/R03_external/HTAN/WUSTL/synapse/syn53215855/D1_HT243B1H3A2-S1Fc1U4.tif	DOWNLOADED	1175798700		1	transfer_s=497.7	2026-09-12T06:08:21
WUSTL	syn53215822	D1-HT271B1-S1H3Fc2U4.tif	10X Visium	HTA12_142_12	/home/huyudi/013_spatial/R03_external/HTAN/WUSTL/synapse/syn53215822/D1-HT271B1-S1H3Fc2U4.tif	DOWNLOADED	1173205422		1	transfer_s=508.8	2026-09-12T06:08:21
WUSTL	syn61465487	20201124_HT225C1-Th1Fc1U2.tif	10X Visium	HTA12_132_9	/home/huyudi/013_spatial/R03_external/HTAN/WUSTL/synapse/syn61465487/20201124_HT225C1-Th1Fc1U2.tif	DOWNLOADED	1173253404		1	transfer_s=522.5	2026-09-12T06:09:52
WUSTL	syn61465444	20201124_HT225C1-Th1Fc1U3.tif	10X Visium	HTA12_132_10	/home/huyudi/013_spatial/R03_external/HTAN/WUSTL/synapse/syn61465444/20201124_HT225C1-Th1Fc1U3.tif	DOWNLOADED	1174670055		1	transfer_s=462.9	2026-09-12T06:15:26
WUSTL	syn61465312	A1_HT225C1-Th1Fc1U1.tif	10X Visium	HTA12_132_8	/home/huyudi/013_spatial/R03_external/HTAN/WUSTL/synapse/syn61465312/A1_HT225C1-Th1Fc1U1.tif	DOWNLOADED	898070860		1	transfer_s=337.4	2026-09-12T06:15:29
WUSTL	syn61465355	20201124_HT225C1-Th1Fc1U4.tif	10X Visium	HTA12_132_11	/home/huyudi/013_spatial/R03_external/HTAN/WUSTL/synapse/syn61465355/20201124_HT225C1-Th1Fc1U4.tif	DOWNLOADED	1173079876		1	transfer_s=440.5	2026-09-12T06:15:41
WUSTL	syn61465489	20201124_HT225C1-Th1Fc1U5.tif	10X Visium	HTA12_132_12	/home/huyudi/013_spatial/R03_external/HTAN/WUSTL/synapse/syn61465489/20201124_HT225C1-Th1Fc1U5.tif	DOWNLOADED	1170720016		1	transfer_s=440.3	2026-09-12T06:15:42
WUSTL	syn61465447	B1_HT413C1-Th1K2A4U14.tif	10X Visium	HTA12_263_4	/home/huyudi/013_spatial/R03_external/HTAN/WUSTL/synapse/syn61465447/B1_HT413C1-Th1K2A4U14.tif	DOWNLOADED	796202564		1	transfer_s=280.3	2026-09-12T06:20:22
WUSTL	syn61465435	A1_HT413C1-Th1K2A4U1.tif	10X Visium	HTA12_263_5	/home/huyudi/013_spatial/R03_external/HTAN/WUSTL/synapse/syn61465435/A1_HT413C1-Th1K2A4U1.tif	DOWNLOADED	875151306		1	transfer_s=303.5	2026-09-12T06:20:29
WUSTL	syn61465333	A1-HT226C1-Th1Fc1U1.tif	10X Visium	HTA12_260_4	/home/huyudi/013_spatial/R03_external/HTAN/WUSTL/synapse/syn61465333/A1-HT226C1-Th1Fc1U1.tif	DOWNLOADED	1234431744		1	transfer_s=417.8	2026-09-12T06:22:27
WUSTL	syn61465404	B1-HT226C1-Th1Fc1U2.tif	10X Visium	HTA12_260_5	/home/huyudi/013_spatial/R03_external/HTAN/WUSTL/synapse/syn61465404/B1-HT226C1-Th1Fc1U2.tif	DOWNLOADED	1386266049		1	transfer_s=471.5	2026-09-12T06:23:33
WUSTL	syn61465373	C1_HT448C1-Th1K1Fp1U1.tif	10X Visium	HTA12_269_2	/home/huyudi/013_spatial/R03_external/HTAN/WUSTL/synapse/syn61465373/C1_HT448C1-Th1K1Fp1U1.tif	DOWNLOADED	786690495		1	transfer_s=274.8	2026-09-12T06:24:56
WUSTL	syn53215226	HT243B1H3A2-S1Fc1U1Z1B1-barcodes.tsv.gz	10X Visium	HTA12_135_10	/home/huyudi/013_spatial/R03_external/HTAN/WUSTL/synapse/syn53215226/HT243B1H3A2-S1Fc1U1Z1B1-barcodes.tsv.gz	DOWNLOADED	25674		1	transfer_s=12.4	2026-09-12T06:25:09
WUSTL	syn53215248	HT243B1H3A2-S1Fc1U1Z1B1-features.tsv.gz	10X Visium	HTA12_135_10	/home/huyudi/013_spatial/R03_external/HTAN/WUSTL/synapse/syn53215248/HT243B1H3A2-S1Fc1U1Z1B1-features.tsv.gz	DOWNLOADED	294478		1	transfer_s=7.2	2026-09-12T06:25:16
WUSTL	syn53215164	HT243B1H3A2-S1Fc1U1Z1B1-matrix.mtx.gz	10X Visium	HTA12_135_10	/home/huyudi/013_spatial/R03_external/HTAN/WUSTL/synapse/syn53215164/HT243B1H3A2-S1Fc1U1Z1B1-matrix.mtx.gz	DOWNLOADED	90244867		1	transfer_s=38.2	2026-09-12T06:25:54
WUSTL	syn53215124	HT243B1H3A2-S1Fc1U1Z1B1-scalefactors_json.json	10X Visium	HTA12_135_10	/home/huyudi/013_spatial/R03_external/HTAN/WUSTL/synapse/syn53215124/HT243B1H3A2-S1Fc1U1Z1B1-scalefactors_json.json	DOWNLOADED	163		1	transfer_s=6.8	2026-09-12T06:26:01
WUSTL	syn53215122	HT243B1H3A2-S1Fc1U1Z1B1-tissue_lowres_image.png	10X Visium	HTA12_135_10	/home/huyudi/013_spatial/R03_external/HTAN/WUSTL/synapse/syn53215122/HT243B1H3A2-S1Fc1U1Z1B1-tissue_lowres_image.png	DOWNLOADED	661141		1	transfer_s=7.2	2026-09-12T06:26:08
WUSTL	syn53215227	HT243B1H3A2-S1Fc1U1Z1B1-tissue_positions_list.csv	10X Visium	HTA12_135_10	/home/huyudi/013_spatial/R03_external/HTAN/WUSTL/synapse/syn53215227/HT243B1H3A2-S1Fc1U1Z1B1-tissue_positions_list.csv	DOWNLOADED	189694		1	transfer_s=7.0	2026-09-12T06:26:15
WUSTL	syn53215188	HT243B1H3A2-S1Fc1U2Z1B1-barcodes.tsv.gz	10X Visium	HTA12_135_11	/home/huyudi/013_spatial/R03_external/HTAN/WUSTL/synapse/syn53215188/HT243B1H3A2-S1Fc1U2Z1B1-barcodes.tsv.gz	DOWNLOADED	25674		1	transfer_s=6.7	2026-09-12T06:26:22
WUSTL	syn53215098	HT243B1H3A2-S1Fc1U2Z1B1-features.tsv.gz	10X Visium	HTA12_135_11	/home/huyudi/013_spatial/R03_external/HTAN/WUSTL/synapse/syn53215098/HT243B1H3A2-S1Fc1U2Z1B1-features.tsv.gz	DOWNLOADED	294478		1	transfer_s=7.1	2026-09-12T06:26:29
WUSTL	syn61465471	Colorectal_112C1-1.tif	10X Visium	HTA12_257_7	/home/huyudi/013_spatial/R03_external/HTAN/WUSTL/synapse/syn61465471/Colorectal_112C1-1.tif	DOWNLOADED	1171427008		1	transfer_s=372.8	2026-09-12T06:26:42
WUSTL	syn53215191	HT243B1H3A2-S1Fc1U2Z1B1-scalefactors_json.json	10X Visium	HTA12_135_11	/home/huyudi/013_spatial/R03_external/HTAN/WUSTL/synapse/syn53215191/HT243B1H3A2-S1Fc1U2Z1B1-scalefactors_json.json	DOWNLOADED	164		1	transfer_s=6.5	2026-09-12T06:26:48
WUSTL	syn53215263	HT243B1H3A2-S1Fc1U2Z1B1-tissue_lowres_image.png	10X Visium	HTA12_135_11	/home/huyudi/013_spatial/R03_external/HTAN/WUSTL/synapse/syn53215263/HT243B1H3A2-S1Fc1U2Z1B1-tissue_lowres_image.png	DOWNLOADED	649009		1	transfer_s=7.3	2026-09-12T06:26:56
WUSTL	syn53215295	HT243B1H3A2-S1Fc1U2Z1B1-matrix.mtx.gz	10X Visium	HTA12_135_11	/home/huyudi/013_spatial/R03_external/HTAN/WUSTL/synapse/syn53215295/HT243B1H3A2-S1Fc1U2Z1B1-matrix.mtx.gz	DOWNLOADED	92419881		1	transfer_s=32.2	2026-09-12T06:27:01
WUSTL	syn53215187	HT243B1H3A2-S1Fc1U2Z1B1-tissue_positions_list.csv	10X Visium	HTA12_135_11	/home/huyudi/013_spatial/R03_external/HTAN/WUSTL/synapse/syn53215187/HT243B1H3A2-S1Fc1U2Z1B1-tissue_positions_list.csv	DOWNLOADED	189694		1	transfer_s=7.2	2026-09-12T06:27:03
WUSTL	syn53215285	HT243B1H3A2-S1Fc1U3Z1B1-barcodes.tsv.gz	10X Visium	HTA12_135_12	/home/huyudi/013_spatial/R03_external/HTAN/WUSTL/synapse/syn53215285/HT243B1H3A2-S1Fc1U3Z1B1-barcodes.tsv.gz	DOWNLOADED	25674		1	transfer_s=6.7	2026-09-12T06:27:08
WUSTL	syn53215123	HT243B1H3A2-S1Fc1U3Z1B1-features.tsv.gz	10X Visium	HTA12_135_12	/home/huyudi/013_spatial/R03_external/HTAN/WUSTL/synapse/syn53215123/HT243B1H3A2-S1Fc1U3Z1B1-features.tsv.gz	DOWNLOADED	294478		1	transfer_s=5.5	2026-09-12T06:27:08
WUSTL	syn53215257	HT243B1H3A2-S1Fc1U3Z1B1-scalefactors_json.json	10X Visium	HTA12_135_12	/home/huyudi/013_spatial/R03_external/HTAN/WUSTL/synapse/syn53215257/HT243B1H3A2-S1Fc1U3Z1B1-scalefactors_json.json	DOWNLOADED	166		1	transfer_s=6.2	2026-09-12T06:27:15
WUSTL	syn53215272	HT243B1H3A2-S1Fc1U3Z1B1-tissue_lowres_image.png	10X Visium	HTA12_135_12	/home/huyudi/013_spatial/R03_external/HTAN/WUSTL/synapse/syn53215272/HT243B1H3A2-S1Fc1U3Z1B1-tissue_lowres_image.png	DOWNLOADED	652972		1	transfer_s=7.3	2026-09-12T06:27:22
WUSTL	syn53215271	HT243B1H3A2-S1Fc1U3Z1B1-tissue_positions_list.csv	10X Visium	HTA12_135_12	/home/huyudi/013_spatial/R03_external/HTAN/WUSTL/synapse/syn53215271/HT243B1H3A2-S1Fc1U3Z1B1-tissue_positions_list.csv	DOWNLOADED	189717		1	transfer_s=7.0	2026-09-12T06:27:29
WUSTL	syn61465468	D1_HT448C1-Th1K1Fp1U13.tif	10X Visium	HTA12_269_1	/home/huyudi/013_spatial/R03_external/HTAN/WUSTL/synapse/syn61465468/D1_HT448C1-Th1K1Fp1U13.tif	DOWNLOADED	789034791		1	transfer_s=236.1	2026-09-12T06:27:29
WUSTL	syn53215311	HT243B1H3A2-S1Fc1U3Z1B1-matrix.mtx.gz	10X Visium	HTA12_135_12	/home/huyudi/013_spatial/R03_external/HTAN/WUSTL/synapse/syn53215311/HT243B1H3A2-S1Fc1U3Z1B1-matrix.mtx.gz	DOWNLOADED	87993349		1	transfer_s=26.9	2026-09-12T06:27:35
WUSTL	syn53215247	HT243B1H3A2-S1Fc1U4Z1B1-barcodes.tsv.gz	10X Visium	HTA12_135_13	/home/huyudi/013_spatial/R03_external/HTAN/WUSTL/synapse/syn53215247/HT243B1H3A2-S1Fc1U4Z1B1-barcodes.tsv.gz	DOWNLOADED	25674		1	transfer_s=6.6	2026-09-12T06:27:35
WUSTL	syn53215087	HT243B1H3A2-S1Fc1U4Z1B1-features.tsv.gz	10X Visium	HTA12_135_13	/home/huyudi/013_spatial/R03_external/HTAN/WUSTL/synapse/syn53215087/HT243B1H3A2-S1Fc1U4Z1B1-features.tsv.gz	DOWNLOADED	294478		1	transfer_s=6.4	2026-09-12T06:27:36
WUSTL	syn53215240	HT243B1H3A2-S1Fc1U4Z1B1-scalefactors_json.json	10X Visium	HTA12_135_13	/home/huyudi/013_spatial/R03_external/HTAN/WUSTL/synapse/syn53215240/HT243B1H3A2-S1Fc1U4Z1B1-scalefactors_json.json	DOWNLOADED	167		1	transfer_s=6.1	2026-09-12T06:27:42
WUSTL	syn53215196	HT243B1H3A2-S1Fc1U4Z1B1-tissue_lowres_image.png	10X Visium	HTA12_135_13	/home/huyudi/013_spatial/R03_external/HTAN/WUSTL/synapse/syn53215196/HT243B1H3A2-S1Fc1U4Z1B1-tissue_lowres_image.png	DOWNLOADED	668956		1	transfer_s=6.3	2026-09-12T06:27:42
WUSTL	syn53215268	HT243B1H4A2-S1Fc1U1Z1B1-barcodes.tsv.gz	10X Visium	HTA12_135_14	/home/huyudi/013_spatial/R03_external/HTAN/WUSTL/synapse/syn53215268/HT243B1H4A2-S1Fc1U1Z1B1-barcodes.tsv.gz	DOWNLOADED	25674		1	transfer_s=6.0	2026-09-12T06:27:48
WUSTL	syn53215238	HT243B1H3A2-S1Fc1U4Z1B1-tissue_positions_list.csv	10X Visium	HTA12_135_13	/home/huyudi/013_spatial/R03_external/HTAN/WUSTL/synapse/syn53215238/HT243B1H3A2-S1Fc1U4Z1B1-tissue_positions_list.csv	DOWNLOADED	189694		1	transfer_s=6.8	2026-09-12T06:27:48
WUSTL	syn53215258	HT243B1H4A2-S1Fc1U1Z1B1-features.tsv.gz	10X Visium	HTA12_135_14	/home/huyudi/013_spatial/R03_external/HTAN/WUSTL/synapse/syn53215258/HT243B1H4A2-S1Fc1U1Z1B1-features.tsv.gz	DOWNLOADED	294478		1	transfer_s=7.0	2026-09-12T06:27:55
WUSTL	syn53215129	HT243B1H3A2-S1Fc1U4Z1B1-matrix.mtx.gz	10X Visium	HTA12_135_13	/home/huyudi/013_spatial/R03_external/HTAN/WUSTL/synapse/syn53215129/HT243B1H3A2-S1Fc1U4Z1B1-matrix.mtx.gz	DOWNLOADED	83651965		1	transfer_s=22.3	2026-09-12T06:27:57
WUSTL	syn53215111	HT243B1H4A2-S1Fc1U1Z1B1-scalefactors_json.json	10X Visium	HTA12_135_14	/home/huyudi/013_spatial/R03_external/HTAN/WUSTL/synapse/syn53215111/HT243B1H4A2-S1Fc1U1Z1B1-scalefactors_json.json	DOWNLOADED	166		1	transfer_s=6.6	2026-09-12T06:28:02
WUSTL	syn53215185	HT243B1H4A2-S1Fc1U1Z1B1-tissue_lowres_image.png	10X Visium	HTA12_135_14	/home/huyudi/013_spatial/R03_external/HTAN/WUSTL/synapse/syn53215185/HT243B1H4A2-S1Fc1U1Z1B1-tissue_lowres_image.png	DOWNLOADED	360229		1	transfer_s=5.1	2026-09-12T06:28:02
WUSTL	syn53215281	HT243B1H4A2-S1Fc1U1Z1B1-matrix.mtx.gz	10X Visium	HTA12_135_14	/home/huyudi/013_spatial/R03_external/HTAN/WUSTL/synapse/syn53215281/HT243B1H4A2-S1Fc1U1Z1B1-matrix.mtx.gz	DOWNLOADED	43361294		1	transfer_s=15.0	2026-09-12T06:28:03
WUSTL	syn53215222	HT243B1H4A2-S1Fc1U2Z1B1-barcodes.tsv.gz	10X Visium	HTA12_135_15	/home/huyudi/013_spatial/R03_external/HTAN/WUSTL/synapse/syn53215222/HT243B1H4A2-S1Fc1U2Z1B1-barcodes.tsv.gz	DOWNLOADED	25674		1	transfer_s=6.0	2026-09-12T06:28:08
WUSTL	syn53215239	HT243B1H4A2-S1Fc1U1Z1B1-tissue_positions_list.csv	10X Visium	HTA12_135_14	/home/huyudi/013_spatial/R03_external/HTAN/WUSTL/synapse/syn53215239/HT243B1H4A2-S1Fc1U1Z1B1-tissue_positions_list.csv	DOWNLOADED	189698		1	transfer_s=6.9	2026-09-12T06:28:09
WUSTL	syn53215134	HT243B1H4A2-S1Fc1U2Z1B1-features.tsv.gz	10X Visium	HTA12_135_15	/home/huyudi/013_spatial/R03_external/HTAN/WUSTL/synapse/syn53215134/HT243B1H4A2-S1Fc1U2Z1B1-features.tsv.gz	DOWNLOADED	294478		1	transfer_s=5.4	2026-09-12T06:28:09
WUSTL	syn53215253	HT243B1H4A2-S1Fc1U2Z1B1-tissue_lowres_image.png	10X Visium	HTA12_135_15	/home/huyudi/013_spatial/R03_external/HTAN/WUSTL/synapse/syn53215253/HT243B1H4A2-S1Fc1U2Z1B1-tissue_lowres_image.png	DOWNLOADED	392827		1	transfer_s=6.6	2026-09-12T06:28:15
WUSTL	syn53215163	HT243B1H4A2-S1Fc1U2Z1B1-scalefactors_json.json	10X Visium	HTA12_135_15	/home/huyudi/013_spatial/R03_external/HTAN/WUSTL/synapse/syn53215163/HT243B1H4A2-S1Fc1U2Z1B1-scalefactors_json.json	DOWNLOADED	166		1	transfer_s=12.3	2026-09-12T06:28:21
WUSTL	syn53215210	HT243B1H4A2-S1Fc1U2Z1B1-tissue_positions_list.csv	10X Visium	HTA12_135_15	/home/huyudi/013_spatial/R03_external/HTAN/WUSTL/synapse/syn53215210/HT243B1H4A2-S1Fc1U2Z1B1-tissue_positions_list.csv	DOWNLOADED	189694		1	transfer_s=6.0	2026-09-12T06:28:21
WUSTL	syn53215249	HT243B1H4A2-S1Fc1U2Z1B1-matrix.mtx.gz	10X Visium	HTA12_135_15	/home/huyudi/013_spatial/R03_external/HTAN/WUSTL/synapse/syn53215249/HT243B1H4A2-S1Fc1U2Z1B1-matrix.mtx.gz	DOWNLOADED	44259859		1	transfer_s=14.6	2026-09-12T06:28:23
WUSTL	syn53215201	HT268B1-Th1H3Fc2U12Z1Bs1-barcodes.tsv.gz	10X Visium	HTA12_140_4	/home/huyudi/013_spatial/R03_external/HTAN/WUSTL/synapse/syn53215201/HT268B1-Th1H3Fc2U12Z1Bs1-barcodes.tsv.gz	DOWNLOADED	28924		1	transfer_s=6.6	2026-09-12T06:28:27
WUSTL	syn53215127	HT268B1-Th1H3Fc2U12Z1Bs1-features.tsv.gz	10X Visium	HTA12_140_4	/home/huyudi/013_spatial/R03_external/HTAN/WUSTL/synapse/syn53215127/HT268B1-Th1H3Fc2U12Z1Bs1-features.tsv.gz	DOWNLOADED	294478		1	transfer_s=6.5	2026-09-12T06:28:28
WUSTL	syn61465378	Colorectal_112C1-2.tif	10X Visium	HTA12_257_8	/home/huyudi/013_spatial/R03_external/HTAN/WUSTL/synapse/syn61465378/Colorectal_112C1-2.tif	DOWNLOADED	1483964600		1	transfer_s=362.8	2026-09-12T06:28:30
WUSTL	syn53215119	HT268B1-Th1H3Fc2U12Z1Bs1-scalefactors_json.json	10X Visium	HTA12_140_4	/home/huyudi/013_spatial/R03_external/HTAN/WUSTL/synapse/syn53215119/HT268B1-Th1H3Fc2U12Z1Bs1-scalefactors_json.json	DOWNLOADED	164		1	transfer_s=6.5	2026-09-12T06:28:34
WUSTL	syn53215267	HT268B1-Th1H3Fc2U12Z1Bs1-matrix.mtx.gz	10X Visium	HTA12_140_4	/home/huyudi/013_spatial/R03_external/HTAN/WUSTL/synapse/syn53215267/HT268B1-Th1H3Fc2U12Z1Bs1-matrix.mtx.gz	DOWNLOADED	57990108		1	transfer_s=11.2	2026-09-12T06:28:34
WUSTL	syn53215277	HT268B1-Th1H3Fc2U12Z1Bs1-tissue_positions.csv	10X Visium	HTA12_140_4	/home/huyudi/013_spatial/R03_external/HTAN/WUSTL/synapse/syn53215277/HT268B1-Th1H3Fc2U12Z1Bs1-tissue_positions.csv	DOWNLOADED	189739		1	transfer_s=4.3	2026-09-12T06:28:34
WUSTL	syn53215237	HT268B1-Th1H3Fc2U12Z1Bs1-tissue_lowres_image.png	10X Visium	HTA12_140_4	/home/huyudi/013_spatial/R03_external/HTAN/WUSTL/synapse/syn53215237/HT268B1-Th1H3Fc2U12Z1Bs1-tissue_lowres_image.png	DOWNLOADED	679188		1	transfer_s=6.6	2026-09-12T06:28:34
WUSTL	syn53215156	HT268B1-Th1H3Fc2U22Z1Bs1-scalefactors_json.json	10X Visium	HTA12_140_5	/home/huyudi/013_spatial/R03_external/HTAN/WUSTL/synapse/syn53215156/HT268B1-Th1H3Fc2U22Z1Bs1-scalefactors_json.json	DOWNLOADED	165		1	transfer_s=6.0	2026-09-12T06:28:41
WUSTL	syn53215204	HT268B1-Th1H3Fc2U22Z1Bs1-barcodes.tsv.gz	10X Visium	HTA12_140_5	/home/huyudi/013_spatial/R03_external/HTAN/WUSTL/synapse/syn53215204/HT268B1-Th1H3Fc2U22Z1Bs1-barcodes.tsv.gz	DOWNLOADED	28924		1	transfer_s=6.7	2026-09-12T06:28:41
WUSTL	syn53215279	HT268B1-Th1H3Fc2U22Z1Bs1-features.tsv.gz	10X Visium	HTA12_140_5	/home/huyudi/013_spatial/R03_external/HTAN/WUSTL/synapse/syn53215279/HT268B1-Th1H3Fc2U22Z1Bs1-features.tsv.gz	DOWNLOADED	294478		1	transfer_s=6.6	2026-09-12T06:28:41
WUSTL	syn53215217	HT268B1-Th1H3Fc2U2Z1Bs1-barcodes.tsv.gz	10X Visium	HTA12_140_6	/home/huyudi/013_spatial/R03_external/HTAN/WUSTL/synapse/syn53215217/HT268B1-Th1H3Fc2U2Z1Bs1-barcodes.tsv.gz	DOWNLOADED	28924		1	transfer_s=5.9	2026-09-12T06:28:47
WUSTL	syn53215137	HT268B1-Th1H3Fc2U22Z1Bs1-tissue_positions.csv	10X Visium	HTA12_140_5	/home/huyudi/013_spatial/R03_external/HTAN/WUSTL/synapse/syn53215137/HT268B1-Th1H3Fc2U22Z1Bs1-tissue_positions.csv	DOWNLOADED	189486		1	transfer_s=6.1	2026-09-12T06:28:47
WUSTL	syn53215114	HT268B1-Th1H3Fc2U22Z1Bs1-tissue_lowres_image.png	10X Visium	HTA12_140_5	/home/huyudi/013_spatial/R03_external/HTAN/WUSTL/synapse/syn53215114/HT268B1-Th1H3Fc2U22Z1Bs1-tissue_lowres_image.png	DOWNLOADED	658741		1	transfer_s=6.6	2026-09-12T06:28:47
WUSTL	syn53215151	HT268B1-Th1H3Fc2U22Z1Bs1-matrix.mtx.gz	10X Visium	HTA12_140_5	/home/huyudi/013_spatial/R03_external/HTAN/WUSTL/synapse/syn53215151/HT268B1-Th1H3Fc2U22Z1Bs1-matrix.mtx.gz	DOWNLOADED	47664886		1	transfer_s=16.8	2026-09-12T06:28:51
WUSTL	syn53215246	HT268B1-Th1H3Fc2U2Z1Bs1-scalefactors_json.json	10X Visium	HTA12_140_6	/home/huyudi/013_spatial/R03_external/HTAN/WUSTL/synapse/syn53215246/HT268B1-Th1H3Fc2U2Z1Bs1-scalefactors_json.json	DOWNLOADED	164		1	transfer_s=6.0	2026-09-12T06:28:53
WUSTL	syn53215225	HT268B1-Th1H3Fc2U2Z1Bs1-features.tsv.gz	10X Visium	HTA12_140_6	/home/huyudi/013_spatial/R03_external/HTAN/WUSTL/synapse/syn53215225/HT268B1-Th1H3Fc2U2Z1Bs1-features.tsv.gz	DOWNLOADED	294478		1	transfer_s=6.9	2026-09-12T06:28:53
WUSTL	syn53215242	HT268B1-Th1H3Fc2U2Z1Bs1-tissue_lowres_image.png	10X Visium	HTA12_140_6	/home/huyudi/013_spatial/R03_external/HTAN/WUSTL/synapse/syn53215242/HT268B1-Th1H3Fc2U2Z1Bs1-tissue_lowres_image.png	DOWNLOADED	688517		1	transfer_s=2.5	2026-09-12T06:28:54
WUSTL	syn53215284	HT268B1-Th1H3Fc2U2Z1Bs1-matrix.mtx.gz	10X Visium	HTA12_140_6	/home/huyudi/013_spatial/R03_external/HTAN/WUSTL/synapse/syn53215284/HT268B1-Th1H3Fc2U2Z1Bs1-matrix.mtx.gz	DOWNLOADED	62552931		1	transfer_s=12.7	2026-09-12T06:28:59
WUSTL	syn53215159	HT268B1-Th1H3Fc2U32Z1Bs1-barcodes.tsv.gz	10X Visium	HTA12_140_7	/home/huyudi/013_spatial/R03_external/HTAN/WUSTL/synapse/syn53215159/HT268B1-Th1H3Fc2U32Z1Bs1-barcodes.tsv.gz	DOWNLOADED	28924		1	transfer_s=6.3	2026-09-12T06:29:00
WUSTL	syn53215183	HT268B1-Th1H3Fc2U32Z1Bs1-features.tsv.gz	10X Visium	HTA12_140_7	/home/huyudi/013_spatial/R03_external/HTAN/WUSTL/synapse/syn53215183/HT268B1-Th1H3Fc2U32Z1Bs1-features.tsv.gz	DOWNLOADED	294478		1	transfer_s=6.6	2026-09-12T06:29:00
WUSTL	syn53215146	HT268B1-Th1H3Fc2U2Z1Bs1-tissue_positions.csv	10X Visium	HTA12_140_6	/home/huyudi/013_spatial/R03_external/HTAN/WUSTL/synapse/syn53215146/HT268B1-Th1H3Fc2U2Z1Bs1-tissue_positions.csv	DOWNLOADED	189525		1	transfer_s=7.0	2026-09-12T06:29:00
WUSTL	syn53215157	HT268B1-Th1H3Fc2U32Z1Bs1-scalefactors_json.json	10X Visium	HTA12_140_7	/home/huyudi/013_spatial/R03_external/HTAN/WUSTL/synapse/syn53215157/HT268B1-Th1H3Fc2U32Z1Bs1-scalefactors_json.json	DOWNLOADED	166		1	transfer_s=6.3	2026-09-12T06:29:06
WUSTL	syn53215255	HT268B1-Th1H3Fc2U32Z1Bs1-tissue_positions.csv	10X Visium	HTA12_140_7	/home/huyudi/013_spatial/R03_external/HTAN/WUSTL/synapse/syn53215255/HT268B1-Th1H3Fc2U32Z1Bs1-tissue_positions.csv	DOWNLOADED	189241		1	transfer_s=6.3	2026-09-12T06:29:06
WUSTL	syn53215139	HT268B1-Th1H3Fc2U32Z1Bs1-tissue_lowres_image.png	10X Visium	HTA12_140_7	/home/huyudi/013_spatial/R03_external/HTAN/WUSTL/synapse/syn53215139/HT268B1-Th1H3Fc2U32Z1Bs1-tissue_lowres_image.png	DOWNLOADED	637646		1	transfer_s=6.6	2026-09-12T06:29:07
WUSTL	syn53215304	HT268B1-Th1H3Fc2U32Z1Bs1-matrix.mtx.gz	10X Visium	HTA12_140_7	/home/huyudi/013_spatial/R03_external/HTAN/WUSTL/synapse/syn53215304/HT268B1-Th1H3Fc2U32Z1Bs1-matrix.mtx.gz	DOWNLOADED	48161848		1	transfer_s=11.3	2026-09-12T06:29:11
WUSTL	syn53215132	HT268B1-Th1K3Fc2U1Z1Bs1-barcodes.tsv.gz	10X Visium	HTA12_140_8	/home/huyudi/013_spatial/R03_external/HTAN/WUSTL/synapse/syn53215132/HT268B1-Th1K3Fc2U1Z1Bs1-barcodes.tsv.gz	DOWNLOADED	25674		1	transfer_s=6.7	2026-09-12T06:29:13
WUSTL	syn53215211	HT268B1-Th1K3Fc2U1Z1Bs1-scalefactors_json.json	10X Visium	HTA12_140_8	/home/huyudi/013_spatial/R03_external/HTAN/WUSTL/synapse/syn53215211/HT268B1-Th1K3Fc2U1Z1Bs1-scalefactors_json.json	DOWNLOADED	166		1	transfer_s=2.1	2026-09-12T06:29:13
WUSTL	syn53215236	HT268B1-Th1K3Fc2U1Z1Bs1-features.tsv.gz	10X Visium	HTA12_140_8	/home/huyudi/013_spatial/R03_external/HTAN/WUSTL/synapse/syn53215236/HT268B1-Th1K3Fc2U1Z1Bs1-features.tsv.gz	DOWNLOADED	294478		1	transfer_s=6.7	2026-09-12T06:29:13
WUSTL	syn53215086	HT271B1-S1H3Fc2U1Z1Bs1-barcodes.tsv.gz	10X Visium	HTA12_142_9	/home/huyudi/013_spatial/R03_external/HTAN/WUSTL/synapse/syn53215086/HT271B1-S1H3Fc2U1Z1Bs1-barcodes.tsv.gz	DOWNLOADED	25674		1	transfer_s=6.3	2026-09-12T06:29:19
WUSTL	syn53215175	HT268B1-Th1K3Fc2U1Z1Bs1-tissue_positions_list.csv	10X Visium	HTA12_140_8	/home/huyudi/013_spatial/R03_external/HTAN/WUSTL/synapse/syn53215175/HT268B1-Th1K3Fc2U1Z1Bs1-tissue_positions_list.csv	DOWNLOADED	189538		1	transfer_s=6.8	2026-09-12T06:29:20
WUSTL	syn53215280	HT268B1-Th1K3Fc2U1Z1Bs1-tissue_lowres_image.png	10X Visium	HTA12_140_8	/home/huyudi/013_spatial/R03_external/HTAN/WUSTL/synapse/syn53215280/HT268B1-Th1K3Fc2U1Z1Bs1-tissue_lowres_image.png	DOWNLOADED	626422		1	transfer_s=7.1	2026-09-12T06:29:20
WUSTL	syn53215291	HT268B1-Th1K3Fc2U1Z1Bs1-matrix.mtx.gz	10X Visium	HTA12_140_8	/home/huyudi/013_spatial/R03_external/HTAN/WUSTL/synapse/syn53215291/HT268B1-Th1K3Fc2U1Z1Bs1-matrix.mtx.gz	DOWNLOADED	78659349		1	transfer_s=13.4	2026-09-12T06:29:20
WUSTL	syn53215286	HT271B1-S1H3Fc2U1Z1Bs1-scalefactors_json.json	10X Visium	HTA12_142_9	/home/huyudi/013_spatial/R03_external/HTAN/WUSTL/synapse/syn53215286/HT271B1-S1H3Fc2U1Z1Bs1-scalefactors_json.json	DOWNLOADED	165		1	transfer_s=6.2	2026-09-12T06:29:26
WUSTL	syn53215120	HT271B1-S1H3Fc2U1Z1Bs1-features.tsv.gz	10X Visium	HTA12_142_9	/home/huyudi/013_spatial/R03_external/HTAN/WUSTL/synapse/syn53215120/HT271B1-S1H3Fc2U1Z1Bs1-features.tsv.gz	DOWNLOADED	294478		1	transfer_s=7.0	2026-09-12T06:29:26
WUSTL	syn53215207	HT271B1-S1H3Fc2U1Z1Bs1-tissue_lowres_image.png	10X Visium	HTA12_142_9	/home/huyudi/013_spatial/R03_external/HTAN/WUSTL/synapse/syn53215207/HT271B1-S1H3Fc2U1Z1Bs1-tissue_lowres_image.png	DOWNLOADED	499525		1	transfer_s=6.5	2026-09-12T06:29:27
WUSTL	syn53215194	HT271B1-S1H3Fc2U1Z1Bs1-matrix.mtx.gz	10X Visium	HTA12_142_9	/home/huyudi/013_spatial/R03_external/HTAN/WUSTL/synapse/syn53215194/HT271B1-S1H3Fc2U1Z1Bs1-matrix.mtx.gz	DOWNLOADED	43324939		1	transfer_s=10.7	2026-09-12T06:29:30
WUSTL	syn53215199	HT271B1-S1H3Fc2U2Z1Bs1-barcodes.tsv.gz	10X Visium	HTA12_142_10	/home/huyudi/013_spatial/R03_external/HTAN/WUSTL/synapse/syn53215199/HT271B1-S1H3Fc2U2Z1Bs1-barcodes.tsv.gz	DOWNLOADED	25674		1	transfer_s=6.2	2026-09-12T06:29:33
WUSTL	syn53215099	HT271B1-S1H3Fc2U1Z1Bs1-tissue_positions_list.csv	10X Visium	HTA12_142_9	/home/huyudi/013_spatial/R03_external/HTAN/WUSTL/synapse/syn53215099/HT271B1-S1H3Fc2U1Z1Bs1-tissue_positions_list.csv	DOWNLOADED	189757		1	transfer_s=6.9	2026-09-12T06:29:33
WUSTL	syn53215203	HT271B1-S1H3Fc2U2Z1Bs1-features.tsv.gz	10X Visium	HTA12_142_10	/home/huyudi/013_spatial/R03_external/HTAN/WUSTL/synapse/syn53215203/HT271B1-S1H3Fc2U2Z1Bs1-features.tsv.gz	DOWNLOADED	294478		1	transfer_s=6.5	2026-09-12T06:29:33
WUSTL	syn53215181	HT271B1-S1H3Fc2U2Z1Bs1-matrix.mtx.gz	10X Visium	HTA12_142_10	/home/huyudi/013_spatial/R03_external/HTAN/WUSTL/synapse/syn53215181/HT271B1-S1H3Fc2U2Z1Bs1-matrix.mtx.gz	DOWNLOADED	48963622		1	transfer_s=7.1	2026-09-12T06:29:37
WUSTL	syn53215142	HT271B1-S1H3Fc2U2Z1Bs1-scalefactors_json.json	10X Visium	HTA12_142_10	/home/huyudi/013_spatial/R03_external/HTAN/WUSTL/synapse/syn53215142/HT271B1-S1H3Fc2U2Z1Bs1-scalefactors_json.json	DOWNLOADED	164		1	transfer_s=6.6	2026-09-12T06:29:39
WUSTL	syn53215215	HT271B1-S1H3Fc2U3Z1Bs1-barcodes.tsv.gz	10X Visium	HTA12_142_11	/home/huyudi/013_spatial/R03_external/HTAN/WUSTL/synapse/syn53215215/HT271B1-S1H3Fc2U3Z1Bs1-barcodes.tsv.gz	DOWNLOADED	25674		1	transfer_s=1.9	2026-09-12T06:29:39
WUSTL	syn53215165	HT271B1-S1H3Fc2U2Z1Bs1-tissue_positions_list.csv	10X Visium	HTA12_142_10	/home/huyudi/013_spatial/R03_external/HTAN/WUSTL/synapse/syn53215165/HT271B1-S1H3Fc2U2Z1Bs1-tissue_positions_list.csv	DOWNLOADED	189655		1	transfer_s=6.4	2026-09-12T06:29:40
WUSTL	syn53215153	HT271B1-S1H3Fc2U2Z1Bs1-tissue_lowres_image.png	10X Visium	HTA12_142_10	/home/huyudi/013_spatial/R03_external/HTAN/WUSTL/synapse/syn53215153/HT271B1-S1H3Fc2U2Z1Bs1-tissue_lowres_image.png	DOWNLOADED	508820		1	transfer_s=6.7	2026-09-12T06:29:40
WUSTL	syn53215091	HT271B1-S1H3Fc2U3Z1Bs1-scalefactors_json.json	10X Visium	HTA12_142_11	/home/huyudi/013_spatial/R03_external/HTAN/WUSTL/synapse/syn53215091/HT271B1-S1H3Fc2U3Z1Bs1-scalefactors_json.json	DOWNLOADED	165		1	transfer_s=6.3	2026-09-12T06:29:46
WUSTL	syn53215092	HT271B1-S1H3Fc2U3Z1Bs1-tissue_lowres_image.png	10X Visium	HTA12_142_11	/home/huyudi/013_spatial/R03_external/HTAN/WUSTL/synapse/syn53215092/HT271B1-S1H3Fc2U3Z1Bs1-tissue_lowres_image.png	DOWNLOADED	502623		1	transfer_s=6.5	2026-09-12T06:29:46
WUSTL	syn53215192	HT271B1-S1H3Fc2U3Z1Bs1-features.tsv.gz	10X Visium	HTA12_142_11	/home/huyudi/013_spatial/R03_external/HTAN/WUSTL/synapse/syn53215192/HT271B1-S1H3Fc2U3Z1Bs1-features.tsv.gz	DOWNLOADED	294478		1	transfer_s=7.0	2026-09-12T06:29:46
WUSTL	syn53215273	HT271B1-S1H3Fc2U3Z1Bs1-matrix.mtx.gz	10X Visium	HTA12_142_11	/home/huyudi/013_spatial/R03_external/HTAN/WUSTL/synapse/syn53215273/HT271B1-S1H3Fc2U3Z1Bs1-matrix.mtx.gz	DOWNLOADED	47238295		1	transfer_s=10.9	2026-09-12T06:29:50
WUSTL	syn53215158	HT271B1-S1H3Fc2U4Z1Bs1-barcodes.tsv.gz	10X Visium	HTA12_142_12	/home/huyudi/013_spatial/R03_external/HTAN/WUSTL/synapse/syn53215158/HT271B1-S1H3Fc2U4Z1Bs1-barcodes.tsv.gz	DOWNLOADED	25674		1	transfer_s=6.3	2026-09-12T06:29:52
WUSTL	syn53215140	HT271B1-S1H3Fc2U4Z1Bs1-features.tsv.gz	10X Visium	HTA12_142_12	/home/huyudi/013_spatial/R03_external/HTAN/WUSTL/synapse/syn53215140/HT271B1-S1H3Fc2U4Z1Bs1-features.tsv.gz	DOWNLOADED	294478		1	transfer_s=6.6	2026-09-12T06:29:53
WUSTL	syn53215107	HT271B1-S1H3Fc2U3Z1Bs1-tissue_positions_list.csv	10X Visium	HTA12_142_11	/home/huyudi/013_spatial/R03_external/HTAN/WUSTL/synapse/syn53215107/HT271B1-S1H3Fc2U3Z1Bs1-tissue_positions_list.csv	DOWNLOADED	189655		1	transfer_s=7.4	2026-09-12T06:29:53
WUSTL	syn53215231	HT271B1-S1H3Fc2U4Z1Bs1-matrix.mtx.gz	10X Visium	HTA12_142_12	/home/huyudi/013_spatial/R03_external/HTAN/WUSTL/synapse/syn53215231/HT271B1-S1H3Fc2U4Z1Bs1-matrix.mtx.gz	DOWNLOADED	53279805		1	transfer_s=7.4	2026-09-12T06:29:57
WUSTL	syn53215133	HT271B1-S1H3Fc2U4Z1Bs1-scalefactors_json.json	10X Visium	HTA12_142_12	/home/huyudi/013_spatial/R03_external/HTAN/WUSTL/synapse/syn53215133/HT271B1-S1H3Fc2U4Z1Bs1-scalefactors_json.json	DOWNLOADED	166		1	transfer_s=6.5	2026-09-12T06:29:59
WUSTL	syn61462248	HT112C1-U1_ST_Bn1-barcodes.tsv.gz	10X Visium	HTA12_257_7	/home/huyudi/013_spatial/R03_external/HTAN/WUSTL/synapse/syn61462248/HT112C1-U1_ST_Bn1-barcodes.tsv.gz	DOWNLOADED	25674		1	transfer_s=1.5	2026-09-12T06:29:59
WUSTL	syn53215100	HT271B1-S1H3Fc2U4Z1Bs1-tissue_lowres_image.png	10X Visium	HTA12_142_12	/home/huyudi/013_spatial/R03_external/HTAN/WUSTL/synapse/syn53215100/HT271B1-S1H3Fc2U4Z1Bs1-tissue_lowres_image.png	DOWNLOADED	484690		1	transfer_s=6.6	2026-09-12T06:29:59
WUSTL	syn53215169	HT271B1-S1H3Fc2U4Z1Bs1-tissue_positions_list.csv	10X Visium	HTA12_142_12	/home/huyudi/013_spatial/R03_external/HTAN/WUSTL/synapse/syn53215169/HT271B1-S1H3Fc2U4Z1Bs1-tissue_positions_list.csv	DOWNLOADED	189684		1	transfer_s=6.4	2026-09-12T06:30:00
WUSTL	syn61462393	HT112C1-U1_ST_Bn1-scalefactors_json.json	10X Visium	HTA12_257_7	/home/huyudi/013_spatial/R03_external/HTAN/WUSTL/synapse/syn61462393/HT112C1-U1_ST_Bn1-scalefactors_json.json	DOWNLOADED	165		1	transfer_s=6.1	2026-09-12T06:30:06
WUSTL	syn61462380	HT112C1-U1_ST_Bn1-features.tsv.gz	10X Visium	HTA12_257_7	/home/huyudi/013_spatial/R03_external/HTAN/WUSTL/synapse/syn61462380/HT112C1-U1_ST_Bn1-features.tsv.gz	DOWNLOADED	294383		1	transfer_s=6.8	2026-09-12T06:30:06
WUSTL	syn61462432	HT112C1-U1_ST_Bn1-tissue_lowres_image.png	10X Visium	HTA12_257_7	/home/huyudi/013_spatial/R03_external/HTAN/WUSTL/synapse/syn61462432/HT112C1-U1_ST_Bn1-tissue_lowres_image.png	DOWNLOADED	507417		1	transfer_s=6.3	2026-09-12T06:30:06
WUSTL	syn61462459	HT112C1-U1_ST_Bn1-matrix.mtx.gz	10X Visium	HTA12_257_7	/home/huyudi/013_spatial/R03_external/HTAN/WUSTL/synapse/syn61462459/HT112C1-U1_ST_Bn1-matrix.mtx.gz	DOWNLOADED	52830664		1	transfer_s=12.6	2026-09-12T06:30:12
WUSTL	syn61462233	HT112C1-U2_ST_Bn1-barcodes.tsv.gz	10X Visium	HTA12_257_8	/home/huyudi/013_spatial/R03_external/HTAN/WUSTL/synapse/syn61462233/HT112C1-U2_ST_Bn1-barcodes.tsv.gz	DOWNLOADED	25674		1	transfer_s=6.3	2026-09-12T06:30:12
WUSTL	syn61462358	HT112C1-U1_ST_Bn1-tissue_positions_list.csv	10X Visium	HTA12_257_7	/home/huyudi/013_spatial/R03_external/HTAN/WUSTL/synapse/syn61462358/HT112C1-U1_ST_Bn1-tissue_positions_list.csv	DOWNLOADED	189687		1	transfer_s=6.9	2026-09-12T06:30:12
WUSTL	syn61462149	HT112C1-U2_ST_Bn1-features.tsv.gz	10X Visium	HTA12_257_8	/home/huyudi/013_spatial/R03_external/HTAN/WUSTL/synapse/syn61462149/HT112C1-U2_ST_Bn1-features.tsv.gz	DOWNLOADED	294383		1	transfer_s=6.4	2026-09-12T06:30:12
WUSTL	syn61462263	HT112C1-U2_ST_Bn1-scalefactors_json.json	10X Visium	HTA12_257_8	/home/huyudi/013_spatial/R03_external/HTAN/WUSTL/synapse/syn61462263/HT112C1-U2_ST_Bn1-scalefactors_json.json	DOWNLOADED	147		1	transfer_s=6.1	2026-09-12T06:30:18
WUSTL	syn61462100	HT112C1-U2_ST_Bn1-tissue_lowres_image.png	10X Visium	HTA12_257_8	/home/huyudi/013_spatial/R03_external/HTAN/WUSTL/synapse/syn61462100/HT112C1-U2_ST_Bn1-tissue_lowres_image.png	DOWNLOADED	485713		1	transfer_s=6.2	2026-09-12T06:30:19
WUSTL	syn61462480	HT112C1-U2_ST_Bn1-matrix.mtx.gz	10X Visium	HTA12_257_8	/home/huyudi/013_spatial/R03_external/HTAN/WUSTL/synapse/syn61462480/HT112C1-U2_ST_Bn1-matrix.mtx.gz	DOWNLOADED	45371317		1	transfer_s=10.9	2026-09-12T06:30:22
WUSTL	syn61462090	HT225C1-Th1Fc1U1Z1B1-barcodes.tsv.gz	10X Visium	HTA12_132_8	/home/huyudi/013_spatial/R03_external/HTAN/WUSTL/synapse/syn61462090/HT225C1-Th1Fc1U1Z1B1-barcodes.tsv.gz	DOWNLOADED	25674		1	transfer_s=6.5	2026-09-12T06:30:25
WUSTL	syn61462101	HT225C1-Th1Fc1U1Z1B1-features.tsv.gz	10X Visium	HTA12_132_8	/home/huyudi/013_spatial/R03_external/HTAN/WUSTL/synapse/syn61462101/HT225C1-Th1Fc1U1Z1B1-features.tsv.gz	DOWNLOADED	294383		1	transfer_s=6.4	2026-09-12T06:30:25
WUSTL	syn61462182	HT112C1-U2_ST_Bn1-tissue_positions_list.csv	10X Visium	HTA12_257_8	/home/huyudi/013_spatial/R03_external/HTAN/WUSTL/synapse/syn61462182/HT112C1-U2_ST_Bn1-tissue_positions_list.csv	DOWNLOADED	190376		1	transfer_s=12.6	2026-09-12T06:30:25
WUSTL	syn61462287	HT225C1-Th1Fc1U1Z1B1-scalefactors_json.json	10X Visium	HTA12_132_8	/home/huyudi/013_spatial/R03_external/HTAN/WUSTL/synapse/syn61462287/HT225C1-Th1Fc1U1Z1B1-scalefactors_json.json	DOWNLOADED	164		1	transfer_s=6.5	2026-09-12T06:30:31
WUSTL	syn61462304	HT225C1-Th1Fc1U1Z1B1-tissue_positions_list.csv	10X Visium	HTA12_132_8	/home/huyudi/013_spatial/R03_external/HTAN/WUSTL/synapse/syn61462304/HT225C1-Th1Fc1U1Z1B1-tissue_positions_list.csv	DOWNLOADED	188797		1	transfer_s=6.4	2026-09-12T06:30:31
WUSTL	syn61462211	HT225C1-Th1Fc1U1Z1B1-tissue_lowres_image.png	10X Visium	HTA12_132_8	/home/huyudi/013_spatial/R03_external/HTAN/WUSTL/synapse/syn61462211/HT225C1-Th1Fc1U1Z1B1-tissue_lowres_image.png	DOWNLOADED	688345		1	transfer_s=6.7	2026-09-12T06:30:32
WUSTL	syn61462531	HT225C1-Th1Fc1U1Z1B1-matrix.mtx.gz	10X Visium	HTA12_132_8	/home/huyudi/013_spatial/R03_external/HTAN/WUSTL/synapse/syn61462531/HT225C1-Th1Fc1U1Z1B1-matrix.mtx.gz	DOWNLOADED	85281743		1	transfer_s=10.4	2026-09-12T06:30:33
WUSTL	syn61462285	HT225C1-Th1Fc1U2Z1B1-scalefactors_json.json	10X Visium	HTA12_132_9	/home/huyudi/013_spatial/R03_external/HTAN/WUSTL/synapse/syn61462285/HT225C1-Th1Fc1U2Z1B1-scalefactors_json.json	DOWNLOADED	166		1	transfer_s=4.8	2026-09-12T06:30:38
WUSTL	syn61462041	HT225C1-Th1Fc1U2Z1B1-barcodes.tsv.gz	10X Visium	HTA12_132_9	/home/huyudi/013_spatial/R03_external/HTAN/WUSTL/synapse/syn61462041/HT225C1-Th1Fc1U2Z1B1-barcodes.tsv.gz	DOWNLOADED	25674		1	transfer_s=6.6	2026-09-12T06:30:38
WUSTL	syn61462256	HT225C1-Th1Fc1U2Z1B1-features.tsv.gz	10X Visium	HTA12_132_9	/home/huyudi/013_spatial/R03_external/HTAN/WUSTL/synapse/syn61462256/HT225C1-Th1Fc1U2Z1B1-features.tsv.gz	DOWNLOADED	294478		1	transfer_s=6.8	2026-09-12T06:30:38
WUSTL	syn61462179	HT225C1-Th1Fc1U3Z1B1-barcodes.tsv.gz	10X Visium	HTA12_132_10	/home/huyudi/013_spatial/R03_external/HTAN/WUSTL/synapse/syn61462179/HT225C1-Th1Fc1U3Z1B1-barcodes.tsv.gz	DOWNLOADED	25674		1	transfer_s=6.0	2026-09-12T06:30:44
WUSTL	syn61462057	HT225C1-Th1Fc1U2Z1B1-tissue_positions_list.csv	10X Visium	HTA12_132_9	/home/huyudi/013_spatial/R03_external/HTAN/WUSTL/synapse/syn61462057/HT225C1-Th1Fc1U2Z1B1-tissue_positions_list.csv	DOWNLOADED	189691		1	transfer_s=7.0	2026-09-12T06:30:45
WUSTL	syn61462093	HT225C1-Th1Fc1U2Z1B1-tissue_lowres_image.png	10X Visium	HTA12_132_9	/home/huyudi/013_spatial/R03_external/HTAN/WUSTL/synapse/syn61462093/HT225C1-Th1Fc1U2Z1B1-tissue_lowres_image.png	DOWNLOADED	602923		1	transfer_s=7.1	2026-09-12T06:30:45
WUSTL	syn61462538	HT225C1-Th1Fc1U2Z1B1-matrix.mtx.gz	10X Visium	HTA12_132_9	/home/huyudi/013_spatial/R03_external/HTAN/WUSTL/synapse/syn61462538/HT225C1-Th1Fc1U2Z1B1-matrix.mtx.gz	DOWNLOADED	104607210		1	transfer_s=15.7	2026-09-12T06:30:47
WUSTL	syn61462226	HT225C1-Th1Fc1U3Z1B1-scalefactors_json.json	10X Visium	HTA12_132_10	/home/huyudi/013_spatial/R03_external/HTAN/WUSTL/synapse/syn61462226/HT225C1-Th1Fc1U3Z1B1-scalefactors_json.json	DOWNLOADED	165		1	transfer_s=6.1	2026-09-12T06:30:51
WUSTL	syn61462400	HT225C1-Th1Fc1U3Z1B1-features.tsv.gz	10X Visium	HTA12_132_10	/home/huyudi/013_spatial/R03_external/HTAN/WUSTL/synapse/syn61462400/HT225C1-Th1Fc1U3Z1B1-features.tsv.gz	DOWNLOADED	294478		1	transfer_s=6.9	2026-09-12T06:30:51
WUSTL	syn61462412	HT225C1-Th1Fc1U3Z1B1-tissue_lowres_image.png	10X Visium	HTA12_132_10	/home/huyudi/013_spatial/R03_external/HTAN/WUSTL/synapse/syn61462412/HT225C1-Th1Fc1U3Z1B1-tissue_lowres_image.png	DOWNLOADED	613718		1	transfer_s=3.9	2026-09-12T06:30:51
WUSTL	syn61462018	HT225C1-Th1Fc1U4Z1B1-barcodes.tsv.gz	10X Visium	HTA12_132_11	/home/huyudi/013_spatial/R03_external/HTAN/WUSTL/synapse/syn61462018/HT225C1-Th1Fc1U4Z1B1-barcodes.tsv.gz	DOWNLOADED	25674		1	transfer_s=6.3	2026-09-12T06:30:57
WUSTL	syn61462365	HT225C1-Th1Fc1U3Z1B1-tissue_positions_list.csv	10X Visium	HTA12_132_10	/home/huyudi/013_spatial/R03_external/HTAN/WUSTL/synapse/syn61462365/HT225C1-Th1Fc1U3Z1B1-tissue_positions_list.csv	DOWNLOADED	189682		1	transfer_s=6.9	2026-09-12T06:30:58
WUSTL	syn61462154	HT225C1-Th1Fc1U4Z1B1-features.tsv.gz	10X Visium	HTA12_132_11	/home/huyudi/013_spatial/R03_external/HTAN/WUSTL/synapse/syn61462154/HT225C1-Th1Fc1U4Z1B1-features.tsv.gz	DOWNLOADED	294478		1	transfer_s=6.5	2026-09-12T06:30:58
WUSTL	syn61462540	HT225C1-Th1Fc1U3Z1B1-matrix.mtx.gz	10X Visium	HTA12_132_10	/home/huyudi/013_spatial/R03_external/HTAN/WUSTL/synapse/syn61462540/HT225C1-Th1Fc1U3Z1B1-matrix.mtx.gz	DOWNLOADED	89046974		1	transfer_s=14.4	2026-09-12T06:30:59
WUSTL	syn61462275	HT225C1-Th1Fc1U4Z1B1-scalefactors_json.json	10X Visium	HTA12_132_11	/home/huyudi/013_spatial/R03_external/HTAN/WUSTL/synapse/syn61462275/HT225C1-Th1Fc1U4Z1B1-scalefactors_json.json	DOWNLOADED	165		1	transfer_s=6.3	2026-09-12T06:31:04
WUSTL	syn61462389	HT225C1-Th1Fc1U4Z1B1-tissue_positions_list.csv	10X Visium	HTA12_132_11	/home/huyudi/013_spatial/R03_external/HTAN/WUSTL/synapse/syn61462389/HT225C1-Th1Fc1U4Z1B1-tissue_positions_list.csv	DOWNLOADED	189706		1	transfer_s=5.1	2026-09-12T06:31:04
WUSTL	syn61462276	HT225C1-Th1Fc1U4Z1B1-tissue_lowres_image.png	10X Visium	HTA12_132_11	/home/huyudi/013_spatial/R03_external/HTAN/WUSTL/synapse/syn61462276/HT225C1-Th1Fc1U4Z1B1-tissue_lowres_image.png	DOWNLOADED	605705		1	transfer_s=6.8	2026-09-12T06:31:05
WUSTL	syn61462082	HT225C1-Th1Fc1U5Z1B1-barcodes.tsv.gz	10X Visium	HTA12_132_12	/home/huyudi/013_spatial/R03_external/HTAN/WUSTL/synapse/syn61462082/HT225C1-Th1Fc1U5Z1B1-barcodes.tsv.gz	DOWNLOADED	25674		1	transfer_s=6.6	2026-09-12T06:31:11
WUSTL	syn61462037	HT225C1-Th1Fc1U5Z1B1-features.tsv.gz	10X Visium	HTA12_132_12	/home/huyudi/013_spatial/R03_external/HTAN/WUSTL/synapse/syn61462037/HT225C1-Th1Fc1U5Z1B1-features.tsv.gz	DOWNLOADED	294478		1	transfer_s=6.9	2026-09-12T06:31:11
WUSTL	syn61462544	HT225C1-Th1Fc1U4Z1B1-matrix.mtx.gz	10X Visium	HTA12_132_11	/home/huyudi/013_spatial/R03_external/HTAN/WUSTL/synapse/syn61462544/HT225C1-Th1Fc1U4Z1B1-matrix.mtx.gz	DOWNLOADED	90379481		1	transfer_s=16.2	2026-09-12T06:31:14
WUSTL	syn61462200	HT225C1-Th1Fc1U5Z1B1-scalefactors_json.json	10X Visium	HTA12_132_12	/home/huyudi/013_spatial/R03_external/HTAN/WUSTL/synapse/syn61462200/HT225C1-Th1Fc1U5Z1B1-scalefactors_json.json	DOWNLOADED	166		1	transfer_s=6.5	2026-09-12T06:31:17
WUSTL	syn61462059	HT225C1-Th1Fc1U5Z1B1-tissue_lowres_image.png	10X Visium	HTA12_132_12	/home/huyudi/013_spatial/R03_external/HTAN/WUSTL/synapse/syn61462059/HT225C1-Th1Fc1U5Z1B1-tissue_lowres_image.png	DOWNLOADED	596463		1	transfer_s=6.4	2026-09-12T06:31:18
WUSTL	syn61462078	HT225C1-Th1Fc1U5Z1B1-tissue_positions_list.csv	10X Visium	HTA12_132_12	/home/huyudi/013_spatial/R03_external/HTAN/WUSTL/synapse/syn61462078/HT225C1-Th1Fc1U5Z1B1-tissue_positions_list.csv	DOWNLOADED	189676		1	transfer_s=4.0	2026-09-12T06:31:18
WUSTL	syn61462541	HT225C1-Th1Fc1U5Z1B1-matrix.mtx.gz	10X Visium	HTA12_132_12	/home/huyudi/013_spatial/R03_external/HTAN/WUSTL/synapse/syn61462541/HT225C1-Th1Fc1U5Z1B1-matrix.mtx.gz	DOWNLOADED	87302266		1	transfer_s=15.4	2026-09-12T06:31:20
WUSTL	syn61462311	HT226C1-Th1Fc1U1Z1Bn1-scalefactors_json.json	10X Visium	HTA12_260_4	/home/huyudi/013_spatial/R03_external/HTAN/WUSTL/synapse/syn61462311/HT226C1-Th1Fc1U1Z1Bn1-scalefactors_json.json	DOWNLOADED	166		1	transfer_s=3.7	2026-09-12T06:31:24
WUSTL	syn61462291	HT226C1-Th1Fc1U1Z1Bn1-features.tsv.gz	10X Visium	HTA12_260_4	/home/huyudi/013_spatial/R03_external/HTAN/WUSTL/synapse/syn61462291/HT226C1-Th1Fc1U1Z1Bn1-features.tsv.gz	DOWNLOADED	294383		1	transfer_s=6.3	2026-09-12T06:31:24
WUSTL	syn61462168	HT226C1-Th1Fc1U1Z1Bn1-barcodes.tsv.gz	10X Visium	HTA12_260_4	/home/huyudi/013_spatial/R03_external/HTAN/WUSTL/synapse/syn61462168/HT226C1-Th1Fc1U1Z1Bn1-barcodes.tsv.gz	DOWNLOADED	25674		1	transfer_s=6.8	2026-09-12T06:31:24
WUSTL	syn61462463	HT226C1-Th1Fc1U1Z1Bn1-matrix.mtx.gz	10X Visium	HTA12_260_4	/home/huyudi/013_spatial/R03_external/HTAN/WUSTL/synapse/syn61462463/HT226C1-Th1Fc1U1Z1Bn1-matrix.mtx.gz	DOWNLOADED	43661454		1	transfer_s=10.3	2026-09-12T06:31:28
WUSTL	syn61462058	HT226C1-Th1Fc1U1Z1Bn1-tissue_positions_list.csv	10X Visium	HTA12_260_4	/home/huyudi/013_spatial/R03_external/HTAN/WUSTL/synapse/syn61462058/HT226C1-Th1Fc1U1Z1Bn1-tissue_positions_list.csv	DOWNLOADED	190115		1	transfer_s=6.7	2026-09-12T06:31:31
WUSTL	syn61462277	HT226C1-Th1Fc1U2Z1Bn1-features.tsv.gz	10X Visium	HTA12_260_5	/home/huyudi/013_spatial/R03_external/HTAN/WUSTL/synapse/syn61462277/HT226C1-Th1Fc1U2Z1Bn1-features.tsv.gz	DOWNLOADED	294383		1	transfer_s=2.8	2026-09-12T06:31:31
WUSTL	syn61462195	HT226C1-Th1Fc1U1Z1Bn1-tissue_lowres_image.png	10X Visium	HTA12_260_4	/home/huyudi/013_spatial/R03_external/HTAN/WUSTL/synapse/syn61462195/HT226C1-Th1Fc1U1Z1Bn1-tissue_lowres_image.png	DOWNLOADED	653896		1	transfer_s=7.0	2026-09-12T06:31:31
WUSTL	syn61462187	HT226C1-Th1Fc1U2Z1Bn1-scalefactors_json.json	10X Visium	HTA12_260_5	/home/huyudi/013_spatial/R03_external/HTAN/WUSTL/synapse/syn61462187/HT226C1-Th1Fc1U2Z1Bn1-scalefactors_json.json	DOWNLOADED	165		1	transfer_s=5.4	2026-09-12T06:31:36
WUSTL	syn61462313	HT226C1-Th1Fc1U2Z1Bn1-barcodes.tsv.gz	10X Visium	HTA12_260_5	/home/huyudi/013_spatial/R03_external/HTAN/WUSTL/synapse/syn61462313/HT226C1-Th1Fc1U2Z1Bn1-barcodes.tsv.gz	DOWNLOADED	25674		1	transfer_s=12.3	2026-09-12T06:31:36
WUSTL	syn61462282	HT226C1-Th1Fc1U2Z1Bn1-tissue_lowres_image.png	10X Visium	HTA12_260_5	/home/huyudi/013_spatial/R03_external/HTAN/WUSTL/synapse/syn61462282/HT226C1-Th1Fc1U2Z1Bn1-tissue_lowres_image.png	DOWNLOADED	625502		1	transfer_s=5.9	2026-09-12T06:31:37
WUSTL	syn61462488	HT226C1-Th1Fc1U2Z1Bn1-matrix.mtx.gz	10X Visium	HTA12_260_5	/home/huyudi/013_spatial/R03_external/HTAN/WUSTL/synapse/syn61462488/HT226C1-Th1Fc1U2Z1Bn1-matrix.mtx.gz	DOWNLOADED	47763698		1	transfer_s=10.1	2026-09-12T06:31:41
WUSTL	syn61462429	HT413C1-Th1K2A4U14Bp1-barcodes.tsv.gz	10X Visium	HTA12_263_4	/home/huyudi/013_spatial/R03_external/HTAN/WUSTL/synapse/syn61462429/HT413C1-Th1K2A4U14Bp1-barcodes.tsv.gz	DOWNLOADED	28849		1	transfer_s=16.5	2026-09-12T06:31:53
WUSTL	syn61462361	HT413C1-Th1K2A4U14Bp1-features.tsv.gz	10X Visium	HTA12_263_4	/home/huyudi/013_spatial/R03_external/HTAN/WUSTL/synapse/syn61462361/HT413C1-Th1K2A4U14Bp1-features.tsv.gz	DOWNLOADED	297011		1	transfer_s=16.5	2026-09-12T06:31:53
WUSTL	syn61462418	HT226C1-Th1Fc1U2Z1Bn1-tissue_positions_list.csv	10X Visium	HTA12_260_5	/home/huyudi/013_spatial/R03_external/HTAN/WUSTL/synapse/syn61462418/HT226C1-Th1Fc1U2Z1Bn1-tissue_positions_list.csv	DOWNLOADED	190672		1	transfer_s=17.1	2026-09-12T06:31:53
WUSTL	syn61462491	HT413C1-Th1K2A4U14Bp1-matrix.mtx.gz	10X Visium	HTA12_263_4	/home/huyudi/013_spatial/R03_external/HTAN/WUSTL/synapse/syn61462491/HT413C1-Th1K2A4U14Bp1-matrix.mtx.gz	DOWNLOADED	48914377		1	transfer_s=16.8	2026-09-12T06:31:58
WUSTL	syn61462094	HT413C1-Th1K2A4U1Bp1-barcodes.tsv.gz	10X Visium	HTA12_263_5	/home/huyudi/013_spatial/R03_external/HTAN/WUSTL/synapse/syn61462094/HT413C1-Th1K2A4U1Bp1-barcodes.tsv.gz	DOWNLOADED	28821		1	transfer_s=1.8	2026-09-12T06:31:59
WUSTL	syn61462217	HT413C1-Th1K2A4U14Bp1-scalefactors_json.json	10X Visium	HTA12_263_4	/home/huyudi/013_spatial/R03_external/HTAN/WUSTL/synapse/syn61462217/HT413C1-Th1K2A4U14Bp1-scalefactors_json.json	DOWNLOADED	167		1	transfer_s=6.5	2026-09-12T06:31:59
WUSTL	syn61462197	HT413C1-Th1K2A4U14Bp1-tissue_positions.csv	10X Visium	HTA12_263_4	/home/huyudi/013_spatial/R03_external/HTAN/WUSTL/synapse/syn61462197/HT413C1-Th1K2A4U14Bp1-tissue_positions.csv	DOWNLOADED	189383		1	transfer_s=6.6	2026-09-12T06:32:00
WUSTL	syn61462073	HT413C1-Th1K2A4U14Bp1-tissue_lowres_image.png	10X Visium	HTA12_263_4	/home/huyudi/013_spatial/R03_external/HTAN/WUSTL/synapse/syn61462073/HT413C1-Th1K2A4U14Bp1-tissue_lowres_image.png	DOWNLOADED	478662		1	transfer_s=6.7	2026-09-12T06:32:00
WUSTL	syn61462269	HT413C1-Th1K2A4U1Bp1-scalefactors_json.json	10X Visium	HTA12_263_5	/home/huyudi/013_spatial/R03_external/HTAN/WUSTL/synapse/syn61462269/HT413C1-Th1K2A4U1Bp1-scalefactors_json.json	DOWNLOADED	166		1	transfer_s=6.1	2026-09-12T06:32:06
WUSTL	syn61462194	HT413C1-Th1K2A4U1Bp1-features.tsv.gz	10X Visium	HTA12_263_5	/home/huyudi/013_spatial/R03_external/HTAN/WUSTL/synapse/syn61462194/HT413C1-Th1K2A4U1Bp1-features.tsv.gz	DOWNLOADED	297011		1	transfer_s=6.8	2026-09-12T06:32:06
WUSTL	syn61462039	HT413C1-Th1K2A4U1Bp1-tissue_lowres_image.png	10X Visium	HTA12_263_5	/home/huyudi/013_spatial/R03_external/HTAN/WUSTL/synapse/syn61462039/HT413C1-Th1K2A4U1Bp1-tissue_lowres_image.png	DOWNLOADED	493237		1	transfer_s=6.7	2026-09-12T06:32:06
WUSTL	syn61462422	HT413C1-Th1K2A4U1Bp1-matrix.mtx.gz	10X Visium	HTA12_263_5	/home/huyudi/013_spatial/R03_external/HTAN/WUSTL/synapse/syn61462422/HT413C1-Th1K2A4U1Bp1-matrix.mtx.gz	DOWNLOADED	22403290		1	transfer_s=9.0	2026-09-12T06:32:08
WUSTL	syn61462203	HT448C1-Th1K1Fp1U13Bp1-barcodes.tsv.gz	10X Visium	HTA12_269_1	/home/huyudi/013_spatial/R03_external/HTAN/WUSTL/synapse/syn61462203/HT448C1-Th1K1Fp1U13Bp1-barcodes.tsv.gz	DOWNLOADED	28837		1	transfer_s=6.2	2026-09-12T06:32:12
WUSTL	syn61462032	HT448C1-Th1K1Fp1U13Bp1-features.tsv.gz	10X Visium	HTA12_269_1	/home/huyudi/013_spatial/R03_external/HTAN/WUSTL/synapse/syn61462032/HT448C1-Th1K1Fp1U13Bp1-features.tsv.gz	DOWNLOADED	297011		1	transfer_s=6.1	2026-09-12T06:32:13
WUSTL	syn61462036	HT413C1-Th1K2A4U1Bp1-tissue_positions.csv	10X Visium	HTA12_263_5	/home/huyudi/013_spatial/R03_external/HTAN/WUSTL/synapse/syn61462036/HT413C1-Th1K2A4U1Bp1-tissue_positions.csv	DOWNLOADED	189525		1	transfer_s=6.9	2026-09-12T06:32:13
WUSTL	syn61462450	HT448C1-Th1K1Fp1U13Bp1-matrix.mtx.gz	10X Visium	HTA12_269_1	/home/huyudi/013_spatial/R03_external/HTAN/WUSTL/synapse/syn61462450/HT448C1-Th1K1Fp1U13Bp1-matrix.mtx.gz	DOWNLOADED	41437658		1	transfer_s=9.8	2026-09-12T06:32:18
WUSTL	syn61462290	HT448C1-Th1K1Fp1U13Bp1-scalefactors_json.json	10X Visium	HTA12_269_1	/home/huyudi/013_spatial/R03_external/HTAN/WUSTL/synapse/syn61462290/HT448C1-Th1K1Fp1U13Bp1-scalefactors_json.json	DOWNLOADED	165		1	transfer_s=6.6	2026-09-12T06:32:19
WUSTL	syn61462068	HT448C1-Th1K1Fp1U13Bp1-tissue_positions.csv	10X Visium	HTA12_269_1	/home/huyudi/013_spatial/R03_external/HTAN/WUSTL/synapse/syn61462068/HT448C1-Th1K1Fp1U13Bp1-tissue_positions.csv	DOWNLOADED	189383		1	transfer_s=6.5	2026-09-12T06:32:19
WUSTL	syn61462163	HT448C1-Th1K1Fp1U13Bp1-tissue_lowres_image.png	10X Visium	HTA12_269_1	/home/huyudi/013_spatial/R03_external/HTAN/WUSTL/synapse/syn61462163/HT448C1-Th1K1Fp1U13Bp1-tissue_lowres_image.png	DOWNLOADED	449299		1	transfer_s=6.8	2026-09-12T06:32:19
WUSTL	syn61462108	HT448C1-Th1K1Fp1U1Bp1-scalefactors_json.json	10X Visium	HTA12_269_2	/home/huyudi/013_spatial/R03_external/HTAN/WUSTL/synapse/syn61462108/HT448C1-Th1K1Fp1U1Bp1-scalefactors_json.json	DOWNLOADED	166		1	transfer_s=5.3	2026-09-12T06:32:25
WUSTL	syn61462142	HT448C1-Th1K1Fp1U1Bp1-barcodes.tsv.gz	10X Visium	HTA12_269_2	/home/huyudi/013_spatial/R03_external/HTAN/WUSTL/synapse/syn61462142/HT448C1-Th1K1Fp1U1Bp1-barcodes.tsv.gz	DOWNLOADED	28837		1	transfer_s=6.6	2026-09-12T06:32:25
WUSTL	syn61462373	HT448C1-Th1K1Fp1U1Bp1-features.tsv.gz	10X Visium	HTA12_269_2	/home/huyudi/013_spatial/R03_external/HTAN/WUSTL/synapse/syn61462373/HT448C1-Th1K1Fp1U1Bp1-features.tsv.gz	DOWNLOADED	297011		1	transfer_s=6.1	2026-09-12T06:32:25
WUSTL	syn61462462	HT448C1-Th1K1Fp1U1Bp1-matrix.mtx.gz	10X Visium	HTA12_269_2	/home/huyudi/013_spatial/R03_external/HTAN/WUSTL/synapse/syn61462462/HT448C1-Th1K1Fp1U1Bp1-matrix.mtx.gz	DOWNLOADED	37866058		1	transfer_s=9.2	2026-09-12T06:32:28
WUSTL	syn61462416	HT448C1-Th1K1Fp1U1Bp1-tissue_positions.csv	10X Visium	HTA12_269_2	/home/huyudi/013_spatial/R03_external/HTAN/WUSTL/synapse/syn61462416/HT448C1-Th1K1Fp1U1Bp1-tissue_positions.csv	DOWNLOADED	189300		1	transfer_s=6.8	2026-09-12T06:32:32
WUSTL	syn61462268	HT448C1-Th1K1Fp1U1Bp1-tissue_lowres_image.png	10X Visium	HTA12_269_2	/home/huyudi/013_spatial/R03_external/HTAN/WUSTL/synapse/syn61462268/HT448C1-Th1K1Fp1U1Bp1-tissue_lowres_image.png	DOWNLOADED	455986		1	transfer_s=7.3	2026-09-12T06:32:32
WUSTL	syn61462596	HT112C1-U2_ST_Bn1-SeuratObj.rds	10X Visium	HTA12_257_8	/home/huyudi/013_spatial/R03_external/HTAN/WUSTL/synapse/syn61462596/HT112C1-U2_ST_Bn1-SeuratObj.rds	DOWNLOADED	135283168		1	transfer_s=42.1	2026-09-12T06:33:11
WUSTL	syn61462652	HT112C1-U1_ST_Bn1-SeuratObj.rds	10X Visium	HTA12_257_7	/home/huyudi/013_spatial/R03_external/HTAN/WUSTL/synapse/syn61462652/HT112C1-U1_ST_Bn1-SeuratObj.rds	DOWNLOADED	156549937		1	transfer_s=51.9	2026-09-12T06:33:17
WUSTL	syn61462690	HT225C1-Th1Fc1U1Z1B1-SeuratObj.rds	10X Visium	HTA12_132_8	/home/huyudi/013_spatial/R03_external/HTAN/WUSTL/synapse/syn61462690/HT225C1-Th1Fc1U1Z1B1-SeuratObj.rds	DOWNLOADED	271821755		1	transfer_s=94.6	2026-09-12T06:34:06
WUSTL	syn61462707	HT225C1-Th1Fc1U2Z1B1-SeuratObj.rds	10X Visium	HTA12_132_9	/home/huyudi/013_spatial/R03_external/HTAN/WUSTL/synapse/syn61462707/HT225C1-Th1Fc1U2Z1B1-SeuratObj.rds	DOWNLOADED	304482516		1	transfer_s=103.4	2026-09-12T06:34:15
WUSTL	syn61462764	HT225C1-Th1Fc1U3Z1B1-SeuratObj.rds	10X Visium	HTA12_132_10	/home/huyudi/013_spatial/R03_external/HTAN/WUSTL/synapse/syn61462764/HT225C1-Th1Fc1U3Z1B1-SeuratObj.rds	DOWNLOADED	282591907		1	transfer_s=96.9	2026-09-12T06:34:47
WUSTL	syn61462706	HT225C1-Th1Fc1U4Z1B1-SeuratObj.rds	10X Visium	HTA12_132_11	/home/huyudi/013_spatial/R03_external/HTAN/WUSTL/synapse/syn61462706/HT225C1-Th1Fc1U4Z1B1-SeuratObj.rds	DOWNLOADED	276662157		1	transfer_s=94.7	2026-09-12T06:34:52
WUSTL	syn61462636	HT226C1-Th1Fc1U1Z1Bn1-SeuratObj.rds	10X Visium	HTA12_260_4	/home/huyudi/013_spatial/R03_external/HTAN/WUSTL/synapse/syn61462636/HT226C1-Th1Fc1U1Z1Bn1-SeuratObj.rds	DOWNLOADED	203784537		1	transfer_s=71.3	2026-09-12T06:35:27
WUSTL	syn61462748	HT225C1-Th1Fc1U5Z1B1-SeuratObj.rds	10X Visium	HTA12_132_12	/home/huyudi/013_spatial/R03_external/HTAN/WUSTL/synapse/syn61462748/HT225C1-Th1Fc1U5Z1B1-SeuratObj.rds	DOWNLOADED	262463454		1	transfer_s=87.1	2026-09-12T06:35:33
WUSTL	syn61462702	HT226C1-Th1Fc1U2Z1Bn1-SeuratObj.rds	10X Visium	HTA12_260_5	/home/huyudi/013_spatial/R03_external/HTAN/WUSTL/synapse/syn61462702/HT226C1-Th1Fc1U2Z1Bn1-SeuratObj.rds	DOWNLOADED	205572394		1	transfer_s=72.7	2026-09-12T06:36:00
WUSTL	syn61462687	HT243B1H3A2-S1Fc1U1Z1B1-SeuratObj.rds	10X Visium	HTA12_135_10	/home/huyudi/013_spatial/R03_external/HTAN/WUSTL/synapse/syn61462687/HT243B1H3A2-S1Fc1U1Z1B1-SeuratObj.rds	DOWNLOADED	294049186		1	transfer_s=96.5	2026-09-12T06:36:28
WUSTL	syn61462693	HT243B1H3A2-S1Fc1U2Z1B1-SeuratObj.rds	10X Visium	HTA12_135_11	/home/huyudi/013_spatial/R03_external/HTAN/WUSTL/synapse/syn61462693/HT243B1H3A2-S1Fc1U2Z1B1-SeuratObj.rds	DOWNLOADED	296234653		1	transfer_s=100.7	2026-09-12T06:37:07
WUSTL	syn61462711	HT243B1H3A2-S1Fc1U3Z1B1-SeuratObj.rds	10X Visium	HTA12_135_12	/home/huyudi/013_spatial/R03_external/HTAN/WUSTL/synapse/syn61462711/HT243B1H3A2-S1Fc1U3Z1B1-SeuratObj.rds	DOWNLOADED	290727708		1	transfer_s=99.9	2026-09-12T06:37:13
WUSTL	syn61462581	HT243B1H4A2-S1Fc1U1Z1B1-SeuratObj.rds	10X Visium	HTA12_135_14	/home/huyudi/013_spatial/R03_external/HTAN/WUSTL/synapse/syn61462581/HT243B1H4A2-S1Fc1U1Z1B1-SeuratObj.rds	DOWNLOADED	127151205		1	transfer_s=46.9	2026-09-12T06:37:15
WUSTL	syn61462755	HT243B1H3A2-S1Fc1U4Z1B1-SeuratObj.rds	10X Visium	HTA12_135_13	/home/huyudi/013_spatial/R03_external/HTAN/WUSTL/synapse/syn61462755/HT243B1H3A2-S1Fc1U4Z1B1-SeuratObj.rds	DOWNLOADED	285429763		1	transfer_s=87.1	2026-09-12T06:37:27
WUSTL	syn61462567	HT243B1H4A2-S1Fc1U2Z1B1-SeuratObj.rds	10X Visium	HTA12_135_15	/home/huyudi/013_spatial/R03_external/HTAN/WUSTL/synapse/syn61462567/HT243B1H4A2-S1Fc1U2Z1B1-SeuratObj.rds	DOWNLOADED	140296615		1	transfer_s=31.9	2026-09-12T06:37:39
WUSTL	syn61462757	HT268B1-Th1H3Fc2U2Z1Bs1-SeuratObj.rds	10X Visium	HTA12_140_6	/home/huyudi/013_spatial/R03_external/HTAN/WUSTL/synapse/syn61462757/HT268B1-Th1H3Fc2U2Z1Bs1-SeuratObj.rds	DOWNLOADED	252602325		1	transfer_s=72.1	2026-09-12T06:38:39
WUSTL	syn61462662	HT268B1-Th1H3Fc2U32Z1Bs1-SeuratObj.rds	10X Visium	HTA12_140_7	/home/huyudi/013_spatial/R03_external/HTAN/WUSTL/synapse/syn61462662/HT268B1-Th1H3Fc2U32Z1Bs1-SeuratObj.rds	DOWNLOADED	206602947		1	transfer_s=64.0	2026-09-12T06:38:43
WUSTL	syn61462660	HT268B1-Th1H3Fc2U22Z1Bs1-SeuratObj.rds	10X Visium	HTA12_140_5	/home/huyudi/013_spatial/R03_external/HTAN/WUSTL/synapse/syn61462660/HT268B1-Th1H3Fc2U22Z1Bs1-SeuratObj.rds	DOWNLOADED	207892281		1	transfer_s=91.6	2026-09-12T06:38:47
WUSTL	syn61462705	HT268B1-Th1H3Fc2U12Z1Bs1-SeuratObj.rds	10X Visium	HTA12_140_4	/home/huyudi/013_spatial/R03_external/HTAN/WUSTL/synapse/syn61462705/HT268B1-Th1H3Fc2U12Z1Bs1-SeuratObj.rds	DOWNLOADED	236368119		1	transfer_s=101.6	2026-09-12T06:38:55
WUSTL	syn61462710	HT271B1-S1H3Fc2U1Z1Bs1-SeuratObj.rds	10X Visium	HTA12_142_9	/home/huyudi/013_spatial/R03_external/HTAN/WUSTL/synapse/syn61462710/HT271B1-S1H3Fc2U1Z1Bs1-SeuratObj.rds	DOWNLOADED	158103692		1	transfer_s=69.9	2026-09-12T06:39:53
WUSTL	syn61462624	HT271B1-S1H3Fc2U3Z1Bs1-SeuratObj.rds	10X Visium	HTA12_142_11	/home/huyudi/013_spatial/R03_external/HTAN/WUSTL/synapse/syn61462624/HT271B1-S1H3Fc2U3Z1Bs1-SeuratObj.rds	DOWNLOADED	162450651		1	transfer_s=59.4	2026-09-12T06:39:54
WUSTL	syn61462628	HT271B1-S1H3Fc2U2Z1Bs1-SeuratObj.rds	10X Visium	HTA12_142_10	/home/huyudi/013_spatial/R03_external/HTAN/WUSTL/synapse/syn61462628/HT271B1-S1H3Fc2U2Z1Bs1-SeuratObj.rds	DOWNLOADED	170567053		1	transfer_s=69.1	2026-09-12T06:39:56
WUSTL	syn61462709	HT268B1-Th1K3Fc2U1Z1Bs1-SeuratObj.rds	10X Visium	HTA12_140_8	/home/huyudi/013_spatial/R03_external/HTAN/WUSTL/synapse/syn61462709/HT268B1-Th1K3Fc2U1Z1Bs1-SeuratObj.rds	DOWNLOADED	278845878		2	transfer_s=80.3	2026-09-12T06:40:02
WUSTL	syn61462542	HT413C1-Th1K2A4U1Bp1-SeuratObj.rds	10X Visium	HTA12_263_5	/home/huyudi/013_spatial/R03_external/HTAN/WUSTL/synapse/syn61462542/HT413C1-Th1K2A4U1Bp1-SeuratObj.rds	DOWNLOADED	91624609		1	transfer_s=32.7	2026-09-12T06:40:29
WUSTL	syn61462603	HT413C1-Th1K2A4U14Bp1-SeuratObj.rds	10X Visium	HTA12_263_4	/home/huyudi/013_spatial/R03_external/HTAN/WUSTL/synapse/syn61462603/HT413C1-Th1K2A4U14Bp1-SeuratObj.rds	DOWNLOADED	106521024		1	transfer_s=38.6	2026-09-12T06:40:33
WUSTL	syn61462572	HT448C1-Th1K1Fp1U13Bp1-SeuratObj.rds	10X Visium	HTA12_269_1	/home/huyudi/013_spatial/R03_external/HTAN/WUSTL/synapse/syn61462572/HT448C1-Th1K1Fp1U13Bp1-SeuratObj.rds	DOWNLOADED	101675235		1	transfer_s=36.3	2026-09-12T06:40:38
WUSTL	syn61462629	HT271B1-S1H3Fc2U4Z1Bs1-SeuratObj.rds	10X Visium	HTA12_142_12	/home/huyudi/013_spatial/R03_external/HTAN/WUSTL/synapse/syn61462629/HT271B1-S1H3Fc2U4Z1Bs1-SeuratObj.rds	DOWNLOADED	182064191		1	transfer_s=54.0	2026-09-12T06:40:47
WUSTL	syn61462586	HT448C1-Th1K1Fp1U1Bp1-SeuratObj.rds	10X Visium	HTA12_269_2	/home/huyudi/013_spatial/R03_external/HTAN/WUSTL/synapse/syn61462586/HT448C1-Th1K1Fp1U1Bp1-SeuratObj.rds	DOWNLOADED	97816330		1	transfer_s=21.4	2026-09-12T06:40:50
WUSTL	syn61465377	D1_HT480B1-S1H3Fs1U2.tif	10X Visium	HTA12_254_8	/home/huyudi/013_spatial/R03_external/HTAN/WUSTL/synapse/syn61465377/D1_HT480B1-S1H3Fs1U2.tif	DOWNLOADED	614074616		1	transfer_s=224.3	2026-09-12T07:10:40
WUSTL	syn61462337	HT480B1-S1H1Fs1U1Bp1-barcodes.tsv.gz	10X Visium	HTA12_254_5	/home/huyudi/013_spatial/R03_external/HTAN/WUSTL/synapse/syn61462337/HT480B1-S1H1Fs1U1Bp1-barcodes.tsv.gz	DOWNLOADED	25674		1	transfer_s=12.7	2026-09-12T07:10:53
WUSTL	syn61462153	HT480B1-S1H1Fs1U1Bp1-features.tsv.gz	10X Visium	HTA12_254_5	/home/huyudi/013_spatial/R03_external/HTAN/WUSTL/synapse/syn61462153/HT480B1-S1H1Fs1U1Bp1-features.tsv.gz	DOWNLOADED	297011		1	transfer_s=7.2	2026-09-12T07:11:00
WUSTL	syn61462444	HT480B1-S1H1Fs1U1Bp1-matrix.mtx.gz	10X Visium	HTA12_254_5	/home/huyudi/013_spatial/R03_external/HTAN/WUSTL/synapse/syn61462444/HT480B1-S1H1Fs1U1Bp1-matrix.mtx.gz	DOWNLOADED	22752586		1	transfer_s=12.4	2026-09-12T07:11:12
WUSTL	syn61465397	C1_HT480B1-S1H3Fs1U1.tif	10X Visium	HTA12_254_7	/home/huyudi/013_spatial/R03_external/HTAN/WUSTL/synapse/syn61465397/C1_HT480B1-S1H3Fs1U1.tif	DOWNLOADED	754526417		1	transfer_s=260.7	2026-09-12T07:11:17
WUSTL	syn61462173	HT480B1-S1H1Fs1U1Bp1-scalefactors_json.json	10X Visium	HTA12_254_5	/home/huyudi/013_spatial/R03_external/HTAN/WUSTL/synapse/syn61462173/HT480B1-S1H1Fs1U1Bp1-scalefactors_json.json	DOWNLOADED	164		1	transfer_s=6.7	2026-09-12T07:11:19
WUSTL	syn61462310	HT480B1-S1H1Fs1U1Bp1-tissue_lowres_image.png	10X Visium	HTA12_254_5	/home/huyudi/013_spatial/R03_external/HTAN/WUSTL/synapse/syn61462310/HT480B1-S1H1Fs1U1Bp1-tissue_lowres_image.png	DOWNLOADED	502989		1	transfer_s=2.8	2026-09-12T07:11:19
WUSTL	syn61462053	HT480B1-S1H1Fs1U1Bp1-tissue_positions_list.csv	10X Visium	HTA12_254_5	/home/huyudi/013_spatial/R03_external/HTAN/WUSTL/synapse/syn61462053/HT480B1-S1H1Fs1U1Bp1-tissue_positions_list.csv	DOWNLOADED	189684		1	transfer_s=6.9	2026-09-12T07:11:26
WUSTL	syn61465335	A1_HT480B1-S1H1Fs1U2.tif	10X Visium	HTA12_254_6	/home/huyudi/013_spatial/R03_external/HTAN/WUSTL/synapse/syn61465335/A1_HT480B1-S1H1Fs1U2.tif	DOWNLOADED	872086080		1	transfer_s=270.9	2026-09-12T07:11:27
WUSTL	syn61462319	HT480B1-S1H1Fs1U2Bp1-barcodes.tsv.gz	10X Visium	HTA12_254_6	/home/huyudi/013_spatial/R03_external/HTAN/WUSTL/synapse/syn61462319/HT480B1-S1H1Fs1U2Bp1-barcodes.tsv.gz	DOWNLOADED	28823		1	transfer_s=12.6	2026-09-12T07:11:32
WUSTL	syn61462172	HT480B1-S1H1Fs1U2Bp1-features.tsv.gz	10X Visium	HTA12_254_6	/home/huyudi/013_spatial/R03_external/HTAN/WUSTL/synapse/syn61462172/HT480B1-S1H1Fs1U2Bp1-features.tsv.gz	DOWNLOADED	297011		1	transfer_s=5.9	2026-09-12T07:11:32
WUSTL	syn61462045	HT480B1-S1H1Fs1U2Bp1-scalefactors_json.json	10X Visium	HTA12_254_6	/home/huyudi/013_spatial/R03_external/HTAN/WUSTL/synapse/syn61462045/HT480B1-S1H1Fs1U2Bp1-scalefactors_json.json	DOWNLOADED	166		1	transfer_s=6.8	2026-09-12T07:11:39
WUSTL	syn61462115	HT480B1-S1H1Fs1U2Bp1-tissue_lowres_image.png	10X Visium	HTA12_254_6	/home/huyudi/013_spatial/R03_external/HTAN/WUSTL/synapse/syn61462115/HT480B1-S1H1Fs1U2Bp1-tissue_lowres_image.png	DOWNLOADED	497279		1	transfer_s=6.9	2026-09-12T07:11:39
WUSTL	syn61462452	HT480B1-S1H1Fs1U2Bp1-matrix.mtx.gz	10X Visium	HTA12_254_6	/home/huyudi/013_spatial/R03_external/HTAN/WUSTL/synapse/syn61462452/HT480B1-S1H1Fs1U2Bp1-matrix.mtx.gz	DOWNLOADED	50351627		1	transfer_s=14.2	2026-09-12T07:11:41
WUSTL	syn61465337	B1_HT480B1-S1H1Fs1U1.tif	10X Visium	HTA12_254_5	/home/huyudi/013_spatial/R03_external/HTAN/WUSTL/synapse/syn61465337/B1_HT480B1-S1H1Fs1U1.tif	DOWNLOADED	915564586		1	transfer_s=286.3	2026-09-12T07:11:42
WUSTL	syn61462116	HT480B1-S1H3Fs1U1Bp1-features.tsv.gz	10X Visium	HTA12_254_7	/home/huyudi/013_spatial/R03_external/HTAN/WUSTL/synapse/syn61462116/HT480B1-S1H3Fs1U1Bp1-features.tsv.gz	DOWNLOADED	297011		1	transfer_s=4.5	2026-09-12T07:11:45
WUSTL	syn61462212	HT480B1-S1H3Fs1U1Bp1-barcodes.tsv.gz	10X Visium	HTA12_254_7	/home/huyudi/013_spatial/R03_external/HTAN/WUSTL/synapse/syn61462212/HT480B1-S1H3Fs1U1Bp1-barcodes.tsv.gz	DOWNLOADED	25662		1	transfer_s=6.5	2026-09-12T07:11:45
WUSTL	syn61462265	HT480B1-S1H1Fs1U2Bp1-tissue_positions_list.csv	10X Visium	HTA12_254_6	/home/huyudi/013_spatial/R03_external/HTAN/WUSTL/synapse/syn61462265/HT480B1-S1H1Fs1U2Bp1-tissue_positions_list.csv	DOWNLOADED	189009		1	transfer_s=6.7	2026-09-12T07:11:45
WUSTL	syn61462353	HT480B1-S1H3Fs1U1Bp1-matrix.mtx.gz	10X Visium	HTA12_254_7	/home/huyudi/013_spatial/R03_external/HTAN/WUSTL/synapse/syn61462353/HT480B1-S1H3Fs1U1Bp1-matrix.mtx.gz	DOWNLOADED	7179047		1	transfer_s=4.1	2026-09-12T07:11:46
WUSTL	syn61462128	HT480B1-S1H3Fs1U1Bp1-scalefactors_json.json	10X Visium	HTA12_254_7	/home/huyudi/013_spatial/R03_external/HTAN/WUSTL/synapse/syn61462128/HT480B1-S1H3Fs1U1Bp1-scalefactors_json.json	DOWNLOADED	166		1	transfer_s=6.7	2026-09-12T07:11:52
WUSTL	syn61462017	HT480B1-S1H3Fs1U2Bp1-barcodes.tsv.gz	10X Visium	HTA12_254_8	/home/huyudi/013_spatial/R03_external/HTAN/WUSTL/synapse/syn61462017/HT480B1-S1H3Fs1U2Bp1-barcodes.tsv.gz	DOWNLOADED	28804		1	transfer_s=6.0	2026-09-12T07:11:52
WUSTL	syn61462023	HT480B1-S1H3Fs1U1Bp1-tissue_lowres_image.png	10X Visium	HTA12_254_7	/home/huyudi/013_spatial/R03_external/HTAN/WUSTL/synapse/syn61462023/HT480B1-S1H3Fs1U1Bp1-tissue_lowres_image.png	DOWNLOADED	428938		1	transfer_s=6.8	2026-09-12T07:11:52
WUSTL	syn61462423	HT480B1-S1H3Fs1U2Bp1-scalefactors_json.json	10X Visium	HTA12_254_8	/home/huyudi/013_spatial/R03_external/HTAN/WUSTL/synapse/syn61462423/HT480B1-S1H3Fs1U2Bp1-scalefactors_json.json	DOWNLOADED	166		1	transfer_s=5.7	2026-09-12T07:11:58
WUSTL	syn61462110	HT480B1-S1H3Fs1U2Bp1-features.tsv.gz	10X Visium	HTA12_254_8	/home/huyudi/013_spatial/R03_external/HTAN/WUSTL/synapse/syn61462110/HT480B1-S1H3Fs1U2Bp1-features.tsv.gz	DOWNLOADED	297011		1	transfer_s=5.9	2026-09-12T07:11:58
WUSTL	syn61462270	HT480B1-S1H3Fs1U1Bp1-tissue_positions_list.csv	10X Visium	HTA12_254_7	/home/huyudi/013_spatial/R03_external/HTAN/WUSTL/synapse/syn61462270/HT480B1-S1H3Fs1U1Bp1-tissue_positions_list.csv	DOWNLOADED	189664		1	transfer_s=12.6	2026-09-12T07:11:58
WUSTL	syn61462434	HT480B1-S1H3Fs1U2Bp1-matrix.mtx.gz	10X Visium	HTA12_254_8	/home/huyudi/013_spatial/R03_external/HTAN/WUSTL/synapse/syn61462434/HT480B1-S1H3Fs1U2Bp1-matrix.mtx.gz	DOWNLOADED	6198102		1	transfer_s=6.6	2026-09-12T07:11:59
WUSTL	syn61462362	HT480B1-S1H3Fs1U2Bp1-tissue_positions_list.csv	10X Visium	HTA12_254_8	/home/huyudi/013_spatial/R03_external/HTAN/WUSTL/synapse/syn61462362/HT480B1-S1H3Fs1U2Bp1-tissue_positions_list.csv	DOWNLOADED	188782		1	transfer_s=6.8	2026-09-12T07:12:05
WUSTL	syn61462125	HT480B1-S1H3Fs1U2Bp1-tissue_lowres_image.png	10X Visium	HTA12_254_8	/home/huyudi/013_spatial/R03_external/HTAN/WUSTL/synapse/syn61462125/HT480B1-S1H3Fs1U2Bp1-tissue_lowres_image.png	DOWNLOADED	386021		1	transfer_s=7.0	2026-09-12T07:12:05
WUSTL	syn61462564	HT480B1-S1H3Fs1U2Bp1-SeuratObj.rds	10X Visium	HTA12_254_8	/home/huyudi/013_spatial/R03_external/HTAN/WUSTL/synapse/syn61462564/HT480B1-S1H3Fs1U2Bp1-SeuratObj.rds	DOWNLOADED	17865601		1	transfer_s=12.3	2026-09-12T07:12:17
WUSTL	syn61462680	HT480B1-S1H3Fs1U1Bp1-SeuratObj.rds	10X Visium	HTA12_254_7	/home/huyudi/013_spatial/R03_external/HTAN/WUSTL/synapse/syn61462680/HT480B1-S1H3Fs1U1Bp1-SeuratObj.rds	DOWNLOADED	45849305		1	transfer_s=19.6	2026-09-12T07:12:24
WUSTL	syn61462666	HT480B1-S1H1Fs1U1Bp1-SeuratObj.rds	10X Visium	HTA12_254_5	/home/huyudi/013_spatial/R03_external/HTAN/WUSTL/synapse/syn61462666/HT480B1-S1H1Fs1U1Bp1-SeuratObj.rds	DOWNLOADED	102980681		1	transfer_s=30.3	2026-09-12T07:12:28
WUSTL	syn61462609	HT480B1-S1H1Fs1U2Bp1-SeuratObj.rds	10X Visium	HTA12_254_6	/home/huyudi/013_spatial/R03_external/HTAN/WUSTL/synapse/syn61462609/HT480B1-S1H1Fs1U2Bp1-SeuratObj.rds	DOWNLOADED	141677262		1	transfer_s=33.0	2026-09-12T07:12:32
