module	size	mean_abs_r	min_abs_r	genes
M213	159	0.596	0.297	ACSL5,ACTB,ACTG1,AHCY,AL136454.1,ALDOA,ANXA2,ASS1,ATP5F1B,B2M,BSG,C19orf33,CALM1,CALR,CD81,CD9,CDC42EP5,CEACAM5,CEACAM6,CFL1,CHCHD2,CLDN3,CLDN4,CLDN7,COX5A,COX6A1,COX7C,CTSD,CTSZ,DBI,DEPRECATED_ENSG00000140264,DEPRECATED_ENSG00000142192,EEF1A1,EEF1B2,EEF1G,EEF2,EIF4B,EIF5A,EIF6,ELF3,ENO1,EPCAM,ERBB2,ETHE1,FAM153B,FAM3D,FASN,FERMT1,FTH1,FTL,FXYD3,GAPDH,GPRC5A,GPX2,GSTP1,HIST1H1B,HIST1H1C,HIST1H1E,HIST1H2AD,HIST1H2AH,HIST1H2AJ,HIST1H2AM,HIST1H2BK,HIST1H2BN,HIST1H2BO,HIST1H4A,HIST1H4D,HIST2H2BF,HLA-B,HLA-E,HMGA1,HMGB2,HMGN2,HNRNPA2B1,HNRNPA3,HSP90AA1,HSPA1B,HSPA5,HSPA8,HSPB1,HSPD1,HSPE1,IER3,IFI27,IFITM2,IFITM3,IL32,KRT18,KRT8,LAMP1,LDHA,LDHB,LGALS3BP,LGALS4,MAL2,MARCKSL1,MIF,MLEC,MUC13,MYC,NACA,NCL,NME2,NOP53,NPIPB4,NPM1,ODC1,P4HB,PABPC1,PDIA4,PDIA6,PFN1,PHGR1,PKM,PLEC,POLD2,PPDPF,PPIA,PPP1R1B,PRDX5,PRELID3B,PTGES3,RAB5IF,RACK1,RAN,S100A10,S100A11,S100A14,S100A6,SAT1,SCD,SERF1A,SERF2,SLC12A2,SLC25A5,SLC25A6,SNRPD1,SPINT2,SQSTM1,ST14,TAGLN2,TFF3,TKT,TMA7,TMSB10,TMSB4X,TPT1,TSPAN1,TSPAN8,TSTA3,TUBB,TXN,UBA52,UBB,UBC,UQCRQ,VDAC1,XBP1,YWHAZ
M93	11	0.554	0.452	DEPRECATED_ENSG00000211685,DEPRECATED_ENSG00000211890,IGHA1,IGHV3-30,IGHV3-35,IGKC,IGKV1D-12,IGKV3OR2-268,IGLC2,IGLC3,JCHAIN
M132	9	0.548	0.468	C1R,COL1A1,COL1A2,COL3A1,COL6A3,DCN,IGFBP7,SPARC,VIM
M139	3	0.522	0.510	ACTA2,FLNA,MYL9
M123	2	0.570	0.570	CD74,HLA-DRA
M197	2	0.612	0.612	DEPRECATED_ENSG00000170345,FOS
M187	2	0.508	0.508	MT1E,MT2A
M362	1	1.000	1.000	AC084121.13
M372	1	1.000	1.000	AC134684.9
M43	1	1.000	1.000	ACTG2
M356	1	1.000	1.000	ADAM7
M79	1	1.000	1.000	ADH1B
M18	1	1.000	1.000	ADIPOQ
M283	1	1.000	1.000	ADM
M137	1	1.000	1.000	AEBP1
M230	1	1.000	1.000	AGR2
M347	1	1.000	1.000	AKAP4
M322	1	1.000	1.000	ALPG
M298	1	1.000	1.000	AMER1
M239	1	1.000	1.000	AMN
M337	1	1.000	1.000	ANKRD20A3
M116	1	1.000	1.000	ANO7
M171	1	1.000	1.000	ANPEP
M266	1	1.000	1.000	ANXA1
M332	1	1.000	1.000	ANXA10
M09	1	1.000	1.000	APOA1
M11	1	1.000	1.000	APOA4
M07	1	1.000	1.000	APOB
M127	1	1.000	1.000	APOE
M287	1	1.000	1.000	AQP3
M72	1	1.000	1.000	AQP8
M248	1	1.000	1.000	AREG
M327	1	1.000	1.000	ARX
M278	1	1.000	1.000	ASCL2
M65	1	1.000	1.000	ASPN
M63	1	1.000	1.000	ATP1A2
M233	1	1.000	1.000	AXIN2
M119	1	1.000	1.000	B3GNT6
M80	1	1.000	1.000	B4GALNT2
M32	1	1.000	1.000	BANK1
M331	1	1.000	1.000	BARX1
M268	1	1.000	1.000	BCL2L14
M74	1	1.000	1.000	BEST4
M314	1	1.000	1.000	BEX5
M135	1	1.000	1.000	BGN
M28	1	1.000	1.000	BLK
M288	1	1.000	1.000	BMP7
M179	1	1.000	1.000	BST2
M272	1	1.000	1.000	C10orf99
M155	1	1.000	1.000	C11orf96
M126	1	1.000	1.000	C1QC
M121	1	1.000	1.000	C3
M58	1	1.000	1.000	C7
M75	1	1.000	1.000	CA1
M162	1	1.000	1.000	CA2
M70	1	1.000	1.000	CA4
M373	1	1.000	1.000	CA5A
M338	1	1.000	1.000	CALB1
M228	1	1.000	1.000	CAPG
M142	1	1.000	1.000	CAVIN1
M261	1	1.000	1.000	CCDC88B
M33	1	1.000	1.000	CCL19
M34	1	1.000	1.000	CCL21
M14	1	1.000	1.000	CCL3L1
M130	1	1.000	1.000	CCN1
M131	1	1.000	1.000	CCN2
M30	1	1.000	1.000	CD19
M107	1	1.000	1.000	CD37
M35	1	1.000	1.000	CD52
M257	1	1.000	1.000	CD55
M101	1	1.000	1.000	CD79A
M243	1	1.000	1.000	CDC20
M207	1	1.000	1.000	CDCA7
M341	1	1.000	1.000	CDH16
M221	1	1.000	1.000	CDH17
M211	1	1.000	1.000	CDHR5
M202	1	1.000	1.000	CDKN1A
M296	1	1.000	1.000	CDKN2A
M192	1	1.000	1.000	CEACAM1
M301	1	1.000	1.000	CEL
M325	1	1.000	1.000	CES1
M282	1	1.000	1.000	CFD
M328	1	1.000	1.000	CHGA
M185	1	1.000	1.000	CKB
M114	1	1.000	1.000	CLCA1
M73	1	1.000	1.000	CLCA4
M39	1	1.000	1.000	CLDN18
M31	1	1.000	1.000	CLEC17A
M62	1	1.000	1.000	CLEC3B
M41	1	1.000	1.000	CLU
M375	1	1.000	1.000	CNBD1
M47	1	1.000	1.000	CNN1
M144	1	1.000	1.000	COL4A1
M133	1	1.000	1.000	COL6A2
M103	1	1.000	1.000	CORO1A
M241	1	1.000	1.000	CREB3L1
M254	1	1.000	1.000	CRIP1
M312	1	1.000	1.000	CST1
M24	1	1.000	1.000	CT45A10
M225	1	1.000	1.000	CTSA
M36	1	1.000	1.000	CXCL13
M280	1	1.000	1.000	CXCL14
M85	1	1.000	1.000	CXCL8
M105	1	1.000	1.000	CXCR4
M01	1	1.000	1.000	CYLC1
M302	1	1.000	1.000	CYP2W1
M195	1	1.000	1.000	CYP3A5
M02	1	1.000	1.000	CYP7A1
M238	1	1.000	1.000	DDIT4
M76	1	1.000	1.000	DEFA5
M77	1	1.000	1.000	DEFA6
M10	1	1.000	1.000	DEPRECATED_ENSG00000118137
M274	1	1.000	1.000	DEPRECATED_ENSG00000124664
M104	1	1.000	1.000	DEPRECATED_ENSG00000211772
M90	1	1.000	1.000	DEPRECATED_ENSG00000211892
M46	1	1.000	1.000	DES
M223	1	1.000	1.000	DGAT1
M40	1	1.000	1.000	DKK4
M340	1	1.000	1.000	DLX5
M113	1	1.000	1.000	DMBT1
M299	1	1.000	1.000	DNAH14
M255	1	1.000	1.000	DPEP1
M368	1	1.000	1.000	ELOA3
M370	1	1.000	1.000	ELOA3D
M183	1	1.000	1.000	EMP1
M208	1	1.000	1.000	EPHB3
M190	1	1.000	1.000	FABP1
M15	1	1.000	1.000	FABP4
M143	1	1.000	1.000	FBN1
M174	1	1.000	1.000	FCGBP
M29	1	1.000	1.000	FCRL1
M285	1	1.000	1.000	FGGY
M50	1	1.000	1.000	FHL1
M136	1	1.000	1.000	FN1
M293	1	1.000	1.000	FOSB
M53	1	1.000	1.000	FXYD6
M87	1	1.000	1.000	G0S2
M22	1	1.000	1.000	GAGE12H
M23	1	1.000	1.000	GAGE12J
M231	1	1.000	1.000	GGH
M315	1	1.000	1.000	GPD1
M165	1	1.000	1.000	GPT
M152	1	1.000	1.000	GREM1
M54	1	1.000	1.000	GREM2
M71	1	1.000	1.000	GUCA2A
M03	1	1.000	1.000	HAND1
M313	1	1.000	1.000	HAS2
M83	1	1.000	1.000	HBA2
M84	1	1.000	1.000	HBB
M12	1	1.000	1.000	HCAR2
M13	1	1.000	1.000	HCAR3
M232	1	1.000	1.000	HES6
M66	1	1.000	1.000	HIF3A
M220	1	1.000	1.000	HIST1H3F
M250	1	1.000	1.000	HIST1H3G
M234	1	1.000	1.000	HLA-A
M124	1	1.000	1.000	HLA-DPA1
M109	1	1.000	1.000	HLA-DQA1
M235	1	1.000	1.000	HLA-F
M64	1	1.000	1.000	HMCN2
M226	1	1.000	1.000	HMGCS1
M186	1	1.000	1.000	HMGCS2
M168	1	1.000	1.000	HPGD
M42	1	1.000	1.000	HSPB6
M203	1	1.000	1.000	ID1
M180	1	1.000	1.000	IFI6
M236	1	1.000	1.000	IFITM1
M364	1	1.000	1.000	IFNA4
M318	1	1.000	1.000	IGF2
M237	1	1.000	1.000	IGFBP2
M147	1	1.000	1.000	IGFBP5
M91	1	1.000	1.000	IGHG1
M92	1	1.000	1.000	IGHG2
M100	1	1.000	1.000	IGHG3
M102	1	1.000	1.000	IGHG4
M96	1	1.000	1.000	IGHJ6
M99	1	1.000	1.000	IGHM
M94	1	1.000	1.000	IGHV3OR16-13
M97	1	1.000	1.000	IGKV4-1
M95	1	1.000	1.000	IGLC1
M98	1	1.000	1.000	IGLV3-1
M106	1	1.000	1.000	IKZF1
M86	1	1.000	1.000	IL1B
M68	1	1.000	1.000	IL24
M304	1	1.000	1.000	IL7R
M118	1	1.000	1.000	ITLN1
M212	1	1.000	1.000	ITM2C
M52	1	1.000	1.000	JPH2
M297	1	1.000	1.000	JSRP1
M219	1	1.000	1.000	JUN
M198	1	1.000	1.000	JUNB
M374	1	1.000	1.000	KCNT2
M336	1	1.000	1.000	KIF19
M159	1	1.000	1.000	KLF2
M204	1	1.000	1.000	KLF4
M172	1	1.000	1.000	KLK10
M173	1	1.000	1.000	KLK6
M307	1	1.000	1.000	KLK7
M300	1	1.000	1.000	KRT17
M267	1	1.000	1.000	KRT19
M191	1	1.000	1.000	KRT20
M342	1	1.000	1.000	KRT5
M319	1	1.000	1.000	KRT7
M343	1	1.000	1.000	KRTAP3-1
M350	1	1.000	1.000	KRTAP4-3
M125	1	1.000	1.000	LAPTM5
M209	1	1.000	1.000	LCN2
M277	1	1.000	1.000	LEFTY1
M49	1	1.000	1.000	LMOD1
M222	1	1.000	1.000	LRATD1
M117	1	1.000	1.000	LRRC26
M129	1	1.000	1.000	LSP1
M108	1	1.000	1.000	LTB
M138	1	1.000	1.000	LUM
M259	1	1.000	1.000	LY6E
M286	1	1.000	1.000	LY6G6D
M170	1	1.000	1.000	LYPD8
M61	1	1.000	1.000	LYVE1
M244	1	1.000	1.000	LYZ
M25	1	1.000	1.000	MAGEA1
M351	1	1.000	1.000	MAGEB5
M193	1	1.000	1.000	MALL
M281	1	1.000	1.000	MARC1
M345	1	1.000	1.000	MARCH10
M335	1	1.000	1.000	MEGF11
M60	1	1.000	1.000	MGP
M240	1	1.000	1.000	MLPH
M306	1	1.000	1.000	MME
M289	1	1.000	1.000	MMP11
M146	1	1.000	1.000	MMP14
M134	1	1.000	1.000	MMP2
M291	1	1.000	1.000	MSLN
M188	1	1.000	1.000	MT1B
M189	1	1.000	1.000	MT1G
M205	1	1.000	1.000	MUC1
M256	1	1.000	1.000	MUC12
M175	1	1.000	1.000	MUC2
M181	1	1.000	1.000	MUC4
M81	1	1.000	1.000	MUC5AC
M182	1	1.000	1.000	MUC5B
M82	1	1.000	1.000	MUC6
M154	1	1.000	1.000	MXRA8
M44	1	1.000	1.000	MYH11
M45	1	1.000	1.000	MYLK
M246	1	1.000	1.000	NAMPT
M224	1	1.000	1.000	NAPRT
M26	1	1.000	1.000	NIBAN3
M265	1	1.000	1.000	NKD1
M04	1	1.000	1.000	NNAT
M320	1	1.000	1.000	NOTUM
M305	1	1.000	1.000	NPSR1
M326	1	1.000	1.000	NPTX2
M201	1	1.000	1.000	NR4A1
M69	1	1.000	1.000	NRG1
M245	1	1.000	1.000	NUPR1
M120	1	1.000	1.000	NXPE4
M329	1	1.000	1.000	OCA2
M57	1	1.000	1.000	OGN
M310	1	1.000	1.000	OLFM1
M271	1	1.000	1.000	OLFM4
M352	1	1.000	1.000	OR2G6
M333	1	1.000	1.000	OR2W3
M353	1	1.000	1.000	OR4M2
M348	1	1.000	1.000	OR51V1
M354	1	1.000	1.000	OR6C74
M357	1	1.000	1.000	PAGE4
M308	1	1.000	1.000	PALM3
M27	1	1.000	1.000	PAX5
M78	1	1.000	1.000	PCSK1
M311	1	1.000	1.000	PDE4C
M151	1	1.000	1.000	PDGFRB
M210	1	1.000	1.000	PDZK1IP1
M251	1	1.000	1.000	PGGHG
M276	1	1.000	1.000	PHGDH
M19	1	1.000	1.000	PI16
M206	1	1.000	1.000	PIGR
M290	1	1.000	1.000	PLA2G2A
M196	1	1.000	1.000	PLAUR
M16	1	1.000	1.000	PLIN1
M17	1	1.000	1.000	PLIN4
M339	1	1.000	1.000	PNMA5
M247	1	1.000	1.000	POMP
M153	1	1.000	1.000	POSTN
M369	1	1.000	1.000	POTEB3
M317	1	1.000	1.000	PRAC1
M371	1	1.000	1.000	PRAMEF4
M194	1	1.000	1.000	PRAP1
M334	1	1.000	1.000	PRSS21
M324	1	1.000	1.000	PRSS33
M316	1	1.000	1.000	PSCA
M122	1	1.000	1.000	PTGDS
M349	1	1.000	1.000	RAB40AL
M262	1	1.000	1.000	RAP1GAP
M284	1	1.000	1.000	RARRES1
M110	1	1.000	1.000	REG1A
M112	1	1.000	1.000	REG1B
M111	1	1.000	1.000	REG3A
M177	1	1.000	1.000	REG4
M21	1	1.000	1.000	RERGL
M115	1	1.000	1.000	RETNLB
M199	1	1.000	1.000	RHOB
M216	1	1.000	1.000	RNF43
M89	1	1.000	1.000	S100A8
M88	1	1.000	1.000	S100A9
M214	1	1.000	1.000	S100P
M303	1	1.000	1.000	SBSPON
M20	1	1.000	1.000	SCARA5
M169	1	1.000	1.000	SDCBP2
M229	1	1.000	1.000	SELENBP1
M263	1	1.000	1.000	SERPINA1
M158	1	1.000	1.000	SERPINE1
M59	1	1.000	1.000	SFRP1
M55	1	1.000	1.000	SFRP2
M260	1	1.000	1.000	SLC17A9
M163	1	1.000	1.000	SLC26A2
M166	1	1.000	1.000	SLC26A3
M309	1	1.000	1.000	SLC28A2
M323	1	1.000	1.000	SLC35D3
M269	1	1.000	1.000	SLC39A4
M292	1	1.000	1.000	SLC43A3
M279	1	1.000	1.000	SLC6A20
M167	1	1.000	1.000	SLC9A3
M252	1	1.000	1.000	SLPI
M217	1	1.000	1.000	SOD2
M358	1	1.000	1.000	SPATA31A1
M367	1	1.000	1.000	SPATA31A7
M359	1	1.000	1.000	SPDYE6
M242	1	1.000	1.000	SPINK1
M176	1	1.000	1.000	SPINK4
M344	1	1.000	1.000	SPO11
M145	1	1.000	1.000	SPON2
M295	1	1.000	1.000	SPP1
M258	1	1.000	1.000	ST6GALNAC1
M148	1	1.000	1.000	SULF1
M05	1	1.000	1.000	SULT4A1
M51	1	1.000	1.000	SYNM
M48	1	1.000	1.000	SYNPO2
M67	1	1.000	1.000	TACR2
M360	1	1.000	1.000	TAF11L13
M361	1	1.000	1.000	TAF11L4
M365	1	1.000	1.000	TAF11L9
M140	1	1.000	1.000	TAGLN
M178	1	1.000	1.000	TFF1
M215	1	1.000	1.000	TGFBI
M355	1	1.000	1.000	TGIF2LX
M150	1	1.000	1.000	THBS1
M227	1	1.000	1.000	TIMP1
M149	1	1.000	1.000	TIMP2
M184	1	1.000	1.000	TM4SF1
M218	1	1.000	1.000	TMBIM1
M330	1	1.000	1.000	TMEM200B
M156	1	1.000	1.000	TNC
M38	1	1.000	1.000	TNFRSF13B
M264	1	1.000	1.000	TNFRSF6B
M56	1	1.000	1.000	TNXB
M141	1	1.000	1.000	TPM2
M321	1	1.000	1.000	TRIM72
M253	1	1.000	1.000	TSC22D1
M157	1	1.000	1.000	TSC22D3
M249	1	1.000	1.000	TXNIP
M275	1	1.000	1.000	TYMP
M128	1	1.000	1.000	TYROBP
M270	1	1.000	1.000	UBD
M160	1	1.000	1.000	UGT2B17
M346	1	1.000	1.000	UGT2B28
M366	1	1.000	1.000	USP17L1
M363	1	1.000	1.000	USP17L19
M06	1	1.000	1.000	VIP
M37	1	1.000	1.000	VPREB3
M164	1	1.000	1.000	VSIG2
M08	1	1.000	1.000	WIF1
M294	1	1.000	1.000	WNT11
M273	1	1.000	1.000	ZBTB7C
M200	1	1.000	1.000	ZFP36
M161	1	1.000	1.000	ZG16
