case	sid	position_um	position_expr	dtype
HT913Z1	HT913Z1-U1	0	5 * 0	xenium
HT913Z1	HT913Z1-U2	5	5 * 1	multiplex
HT913Z1	HT913Z1-U3	10	5 * 2	he
HT913Z1	HT913Z1-U5	20	5 * 4	he
HT913Z1	HT913Z1-U7	30	5 * 6	he
HT913Z1	HT913Z1-U9	40	5 * 8	he
HT913Z1	HT913Z1-U10	45	5 * 9	he
HT913Z1	HT913Z1-U11	50	5 * 10	xenium
HT913Z1	HT913Z1-U12	55	5 * 11	multiplex
HT913Z1	HT913Z1-U13	60	5 * 12	he
HT913Z1	HT913Z1-U15	70	5 * 14	he
HT913Z1	HT913Z1-U17	80	5 * 16	he
HT913Z1	HT913Z1-U19	90	5 * 18	he
HT913Z1	HT913Z1-U21	100	5 * 20	xenium
HT913Z1	HT913Z1-U22	105	5 * 21	multiplex
HT913Z1	HT913Z1-U24	115	5 * 23	he
HT913Z1	HT913Z1-U26	125	5 * 25	he
HT913Z1	HT913Z1-U28	135	5 * 27	he
HT913Z1	HT913Z1-U30	145	5 * 29	he
HT913Z1	HT913Z1-U33	160	5 * 32	xenium
HT913Z1	HT913Z1-U34	165	5 * 33	xenium
HT913Z1	HT913Z1-U35	170	5 * 34	xenium
HT913Z1	HT913Z1-U36	175	5 * 35	he
HT913Z1	HT913Z1-U38	185	5 * 37	he
HT913Z1	HT913Z1-U40	195	5 * 39	he
HT913Z1	HT913Z1-U41	200	5 * 40	multiplex
HT913Z1	HT913Z1-U42	205	5 * 41	he
HT913Z1	HT913Z1-U44	215	5 * 43	he
HT913Z1	HT913Z1-U46	225	5 * 45	he
HT913Z1	HT913Z1-U48	235	5 * 47	he
HT913Z1	HT913Z1-U50	245	5 * 49	he
HT913Z1	HT913Z1-U51	250	5 * 50	multiplex
HT913Z1	HT913Z1-U52	255	5 * 51	multiplex
HT913Z1	HT913Z1-U53	260	5 * 52	multiplex
HT913Z1	HT913Z1-U54	265	5 * 53	multiplex
HT913Z1	HT913Z1-U55	270	5 * 54	he
HT913Z1	HT913Z1-U57	280	5 * 56	he
HT913Z1	HT913Z1-U61	300	5 * 60	xenium
HT913Z1	HT913Z1-U62	305	5 * 61	multiplex
HT913Z1	HT913Z1-U63	310	5 * 62	he
HT913Z1	HT913Z1-U65	320	5 * 64	he
HT913Z1	HT913Z1-U67	330	5 * 66	he
HT913Z1	HT913Z1-U69	340	5 * 68	he
HT913Z1	HT913Z1-U71	350	5 * 70	multiplex
HT913Z1	HT913Z1-U72	355	5 * 71	he
HT913Z1	HT913Z1-U74	365	5 * 73	he
HT913Z1	HT913Z1-U76	375	5 * 75	he
HT913Z1	HT913Z1-U78	385	5 * 77	he
HT913Z1	HT913Z1-U80	395	5 * 79	he
HT913Z1	HT913Z1-U81	400	5 * 80	xenium
HT913Z1	HT913Z1-U82	405	5 * 81	multiplex
HT913Z1	HT913Z1-U83	410	5 * 82	he
HT913Z1	HT913Z1-U85	420	5 * 84	he
HT913Z1	HT913Z1-U87	430	5 * 86	he
HT913Z1	HT913Z1-U89	440	5 * 88	he
HT913Z1	HT913Z1-U91	450	5 * 90	multiplex
HT913Z1	HT913Z1-U92	455	5 * 91	he
HT913Z1	HT913Z1-U94	465	5 * 93	he
HT913Z1	HT913Z1-U96	475	5 * 95	he
HT913Z1	HT913Z1-U99	490	5 * 98	he
HT913Z1	HT913Z1-U101	500	5 * 100	xenium
HT913Z1	HT913Z1-U102	505	5 * 101	multiplex
HT913Z1	HT913Z1-U103	510	5 * 102	he
HT913Z1	HT913Z1-U106	525	5 * 105	he
HT913Z1	HT913Z1-U108	535	5 * 107	he
HT913Z1	HT913Z1-U110	545	5 * 109	he
HT913Z1	HT913Z1-U111	550	5 * 110	multiplex
HT913Z1	HT913Z1-U112	555	5 * 111	he
HT913Z1	HT913Z1-U115	570	5 * 114	he
HT913Z1	HT913Z1-U117	580	5 * 116	he
HT913Z1	HT913Z1-U119	590	5 * 118	he
HT913Z1	HT913Z1-U120	595	5 * 119	he
HT913Z1	HT913Z1-U121	600	5 * 120	multiplex
HT913Z1	HT913Z1-U122	605	5 * 121	he
HT913Z1	HT913Z1-U124	615	5 * 123	he
HT913Z1	HT913Z1-U125	620	5 * 124	multiplex
HT891Z1	HT891Z1-U1	0	5 * 0	xenium
HT891Z1	HT891Z1-U4	10	5 * 2	he
HT891Z1	HT891Z1-U5	20	5 * 4	he
HT891Z1	HT891Z1-U6	25	5 * 5	he
HT891Z1	HT891Z1-U7	30	5 * 6	he
HT891Z1	HT891Z1-U14	65	5 * 13	multiplex
HT891Z1	HT891Z1-U21	100	5 * 20	xenium
HT891Z1	HT891Z1-U28	135	5 * 27	he
HT891Z1	HT891Z1-U29	140	5 * 28	he
HT891Z1	HT891Z1-U30	145	5 * 29	he
HT891Z1	HT891Z1-U31	150	5 * 30	xenium
HT891Z1	HT891Z1-U32	155	5 * 31	multiplex
HT891Z1	HT891Z1-U35	170	5 * 34	he
HT891Z1	HT891Z1-U40	195	5 * 39	multiplex
HT891Z1	HT891Z1-U41	200	5 * 40	multiplex
HT891Z1	HT891Z1-U43	210	5 * 42	multiplex
HT891Z1	HT891Z1-U44	215	5 * 43	xenium
HT891Z1	HT891Z1-U45	220	5 * 44	multiplex
HT891Z1	HT891Z1-U46	225	5 * 45	multiplex
HT891Z1	HT891Z1-U47	230	5 * 46	he
HT891Z1	HT891Z1-U48	235	5 * 47	he
HT891Z1	HT891Z1-U49	240	5 * 48	he
HT891Z1	HT891Z1-U50	245	5 * 49	he
HT891Z1	HT891Z1-U58	285	5 * 57	multiplex
HT891Z1	HT891Z1-U59	290	5 * 58	xenium
HT891Z1	HT891Z1-U66	325	5 * 65	he
HT891Z1	HT891Z1-U68	335	5 * 67	he
HT891Z1	HT891Z1-U69	340	5 * 68	xenium
HT891Z1	HT891Z1-U70	345	5 * 69	he
HT891Z1	HT891Z1-U79	390	5 * 78	multiplex
HT891Z1	HT891Z1-U81	400	5 * 80	xenium
HT891Z1	HT891Z1-U84	415	5 * 83	he
HT891Z1	HT891Z1-U89	440	5 * 88	he
HT891Z1	HT891Z1-U90	445	5 * 89	he
HT891Z1	HT891Z1-U93	460	5 * 92	multiplex
HT891Z1	HT891Z1-U94	465	5 * 93	xenium
HT891Z1	HT891Z1-U101	500	5 * 100	he
HT891Z1	HT891Z1-U102	505	5 * 101	he
HT891Z1	HT891Z1-U103	510	5 * 102	multiplex
HT891Z1	HT891Z1-U104	515	5 * 103	xenium
HT891Z1	HT891Z1-U106	525	5 * 105	he
HT891Z1	HT891Z1-U107	530	5 * 106	he
HT891Z1	HT891Z1-U108	535	5 * 107	multiplex
HT891Z1	HT891Z1-U109	540	5 * 108	multiplex
HT891Z1	HT891Z1-U110	545	5 * 109	multiplex
HT891Z1	HT891Z1-U111	550	5 * 110	multiplex
HT891Z1	HT891Z1-U113	560	5 * 112	multiplex
HT891Z1	HT891Z1-U114	565	5 * 113	he
HT891Z1	HT891Z1-U115	570	5 * 114	he
HT891Z1	HT891Z1-U116	575	5 * 115	he
HT704B1	HT704B1-U1	0	0	xenium
HT704B1	HT704B1-U11	50	50	multiplex
HT704B1	HT704B1-U12	55	5 * 11	he
HT704B1	HT704B1-U14	65	13 * 5	cosmx
HT704B1	HT704B1-U15	70	5 * 14	he
HT704B1	HT704B1-U17	80	80	xenium
HT704B1	HT704B1-U19	90	18 * 5	multiplex
HT704B1	HT704B1-U20	95	5 * 19	he
HT704B1	HT704B1-U22	105	21 * 5	cosmx
HT704B1	HT704B1-U23	110	5 * 22	he
HT704B1	HT704B1-U26	125	125	xenium
HT704B1	HT704B1-U27	130	26 * 5	multiplex
HT704B1	HT704B1-U28	135	5 * 27	he
HT704B1	HT704B1-U31	150	5 * 30	he
HT704B1	HT704B1-U33	160	160	xenium
HT704B1	HT704B1-U35	170	34 * 5	multiplex
HT704B1	HT704B1-U36	175	5 * 35	he
HT704B1	HT704B1-U39	190	5 * 38	he
HT704B1	HT704B1-U41	200	200	xenium
HT704B1	HT704B1-U43	210	42 * 5	multiplex
HT704B1	HT704B1-U44	215	5 * 43	he
HT704B1	HT704B1-U47	230	5 * 46	cosmx
HT704B1	HT704B1-U48	235	5 * 47	he
HT704B1	HT704B1-U50	245	245	xenium
HT704B1	HT704B1-U53	260	52 * 5	multiplex
HT704B1	HT704B1-U54	265	5 * 53	he
HT704B1	HT704B1-U56	275	5 * 55	cosmx
HT704B1	HT704B1-U57	280	5 * 56	he
HT704B1	HT704B1-U60	295	59 * 5	multiplex
HT704B1	HT704B1-U61	300	5 * 60	he
HT704B1	HT704B1-U65	320	5 * 64	he
HT704B1	HT704B1-U68	335	67 * 5	multiplex
HT704B1	HT704B1-U69	340	5 * 68	he
HT704B1	HT704B1-U73	360	5 * 72	he
HT704B1	HT704B1-U76	375	75 * 5	multiplex
HT704B1	HT704B1-U81	400	5 * 80	he
HT704B1	HT704B1-U82	405	81 * 5	multiplex
HT704B1	HT704B1-U84	415	5 * 83	he
HT704B1	HT704B1-U85	420	84 * 5	multiplex
HT704B1	HT704B1-U90	455	5 * 91	he
HT704B1	HT704B1-U91	450	90 * 5	multiplex
HT704B1	HT704B1-U93	460	5 * 92	he
S18-9906	S18-9906-U1	0	0	visium
S18-9906	S18-9906-U2	5	5	xenium
S18-9906	S18-9906-U3	10	10	multiplex
S18-9906	S18-9906-U5	20	20	batch2_he
S18-9906	S18-9906-U9	40	40	xenium
S18-9906	S18-9906-U10	45	45	multiplex
S18-9906	S18-9906-U12	55	55	batch2_he
S18-9906	S18-9906-U16	105	105	visium
S18-9906	S18-9906-U17	120	120	xenium
S18-9906	S18-9906-U18	125	125	multiplex
S18-9906	S18-9906-U20	135	135	batch2_he
S18-9906	S18-9906-U24	155	155	xenium
S18-9906	S18-9906-U25	160	160	multiplex
HT397B1	HT397B1-U1	0	0	visium
HT397B1	HT397B1-U2	5	5	multiplex
HT397B1	HT397B1-U4	15	15	batch2_he
HT397B1	HT397B1-U8	35	35	batch2_he
HT397B1	HT397B1-U11	50	50	batch2_he
HT397B1	HT397B1-U12	55	55	multiplex
HT397B1	HT397B1-U16	75	75	batch2_he
HT397B1	HT397B1-U21	100	100	visium
HT397B1	HT397B1-U22	105	105	multiplex
HT397B1	HT397B1-U20	125	125	batch2_he
HT397B1	HT397B1-U28	145	145	batch2_he
HT397B1	HT397B1-U31	150	150	multiplex
HT413C1-Th1k4A1	HT413C1-Th1k4A1-U14	0	0	he
HT413C1-Th1k4A1	HT413C1-Th1k4A1-U18	20	20	he
HT413C1-Th1k4A1	HT413C1-Th1k4A1-U19	25	25	xenium
HT413C1-Th1k4A1	HT413C1-Th1k4A1-U20	30	30	multiplex
HT413C1-Th1k4A1	HT413C1-Th1k4A1-U1	45	45	he
HT413C1-Th1k4A1	HT413C1-Th1k4A1-U2	50	50	xenium
HT413C1-Th1k4A1	HT413C1-Th1k4A1-U3	55	55	multiplex
HT413C1-Th1k4A1	HT413C1-Th1k4A1-U4	60	60	he
HT413C1-Th1k4A1	HT413C1-Th1k4A1-U7	75	75	cosmx
HT413C1-Th1k4A1	HT413C1-Th1k4A1-U8	80	80	he
HT413C1-Th1k4A1	HT413C1-Th1k4A1-U9	85	85	xenium
HT413C1-Th1k4A1	HT413C1-Th1k4A1-U11	95	95	he
HT413C1-Th1k4A1	HT413C1-Th1k4A1-U21	100	100	he
HT413C1-Th1k4A1	HT413C1-Th1k4A1-U24	115	115	he
HT413C1-Th1k4A1	HT413C1-Th1k4A1-U25	120	120	xenium
HT413C1-Th1k4A1	HT413C1-Th1k4A1-U26	125	125	multiplex
HT413C1-Th1k4A1	HT413C1-Th1k4A1-U27	130	130	he
HT413C1-Th1k4A1	HT413C1-Th1k4A1-U29	140	140	he
HT413C1-Th1k4A1	HT413C1-Th1k4A1-U30	145	145	he
HT413C1-Th1k4A1	HT413C1-Th1k4A1-U31	150	150	xenium
HT413C1-Th1k4A1	HT413C1-Th1k4A1-U32	155	155	multiplex
HT413C1-Th1k4A1	HT413C1-Th1k4A1-U34	165	165	cosmx
HT413C1-Th1k4A1	HT413C1-Th1k4A1-U35	170	170	he
HT413C1-Th1k4A1	HT413C1-Th1k4A1-U36	175	175	xenium
HT413C1-Th1k4A1	HT413C1-Th1k4A1-U37	180	180	multiplex
HT413C1-Th1k4A1	HT413C1-Th1k4A1-U38	185	185	he
HT413C1-Th1k4A1	HT413C1-Th1k4A1-U40	195	195	he
HT413C1-Th1k4A1	HT413C1-Th1k4A1-U41	200	200	multiplex
HT413C1-Th1k4A1	HT413C1-Th1k4A1-U42	205	205	multiplex
S18-25943-A7	S18-25943-A7-U1	0	0	xenium
S18-25943-A7	S18-25943-A7-U4	15	15	xenium
S18-25943-A7	S18-25943-A7-U8	35	35	xenium
S18-25943-A7	S18-25943-A7-U9	40	40	multiplex
S18-25943-A7	S18-25943-A7-U11	50	50	xenium
S18-25943-A7	S18-25943-A7-U13	60	60	multiplex
HT206B1	HT206B1-U1	0	0	xenium
HT206B1	HT206B1-U2	15	15	multiplex
HT206B1	HT206B1-U5	20	20	multiplex
HT206B1	HT206B1-U8	40	40	xenium
HT206B1	HT206B1-U9	45	45	xenium
HT206B1	HT206B1-U10	50	50	multiplex
HT206B1	HT206B1-U12	60	60	he
HT206B1	HT206B1-U13	65	65	multiplex
HT206B1	HT206B1-U16	80	80	xenium
HT206B1	HT206B1-U17	85	85	xenium
HT206B1	HT206B1-U18	90	90	multiplex
HT206B1	HT206B1-U20	100	100	he
HT206B1	HT206B1-U21	105	105	multiplex
HT206B1	HT206B1-U24	120	120	xenium
HT225C1	HT225C1-U2	0	0	visium
HT225C1	HT225C1-U3	60	60	visium
HT225C1	HT225C1-U4	120	120	visium
HT225C1	HT225C1-U5	180	180	visium
HT268B1	HT268B1-U2	5	5	visium
HT268B1	HT268B1-U12	55	55	visium
HT268B1	HT268B1-U22	105	105	visium
HT268B1	HT268B1-U32	155	155	visium
S18-5591-C8	S18-5591-C8-U1	0	0	xenium
S18-5591-C8	S18-5591-C8-U3	10	10	he
S18-5591-C8	S18-5591-C8-U5	20	20	xenium
S18-5591-C8	S18-5591-C8-U7	30	30	xenium
S18-5591-C8	S18-5591-C8-U8	35	35	multiplex
S18-5591-C8	S18-5591-C8-U9	40	40	he
S18-5591-C8	S18-5591-C8-U12	55	55	xenium
S18-5591-C8	S18-5591-C8-U14	65	65	multiplex
S18-5591-C8	S18-5591-C8-U18	85	85	xenium
S18-5591-C8	S18-5591-C8-U19	90	90	multiplex
S18-5591-C8	S18-5591-C8-U20	95	95	xenium
S18-5591-C8	S18-5591-C8-U21	100	100	multiplex
S18-5591-C8	S18-5591-C8-U23	110	110	multiplex
S18-5591-C8	S18-5591-C8-U24	115	115	multiplex
C3L-00982	C3L-00982-U1	0	0	multiplex
C3L-00982	C3L-00982-U2	5	5	xenium
C3L-00982	C3L-00982-U4	15	15	multiplex
C3L-00982	C3L-00982-U5	20	20	he
C3L-00982	C3L-00982-U7	30	30	multiplex
C3L-02551	C3L-02551-U1	0	0	multiplex
C3L-02551	C3L-02551-U3	10	10	xenium
C3L-02551	C3L-02551-U4	15	15	multiplex
C3L-02551	C3L-02551-U7	30	30	he
C3L-02551	C3L-02551-U8	35	35	multiplex
C3L-00970	C3L-00970-U1	0	0	xenium
C3L-00970	C3L-00970-U2	5	5	multiplex
C3L-01287	C3L-01287-U1	0	0	xenium
C3L-01287	C3L-01287-U2	5	5	multiplex
HT413C1-K2	HT413C1-K2-U1	0	0	visium
HT413C1-K2	HT413C1-K2-U2	5	5	multiplex
HT339B2-H1	HT339B2-H1-U1	0	0	visium
HT339B2-H1	HT339B2-H1-U2	5	5	multiplex
HT553P1-H2	HT553P1-H2-U1	0	0	visium
HT553P1-H2	HT553P1-H2-U2	5	5	multiplex
HT565B1-H2	HT565B1-H2-U1	0	0	visium
HT565B1-H2	HT565B1-H2-U2	5	5	multiplex
HT397B1-H2A2	HT397B1-H2A2-U1	0	0	visium
HT397B1-H2A2	HT397B1-H2A2-U2	5	5	multiplex
HT397B1-H3A1	HT397B1-H3A1-U1	0	0	visium
HT397B1-H3A1	HT397B1-H3A1-U2	5	5	multiplex
HT323B1-S1H3A4	HT323B1-S1H3A4-U1	0	0	visium
HT323B1-S1H3A4	HT323B1-S1H3A4-U2	5	5	multiplex
S15-32775-Met	S15-32775-Met-U1	0	0	visium
S15-32775-Met	S15-32775-Met-U2	0	0	multiplex
S16-38794-Primary	S16-38794-Primary-U1	0	0	visium
S16-38794-Primary	S16-38794-Primary-U2	5	5	multiplex
S16-38794-Primary	S16-38794-Primary-U3	10	10	xenium
S16-38794-Met	S16-38794-Met-U1	0	0	visium
S16-38794-Met	S16-38794-Met-U2	5	5	multiplex
S15-1909-C2	S15-1909-C2-U1	0	0	visium
S15-1909-C2	S15-1909-C2-U2	5	5	multiplex
HT448C1-Th1K1Fp1	HT448C1-Th1K1Fp1-U1	0	0	visium
HT448C1-Th1K1Fp1	HT448C1-Th1K1Fp1-U2	5	5	multiplex
HT448C1-Th1K1Fp1	HT448C1-Th1K1Fp1-U13	60	60	visium
HT448C1-Th1K1Fp1	HT448C1-Th1K1Fp1-U14	65	65	multiplex
