request_candidate_id	priority_tier	source_namespace	logical_unit_id	provenance_group_id	provenance_aliases	provenance_group_size	known_current_eligible_unit	public_locator	reference_or_title	local_metadata_status	physical_records	patient_known_records	distinct_patient_ids	conflict_records	missing_required_fields	requested_artifact	independence_status	request_status
R01META::07d67abb161cb624	P1_PUBLIC_HIGH_COVERAGE	ATLAS_TABLE_S2	atlas_s2::kirc::1713c35ce741	R01PROV::8d390563e59e90b3	GSE175540;PMID:35231421	2		GSE175540	PMID: 35231421	LOCAL_DIRECTORY_PRESENT	24	24	24	0	block_id;sample_to_block_crosswalk	official sample sheet or provenance-preserving patient-block-sample crosswalk	CROSS_AGGREGATOR_OVERLAP_UNRESOLVED_DO_NOT_COUNT	PROPOSED_REQUIRES_APPROVAL
R01META::155f9f603913ed01	P1_PUBLIC_HIGH_COVERAGE	HEST	HEST_STUDY::7d3c5dc45fff3986	R01PROV::8d390563e59e90b3	PMID:35231421	2		https://pubmed.ncbi.nlm.nih.gov/35231421/	Tertiary lymphoid structures generate and propagate anti-tumor antibody-producing plasma cells in renal cell cancer	BUNDLED_HEST_METADATA_PRESENT	24	24	24	0	block_id;sample_to_block_crosswalk	official sample sheet or provenance-preserving patient-block-sample crosswalk	CROSS_AGGREGATOR_OVERLAP_UNRESOLVED_DO_NOT_COUNT	PROPOSED_REQUIRES_APPROVAL
R01META::d3b6e8dde981ec1b	P1_PUBLIC_HIGH_COVERAGE	HEST	HEST_STUDY::85ef289e4d85fd28	R01PROV::03d66a11c999bdd4	DOI:10.1126/SCIENCE.AAF2403	1		https://www.science.org/doi/10.1126/science.aaf2403	Integrating spatial gene expression and breast tumour morphology via deep learning	BUNDLED_HEST_METADATA_PRESENT	68	68	23	0	block_id;sample_to_block_crosswalk	official sample sheet or provenance-preserving patient-block-sample crosswalk	UNRESOLVED_DO_NOT_COUNT	PROPOSED_REQUIRES_APPROVAL
R01META::e18c2d81adebde64	P1_PUBLIC_HIGH_COVERAGE	ATLAS_TABLE_S2	atlas_s2::brca::f43bd8bcc2b2	R01PROV::b6317096c35d49b0	GSE242311;PMID:36674951	1		GSE242311	PMID: 36674951	LOCAL_DIRECTORY_PRESENT	16	16	16	0	block_id;sample_to_block_crosswalk	official sample sheet or provenance-preserving patient-block-sample crosswalk	UNRESOLVED_DO_NOT_COUNT	PROPOSED_REQUIRES_APPROVAL
R01META::098402b74c284ea7	P1_PUBLIC_HIGH_COVERAGE	ATLAS_TABLE_S2	atlas_s2::gbm::5296a36d01a8	R01PROV::9637d2549f01da32	DOI:10.5061/DRYAD.H70RXWDMJ;PMID:35700707	1		https://datadryad.org/stash/dataset/doi:10.5061/dryad.h70rxwdmj	PMID: 35700707	LOCAL_DIRECTORY_PRESENT	16	16	16	0	block_id;sample_to_block_crosswalk	official sample sheet or provenance-preserving patient-block-sample crosswalk	UNRESOLVED_DO_NOT_COUNT	PROPOSED_REQUIRES_APPROVAL
R01META::1f42ebca674dd2ae	P1_PUBLIC_HIGH_COVERAGE	ATLAS_TABLE_S2	atlas_s2::stad::698c46f02346	R01PROV::b4be80acc6dbde96	GSE246011	1		GSE246011	In-house	LOCAL_DIRECTORY_PRESENT	20	20	16	0	block_id;sample_to_block_crosswalk	official sample sheet or provenance-preserving patient-block-sample crosswalk	UNRESOLVED_DO_NOT_COUNT	PROPOSED_REQUIRES_APPROVAL
R01META::a5001cf077c969f4	P1_PUBLIC_HIGH_COVERAGE	ATLAS_TABLE_S2	atlas_s2::paad::37a9a031b038	R01PROV::ba91bbf1091b92a1	GSE274557	1		GSE274557	In-house	LOCAL_DIRECTORY_PRESENT	13	13	13	0	block_id;sample_to_block_crosswalk	official sample sheet or provenance-preserving patient-block-sample crosswalk	UNRESOLVED_DO_NOT_COUNT	PROPOSED_REQUIRES_APPROVAL
R01META::9c762d7abd618df4	P1_PUBLIC_HIGH_COVERAGE	ATLAS_TABLE_S2	atlas_s2::blca::5d94c2a09da1	R01PROV::c5b08e3d24027b6d	GSE319536	1		GSE319536	In-house	LOCAL_DIRECTORY_PRESENT	10	10	10	0	block_id;sample_to_block_crosswalk	official sample sheet or provenance-preserving patient-block-sample crosswalk	UNRESOLVED_DO_NOT_COUNT	PROPOSED_REQUIRES_APPROVAL
R01META::7d58ffbfdf623593	P1_PUBLIC_HIGH_COVERAGE	ATLAS_TABLE_S2	atlas_s2::oscc::847eaaa6916f	R01PROV::db2d8ff735e60e1c	GSE208253;PMID:37596273	1		GSE208253	PMID: 37596273	LOCAL_DIRECTORY_PRESENT	12	12	10	0	block_id;sample_to_block_crosswalk	official sample sheet or provenance-preserving patient-block-sample crosswalk	UNRESOLVED_DO_NOT_COUNT	PROPOSED_REQUIRES_APPROVAL
R01META::4d24200765e9e6ce	P1_PUBLIC_HIGH_COVERAGE	ATLAS_TABLE_S2	atlas_s2::stad::bd9a81cebbb8	R01PROV::52ff0d86dbec80dd	PRJCA027506	2		PRJCA027506	In-house	HOLD_OR_NOT_LOCAL	10	10	10	0	block_id;sample_to_block_crosswalk	official sample sheet or provenance-preserving patient-block-sample crosswalk	CROSS_AGGREGATOR_OVERLAP_UNRESOLVED_DO_NOT_COUNT	PROPOSED_REQUIRES_APPROVAL
R01META::0796ec1e4aa145bd	P1_PUBLIC_HIGH_COVERAGE	ATLAS_TABLE_S2	atlas_s2::brca::0d3358b91b69	R01PROV::4e092ff104147e70	EGAD00001008031;PMID:34650042	2		EGAD00001008031	PMID: 34650042	HOLD_OR_NOT_LOCAL	36	36	8	0	block_id;sample_to_block_crosswalk	official sample sheet or provenance-preserving patient-block-sample crosswalk	CROSS_AGGREGATOR_OVERLAP_UNRESOLVED_DO_NOT_COUNT	PROPOSED_REQUIRES_APPROVAL
R01META::04c62ae73cc9cb66	P1_PUBLIC_HIGH_COVERAGE	ATLAS_TABLE_S2	atlas_s2::ovca::1096a62ee6fb	R01PROV::2c129f993abf6d1f	GSE211956;PMID:38570491	1		GSE211956	PMID: 38570491	LOCAL_DIRECTORY_PRESENT	8	8	8	0	block_id;sample_to_block_crosswalk	official sample sheet or provenance-preserving patient-block-sample crosswalk	UNRESOLVED_DO_NOT_COUNT	PROPOSED_REQUIRES_APPROVAL
R01META::53cb3ca0d919153c	P1_PUBLIC_HIGH_COVERAGE	ATLAS_TABLE_S2	atlas_s2::stad::5467cd860ae5	R01PROV::52ff0d86dbec80dd	PRJCA027506	2		PRJCA027506	In-house	HOLD_OR_NOT_LOCAL	8	8	8	0	block_id;sample_to_block_crosswalk	official sample sheet or provenance-preserving patient-block-sample crosswalk	CROSS_AGGREGATOR_OVERLAP_UNRESOLVED_DO_NOT_COUNT	PROPOSED_REQUIRES_APPROVAL
R01META::fa77595d10b8675d	P1_PUBLIC_HIGH_COVERAGE	HEST	HEST_STUDY::50c9e446a2e4e056	R01PROV::4e092ff104147e70	PMID:34650042	2		https://pubmed.ncbi.nlm.nih.gov/34650042/	Spatial deconvolution of HER2-positive breast cancer delineates tumor-associated cell type interactions	BUNDLED_HEST_METADATA_PRESENT	36	36	8	0	block_id;sample_to_block_crosswalk	official sample sheet or provenance-preserving patient-block-sample crosswalk	CROSS_AGGREGATOR_OVERLAP_UNRESOLVED_DO_NOT_COUNT	PROPOSED_REQUIRES_APPROVAL
R01META::a65d3f9a9b752305	P1_PUBLIC_HIGH_COVERAGE	ATLAS_TABLE_S2	atlas_s2::lihc::c8b7b348f860	R01PROV::94ad3b42cea59ad8	PMID:34919432	1		https://ngdc.cncb.ac.cn/gsa-human/browse/HRA000437	PMID: 34919432	HOLD_OR_NOT_LOCAL	21	21	7	0	block_id;sample_to_block_crosswalk	official sample sheet or provenance-preserving patient-block-sample crosswalk	UNRESOLVED_DO_NOT_COUNT	PROPOSED_REQUIRES_APPROVAL
R01META::ca4c27d906f5e1b3	P1_PUBLIC_HIGH_COVERAGE	HEST	HEST_STUDY::fce6a7204f438bee	R01PROV::c763a3acade859d1	DOI:10.1101/2023.01.23.525135V2	1		https://www.biorxiv.org/content/10.1101/2023.01.23.525135v2	Charting the Heterogeneity of Colorectal Cancer Consensus Molecular Subtypes using Spatial Transcriptomics: datasets	BUNDLED_HEST_METADATA_PRESENT	14	14	7	0	block_id;sample_to_block_crosswalk	official sample sheet or provenance-preserving patient-block-sample crosswalk	UNRESOLVED_DO_NOT_COUNT	PROPOSED_REQUIRES_APPROVAL
R01META::497fac55ccc3027d	P1_PUBLIC_HIGH_COVERAGE	ATLAS_TABLE_S2	atlas_s2::coad::57914a45a84f	R01PROV::c763ad6d11589bfe	GSE225857;PMID:37327339	1		GSE225857	PMID: 37327339	LOCAL_DIRECTORY_PRESENT	6	6	6	0	block_id;sample_to_block_crosswalk	official sample sheet or provenance-preserving patient-block-sample crosswalk	UNRESOLVED_DO_NOT_COUNT	PROPOSED_REQUIRES_APPROVAL
R01META::56ca7e033016c5ff	P1_PUBLIC_HIGH_COVERAGE	ATLAS_TABLE_S2	atlas_s2::cscc::4d90f790e3d6	R01PROV::fd016fa7c2d1dee5	GSE144240;PMID:32579974	1		GSE144240	PMID: 32579974	LOCAL_DIRECTORY_PRESENT	16	16	6	0	block_id;sample_to_block_crosswalk	official sample sheet or provenance-preserving patient-block-sample crosswalk	UNRESOLVED_DO_NOT_COUNT	PROPOSED_REQUIRES_APPROVAL
R01META::6da0bbabf90e1c9e	P1_PUBLIC_HIGH_COVERAGE	HEST	HEST_STUDY::2a9a724c3b86d826	R01PROV::4677aec2d7ec00b8		1		https://www.ncbi.nlm.nih.gov/pmc/articles/PMC10356613/	Spatial localization with Spatial Transcriptomics for an atlas of healthy and injured cell states and niches in the human kidney [Visium ST]	BUNDLED_HEST_METADATA_PRESENT	6	6	6	0	block_id;sample_to_block_crosswalk	official sample sheet or provenance-preserving patient-block-sample crosswalk	UNRESOLVED_DO_NOT_COUNT	PROPOSED_REQUIRES_APPROVAL
R01META::e67191ff62cdf36c	P1_PUBLIC_HIGH_COVERAGE	ATLAS_TABLE_S2	atlas_s2::brca::cfdcb7f168c4	R01PROV::aa166e9d6d18d770		1		https://www.10xgenomics.com/datasets	10x	LOCAL_BUNDLE_PRESENT	6	6	5	0	block_id;sample_to_block_crosswalk	official sample sheet or provenance-preserving patient-block-sample crosswalk	UNRESOLVED_DO_NOT_COUNT	PROPOSED_REQUIRES_APPROVAL
R01META::f2f3e80eef21363e	P1_PUBLIC_HIGH_COVERAGE	ATLAS_TABLE_S2	atlas_s2::paad::25fc49fa3903	R01PROV::e3d43b4d6393e053	GSE274103	1		GSE274103	In-house	LOCAL_DIRECTORY_PRESENT	5	5	5	0	block_id;sample_to_block_crosswalk	official sample sheet or provenance-preserving patient-block-sample crosswalk	UNRESOLVED_DO_NOT_COUNT	PROPOSED_REQUIRES_APPROVAL
R01META::11a91e48c9e4d4eb	P1_PUBLIC_HIGH_COVERAGE	HEST	HEST_STUDY::70d6a0bd74a6675c	R01PROV::80d9da3a120c83a4		1		https://www.ncbi.nlm.nih.gov/pmc/articles/PMC7391009/	Human squamous cell carcinoma | Single Cell and Spatial Analysis of Human Squamous Cell Carcinoma [ST]	BUNDLED_HEST_METADATA_PRESENT	16	16	5	0	block_id;sample_to_block_crosswalk	official sample sheet or provenance-preserving patient-block-sample crosswalk	UNRESOLVED_DO_NOT_COUNT	PROPOSED_REQUIRES_APPROVAL
R01META::009d7d6d946e7fec	P1_PUBLIC_HIGH_COVERAGE	ATLAS_TABLE_S2	atlas_s2::blca::412232635816	R01PROV::4b60cc1a8d3b8abc	GSE171351;PMID:34385456	1		GSE171351	PMID: 34385456	LOCAL_DIRECTORY_PRESENT	4	4	4	0	block_id;sample_to_block_crosswalk	official sample sheet or provenance-preserving patient-block-sample crosswalk	UNRESOLVED_DO_NOT_COUNT	PROPOSED_REQUIRES_APPROVAL
R01META::7f1c6793e60f8b8d	P1_PUBLIC_HIGH_COVERAGE	ATLAS_TABLE_S2	atlas_s2::coad::87c0a055d20d	R01PROV::5b1420edb67ce047	GSE226997	1		GSE226997	-	LOCAL_DIRECTORY_PRESENT	4	4	4	0	block_id;sample_to_block_crosswalk	official sample sheet or provenance-preserving patient-block-sample crosswalk	UNRESOLVED_DO_NOT_COUNT	PROPOSED_REQUIRES_APPROVAL
R01META::d1053ce5a736c0d2	P1_PUBLIC_HIGH_COVERAGE	ATLAS_TABLE_S2	atlas_s2::coad::a8c5b3eea08b	R01PROV::cddfc339e15dd7a1	PMID:34417225	2		https://www.biosino.org/node/project/detail/OEP001756	PMID: 34417225	HOLD_OR_NOT_LOCAL	4	4	4	0	block_id;sample_to_block_crosswalk	official sample sheet or provenance-preserving patient-block-sample crosswalk	CROSS_AGGREGATOR_OVERLAP_UNRESOLVED_DO_NOT_COUNT	PROPOSED_REQUIRES_APPROVAL
R01META::5d454d2631f66918	P1_PUBLIC_HIGH_COVERAGE	ATLAS_TABLE_S2	atlas_s2::lihc::311520ad8153	R01PROV::cddfc339e15dd7a1	PMID:34417225	2		https://ngdc.cncb.ac.cn/gsa-human/request/HRA000979	PMID: 34417225	HOLD_OR_NOT_LOCAL	4	4	4	0	block_id;sample_to_block_crosswalk	official sample sheet or provenance-preserving patient-block-sample crosswalk	CROSS_AGGREGATOR_OVERLAP_UNRESOLVED_DO_NOT_COUNT	PROPOSED_REQUIRES_APPROVAL
R01META::20ca363ef60c6176	P1_PUBLIC_HIGH_COVERAGE	ATLAS_TABLE_S2	atlas_s2::paad::4036fd69d79e	R01PROV::04a9ace31d1b93b7	GSE111672;PMID:31932730	1		GSE111672	PMID: 31932730	LOCAL_DIRECTORY_PRESENT	4	4	4	0	block_id;sample_to_block_crosswalk	official sample sheet or provenance-preserving patient-block-sample crosswalk	UNRESOLVED_DO_NOT_COUNT	PROPOSED_REQUIRES_APPROVAL
R01META::ff59e29637874062	P1_PUBLIC_HIGH_COVERAGE	ATLAS_TABLE_S2	atlas_s2::paad::5aaaec392e4b	R01PROV::898eeb266d1fac04	GSE202740;PMID:37524695	1		GSE202740	PMID: 37524695	LOCAL_DIRECTORY_PRESENT	4	4	4	0	block_id;sample_to_block_crosswalk	official sample sheet or provenance-preserving patient-block-sample crosswalk	UNRESOLVED_DO_NOT_COUNT	PROPOSED_REQUIRES_APPROVAL
R01META::3e4c389bdaf34804	P1_PUBLIC_HIGH_COVERAGE	HEST	HEST_STUDY::551191bc76553b0f	R01PROV::f64d11ea46b18292		1		https://www.nature.com/articles/s41467-022-34581-2	Single cell profiling of primary and paired metastatic lymph node tumors in breast cancer patients	BUNDLED_HEST_METADATA_PRESENT	4	4	4	0	block_id;sample_to_block_crosswalk	official sample sheet or provenance-preserving patient-block-sample crosswalk	UNRESOLVED_DO_NOT_COUNT	PROPOSED_REQUIRES_APPROVAL
R01META::c1aadf282a30a36a	P1_PUBLIC_HIGH_COVERAGE	HEST	HEST_STUDY::560ae0f4430e2942	R01PROV::f92c65b0a281425b	DOI:10.64898/2025.12.08.692193V1	1		https://www.biorxiv.org/content/10.64898/2025.12.08.692193v1	Xenium v1 Human Breast FFPE with Biomarkers & Housekeeping Genes Custom Panel	BUNDLED_HEST_METADATA_PRESENT	12	12	4	0	block_id;sample_to_block_crosswalk	official sample sheet or provenance-preserving patient-block-sample crosswalk	UNRESOLVED_DO_NOT_COUNT	PROPOSED_REQUIRES_APPROVAL
R01META::4868d1fd1b18edfa	P1_PUBLIC_HIGH_COVERAGE	HEST	HEST_STUDY::e60ce218897d3e67	R01PROV::3c71b5d35857d81f	DOI:10.1101/2023.12.15.571954V2	1		https://www.biorxiv.org/content/10.1101/2023.12.15.571954v2	Image-based spatial transcriptomics identifies molecular niche dysregulation associated with distal lung remodeling in pulmonary fibrosis	BUNDLED_HEST_METADATA_PRESENT	5	5	4	0	block_id;sample_to_block_crosswalk	official sample sheet or provenance-preserving patient-block-sample crosswalk	UNRESOLVED_DO_NOT_COUNT	PROPOSED_REQUIRES_APPROVAL
R01META::484987173bb63ed8	P2_PUBLIC_LOWER_COVERAGE	ATLAS_TABLE_S2	atlas_s2::brca::9c4d62a70cd3	R01PROV::dae8981cd1b0b76f	GSE203612;PMID:35931863	3		GSE203612	PMID: 35931863	LOCAL_DIRECTORY_PRESENT	3	3	3	0	block_id;sample_to_block_crosswalk	official sample sheet or provenance-preserving patient-block-sample crosswalk	CROSS_AGGREGATOR_OVERLAP_UNRESOLVED_DO_NOT_COUNT	PROPOSED_REQUIRES_APPROVAL
R01META::b5f8ea78240f3034	P2_PUBLIC_LOWER_COVERAGE	ATLAS_TABLE_S2	atlas_s2::luad::76470063af9e	R01PROV::47702b0cb05ecfb2	GSE307534	1		GSE307534	In-house	LOCAL_DIRECTORY_PRESENT	3	3	3	0	block_id;sample_to_block_crosswalk	official sample sheet or provenance-preserving patient-block-sample crosswalk	UNRESOLVED_DO_NOT_COUNT	PROPOSED_REQUIRES_APPROVAL
R01META::e6af575aa1edf4fc	P2_PUBLIC_LOWER_COVERAGE	ATLAS_TABLE_S2	atlas_s2::coad::366b8f14f344	R01PROV::104fb8fa5ef51298		1		https://www.10xgenomics.com/datasets	10x	LOCAL_BUNDLE_PRESENT	2	2	2	0	block_id;sample_to_block_crosswalk	official sample sheet or provenance-preserving patient-block-sample crosswalk	UNRESOLVED_DO_NOT_COUNT	PROPOSED_REQUIRES_APPROVAL
R01META::d3b8e161a27c5f46	P2_PUBLIC_LOWER_COVERAGE	ATLAS_TABLE_S2	atlas_s2::coad::ccb553bab806	R01PROV::bc17be311d7717e1	PMID:35365629	1		https://ngdc.cncb.ac.cn/gsa-human/request/HRA000979	PMID: 35365629	HOLD_OR_NOT_LOCAL	2	2	2	0	block_id;sample_to_block_crosswalk	official sample sheet or provenance-preserving patient-block-sample crosswalk	UNRESOLVED_DO_NOT_COUNT	PROPOSED_REQUIRES_APPROVAL
R01META::b936919dae17b99c	P2_PUBLIC_LOWER_COVERAGE	ATLAS_TABLE_S2	atlas_s2::kirc::f8da3f2751d7	R01PROV::9f6152a5a831281e	GSE210041;PMID:37335139	1		GSE210041	PMID: 37335139	LOCAL_DIRECTORY_PRESENT	2	2	2	0	block_id;sample_to_block_crosswalk	official sample sheet or provenance-preserving patient-block-sample crosswalk	UNRESOLVED_DO_NOT_COUNT	PROPOSED_REQUIRES_APPROVAL
R01META::3f550cbf3e170859	P2_PUBLIC_LOWER_COVERAGE	ATLAS_TABLE_S2	atlas_s2::luad::36411acf705f	R01PROV::e76354a5b1daea04		1		https://www.10xgenomics.com/datasets	10x	LOCAL_BUNDLE_PRESENT	2	2	2	0	block_id;sample_to_block_crosswalk	official sample sheet or provenance-preserving patient-block-sample crosswalk	UNRESOLVED_DO_NOT_COUNT	PROPOSED_REQUIRES_APPROVAL
R01META::50e923dac0c19bcf	P2_PUBLIC_LOWER_COVERAGE	ATLAS_TABLE_S2	atlas_s2::luad::486f932752d0	R01PROV::fa8da285e618feb5	PMID:36098652	1		EGAS00001005021	PMID: 36098652	HOLD_OR_NOT_LOCAL	5	5	2	0	block_id;sample_to_block_crosswalk	official sample sheet or provenance-preserving patient-block-sample crosswalk	UNRESOLVED_DO_NOT_COUNT	PROPOSED_REQUIRES_APPROVAL
R01META::67d036f6cc02ac0c	P2_PUBLIC_LOWER_COVERAGE	ATLAS_TABLE_S2	atlas_s2::ovca::2fefa22ca3e9	R01PROV::dae8981cd1b0b76f	GSE203612;PMID:35931863	3		GSE203612	PMID: 35931863	LOCAL_DIRECTORY_PRESENT	2	2	2	0	block_id;sample_to_block_crosswalk	official sample sheet or provenance-preserving patient-block-sample crosswalk	CROSS_AGGREGATOR_OVERLAP_UNRESOLVED_DO_NOT_COUNT	PROPOSED_REQUIRES_APPROVAL
R01META::aca5a46e5168540f	P2_PUBLIC_LOWER_COVERAGE	ATLAS_TABLE_S2	atlas_s2::ovca::9aec1e08324f	R01PROV::129f152d4321d56f		1		https://www.10xgenomics.com/datasets	10x	LOCAL_BUNDLE_PRESENT	2	2	2	0	block_id;sample_to_block_crosswalk	official sample sheet or provenance-preserving patient-block-sample crosswalk	UNRESOLVED_DO_NOT_COUNT	PROPOSED_REQUIRES_APPROVAL
R01META::bc6fb00064b7e9eb	P2_PUBLIC_LOWER_COVERAGE	ATLAS_TABLE_S2	atlas_s2::stad::46a841f5ce0a	R01PROV::dae8981cd1b0b76f	GSE203612;PMID:35931863	3		GSE203612	PMID: 35931863	LOCAL_DIRECTORY_PRESENT	2	2	2	0	block_id;sample_to_block_crosswalk	official sample sheet or provenance-preserving patient-block-sample crosswalk	CROSS_AGGREGATOR_OVERLAP_UNRESOLVED_DO_NOT_COUNT	PROPOSED_REQUIRES_APPROVAL
R01META::480da729ad5a5c07	P2_PUBLIC_LOWER_COVERAGE	HEST	HEST_STUDY::0225c75eaf3a596e	R01PROV::40d2acc2fc080ebd		1		https://www.nature.com/articles/s41586-022-05023-2	Spatially resolved clonal copy number alterations in benign and malignant tissueJus	BUNDLED_HEST_METADATA_PRESENT	23	23	2	0	block_id;sample_to_block_crosswalk	official sample sheet or provenance-preserving patient-block-sample crosswalk	UNRESOLVED_DO_NOT_COUNT	PROPOSED_REQUIRES_APPROVAL
R01META::7e8387622cecb7d8	P2_PUBLIC_LOWER_COVERAGE	HEST	HEST_STUDY::2d21fbdf19118ede	R01PROV::4e753aedfaa8fe49	DOI:10.1101/2022.11.09.515839V1.FULL	1		https://www.biorxiv.org/content/10.1101/2022.11.09.515839v1.full	Identification of TREM1+CD163+ myeloid cells as a deleterious immune subset in HCC [Spatial Transcriptomics]	BUNDLED_HEST_METADATA_PRESENT	2	2	2	0	block_id;sample_to_block_crosswalk	official sample sheet or provenance-preserving patient-block-sample crosswalk	UNRESOLVED_DO_NOT_COUNT	PROPOSED_REQUIRES_APPROVAL
R01META::d9aea375160273dc	P2_PUBLIC_LOWER_COVERAGE	HEST	HEST_STUDY::62480f1b0e8c1292	R01PROV::0031bb4fa1b4fbba		1		https://www.nature.com/articles/s41467-023-43458-x	High resolution mapping of the tumor microenvironment using integrated single-cell, spatial and in situ analysis [Xenium] | High resolution mapping of the tumor microenvironment using integrated single-cell, spatial and in situ analysis [scRNA-seq and Visium]	BUNDLED_HEST_METADATA_PRESENT	4	3	2	0	block_id;sample_to_block_crosswalk	official sample sheet or provenance-preserving patient-block-sample crosswalk	UNRESOLVED_DO_NOT_COUNT	PROPOSED_REQUIRES_APPROVAL
R01META::3206f506ee0e3ae2	P2_PUBLIC_LOWER_COVERAGE	HEST	HEST_STUDY::8009241e859a7286	R01PROV::dc01f3fd4889b92b		1		https://www.sciencedirect.com/science/article/pii/S2211124724004698?via%3Dihub#app2	Batf3-dendritic cells and 4-1BB-4-1BB ligand axis are required at the effector phase within the tumor microenvironment for PD-1-PD-L1 blockade efficacy	BUNDLED_HEST_METADATA_PRESENT	2	2	2	0	block_id;sample_to_block_crosswalk	official sample sheet or provenance-preserving patient-block-sample crosswalk	UNRESOLVED_DO_NOT_COUNT	PROPOSED_REQUIRES_APPROVAL
R01META::f9f4a41d7aba7299	P2_PUBLIC_LOWER_COVERAGE	ATLAS_TABLE_S2	atlas_s2::ovca::1fb05a50a277	R01PROV::1fcb9dce77e48327	GSE213699;PMID:36249907	1		GSE213699	PMID: 36249907	LOCAL_DIRECTORY_PRESENT	8	8	1	0	block_id;sample_to_block_crosswalk	official sample sheet or provenance-preserving patient-block-sample crosswalk	UNRESOLVED_DO_NOT_COUNT	PROPOSED_REQUIRES_APPROVAL
R01META::1c469060734f364c	P2_PUBLIC_LOWER_COVERAGE	HEST	HEST_STUDY::41f79666c0186484	R01PROV::416663282be68e3c	PMID:34845373	1		https://pubmed.ncbi.nlm.nih.gov/34845373/	Human ileum, Visium	BUNDLED_HEST_METADATA_PRESENT	4	4	1	0	block_id;sample_to_block_crosswalk	official sample sheet or provenance-preserving patient-block-sample crosswalk	UNRESOLVED_DO_NOT_COUNT	PROPOSED_REQUIRES_APPROVAL
R01META::3c42c2e13666f492	P3_ACCESS_OR_CONFLICT_REVIEW	ATLAS_TABLE_S2	atlas_s2::gbm::12efcbacdaae	R01PROV::c97e8907b58b7d2f	GSE235672;PMID:37460871	1		GSE235672	PMID: 37460871	LOCAL_DIRECTORY_PRESENT	20	16	16	4	block_id;sample_to_block_crosswalk	official sample sheet or provenance-preserving patient-block-sample crosswalk	UNRESOLVED_DO_NOT_COUNT	PROPOSED_REQUIRES_APPROVAL
R01META::bbf4813bfa609880	P3_ACCESS_OR_CONFLICT_REVIEW	HEST	HEST_STUDY::296c1b80b7816973	R01PROV::d00b4be61ac4bc7b	DOI:10.1101/2024.06.04.597233V1.FULL	1		https://www.biorxiv.org/content/10.1101/2024.06.04.597233v1.full	Characterization of immune cell populations in the tumor microenvironment of colorectal cancer using high definition spatial profiling	BUNDLED_HEST_METADATA_PRESENT	8	2	1	6	block_id;sample_to_block_crosswalk	official sample sheet or provenance-preserving patient-block-sample crosswalk	UNRESOLVED_DO_NOT_COUNT	PROPOSED_REQUIRES_APPROVAL
R01META::087048a41d06321c	P4_KNOWN_CURRENT_LINEAGE	ATLAS_TABLE_S2	atlas_s2::coad::924c9618a153	R01PROV::7b1e5e6e011bc179	PMID:38065082	1	HTAN_VANDERBILT_CRC	https://data.humantumoratlas.org/publications/vanderbilt_crc_chen_2021?tab=10x-visium#	PMID: 38065082	LOCAL_DIRECTORY_PRESENT	36	36	22	0	block_id;sample_to_block_crosswalk	official sample sheet or provenance-preserving patient-block-sample crosswalk	KNOWN_CURRENT_ELIGIBLE_LINEAGE_NO_INCREMENT	NOT_AN_INCREMENTAL_UNIT
