source_id	accession	official_url	local_path	bytes	sha256	license	identity_coverage	retention_scope	status	notes
geo:GSE111672_gsm_quick	GSE111672	https://www.ncbi.nlm.nih.gov/geo/query/acc.cgi?acc=GSE111672	infra/bioinf-data-index/raw/geo/GSE111672_gsm_quick.soft	179603	539ea42ee033d4714a7e2698c6df968218ce5f5a5c7839841e593b97dbe4e4df	NOT_ASSERTED_IN_RETRIEVED_METADATA	screened_not_accepted	metadata	retained	official metadata/document record
geo:GSE144240_gsm_quick	GSE144240	https://www.ncbi.nlm.nih.gov/geo/query/acc.cgi?acc=GSE144240	infra/bioinf-data-index/raw/geo/GSE144240_gsm_quick.soft	494461	5614832075a36ab4f5e5092b02db21efc8293bbe07513daad581e641985eda78	NOT_ASSERTED_IN_RETRIEVED_METADATA	screened_not_accepted	metadata	retained	official metadata/document record
geo:GSE171351_gsm_quick	GSE171351	https://www.ncbi.nlm.nih.gov/geo/query/acc.cgi?acc=GSE171351	infra/bioinf-data-index/raw/geo/GSE171351_gsm_quick.soft	9814	9f38c52c1733388342fea428b00475dae75dafc663d82cfdc50eb003dc503aeb	NOT_ASSERTED_IN_RETRIEVED_METADATA	screened_not_accepted	metadata	retained	official metadata/document record
geo:GSE175540_gsm_quick	GSE175540	https://www.ncbi.nlm.nih.gov/geo/query/acc.cgi?acc=GSE175540	infra/bioinf-data-index/raw/geo/GSE175540_gsm_quick.soft	66706	8e7880764a22fb3ceba552fddbfe468d4eae9ca73564179f4009df31264627a6	NOT_ASSERTED_IN_RETRIEVED_METADATA	screened_not_accepted	metadata	retained	official metadata/document record
geo:GSE202740_gsm_quick	GSE202740	https://www.ncbi.nlm.nih.gov/geo/query/acc.cgi?acc=GSE202740	infra/bioinf-data-index/raw/geo/GSE202740_gsm_quick.soft	16708	1b352a028ad93d91d060660754365adf9690f44336b5e47a64e446618b484bbc	NOT_ASSERTED_IN_RETRIEVED_METADATA	screened_not_accepted	metadata	retained	official metadata/document record
geo:GSE208253_gsm_quick	GSE208253	https://www.ncbi.nlm.nih.gov/geo/query/acc.cgi?acc=GSE208253	infra/bioinf-data-index/raw/geo/GSE208253_gsm_quick.soft	44410	187d1b842dde20d7d8c771a17e0bc5558f065a6ed2c14c9569734524a646379d	NOT_ASSERTED_IN_RETRIEVED_METADATA	screened_not_accepted	metadata	retained	official metadata/document record
geo:GSE211956_gsm_quick	GSE211956	https://www.ncbi.nlm.nih.gov/geo/query/acc.cgi?acc=GSE211956	infra/bioinf-data-index/raw/geo/GSE211956_gsm_quick.soft	31826	79a92a96f01196b882669104a8af8b0044909fe0210dfae813fcfe981af4e3e3	NOT_ASSERTED_IN_RETRIEVED_METADATA	patient_tissue_biosample	metadata	retained	official metadata/document record
geo:GSE211956_series_quick	GSE211956	https://www.ncbi.nlm.nih.gov/geo/query/acc.cgi?acc=GSE211956	infra/bioinf-data-index/raw/geo/GSE211956_series_quick.soft	2684	1b38ffd14bba1bd1db2c3a23240c91595538457e51e34a8697181b5cec5ce094	NOT_ASSERTED_IN_RETRIEVED_METADATA	cohort_tissue_patient_bioproject	metadata	retained	official metadata/document record
geo:GSE225857_gsm_quick	GSE225857	https://www.ncbi.nlm.nih.gov/geo/query/acc.cgi?acc=GSE225857	infra/bioinf-data-index/raw/geo/GSE225857_gsm_quick.soft	37589	2429e4d758cd30d5c5cd515e1b6ad99f58c5f67d9d4165de535b17a51d378484	NOT_ASSERTED_IN_RETRIEVED_METADATA	screened_not_accepted	metadata	retained	official metadata/document record
geo:GSE226997_gsm_quick	GSE226997	https://www.ncbi.nlm.nih.gov/geo/query/acc.cgi?acc=GSE226997	infra/bioinf-data-index/raw/geo/GSE226997_gsm_quick.soft	14292	e6024af1e6ff304286b0040973e60a7bc95aa4f711405bb39c793110ea0ef3e2	NOT_ASSERTED_IN_RETRIEVED_METADATA	patient_tissue_biosample	metadata	retained	official metadata/document record
geo:GSE226997_series_quick	GSE226997	https://www.ncbi.nlm.nih.gov/geo/query/acc.cgi?acc=GSE226997	infra/bioinf-data-index/raw/geo/GSE226997_series_quick.soft	1716	95e687e785331d49cca197ac081af9483dd865d8cfac15fcced5085437b3dc52	NOT_ASSERTED_IN_RETRIEVED_METADATA	cohort_tissue_patient_bioproject	metadata	retained	official metadata/document record
geo:GSE242311_gsm_quick	GSE242311	https://www.ncbi.nlm.nih.gov/geo/query/acc.cgi?acc=GSE242311	infra/bioinf-data-index/raw/geo/GSE242311_gsm_quick.soft	73520	4573a7d6c50ddb46b39d1819340738a91701263faf3647efd9ed2fb540402f95	NOT_ASSERTED_IN_RETRIEVED_METADATA	screened_not_accepted	metadata	retained	official metadata/document record
geo:GSE246011_gsm_quick	GSE246011	https://www.ncbi.nlm.nih.gov/geo/query/acc.cgi?acc=GSE246011	infra/bioinf-data-index/raw/geo/GSE246011_gsm_quick.soft	24824	ee3fbc671a9ce92c268c711b8c3f031329dd9f8b1b189c92f4451b0fefd522c7	NOT_ASSERTED_IN_RETRIEVED_METADATA	screened_not_accepted	metadata	retained	official metadata/document record
geo:GSE274103_gsm_quick	GSE274103	https://www.ncbi.nlm.nih.gov/geo/query/acc.cgi?acc=GSE274103	infra/bioinf-data-index/raw/geo/GSE274103_gsm_quick.soft	18056	1d0094643d320f307e5f624f7282879fe71d5da6d40b57b45b3c0a0a338bc9b9	NOT_ASSERTED_IN_RETRIEVED_METADATA	patient_tissue_biosample	metadata	retained	official metadata/document record
geo:GSE274103_series_quick	GSE274103	https://www.ncbi.nlm.nih.gov/geo/query/acc.cgi?acc=GSE274103	infra/bioinf-data-index/raw/geo/GSE274103_series_quick.soft	2031	4b1839a49e0db73b22e8aa80059a86bde2e0ee9fd0f076a5e055c94bc51565b3	NOT_ASSERTED_IN_RETRIEVED_METADATA	cohort_tissue_patient_bioproject	metadata	retained	official metadata/document record
geo:GSE274557_gsm_quick	GSE274557	https://www.ncbi.nlm.nih.gov/geo/query/acc.cgi?acc=GSE274557	infra/bioinf-data-index/raw/geo/GSE274557_gsm_quick.soft	223018	28484de7dd88091ec8925ec3fd46012381b4b6d73d61c3594b79230e644db214	NOT_ASSERTED_IN_RETRIEVED_METADATA	patient_tissue_biosample	metadata	retained	official metadata/document record
geo:GSE274557_series_quick	GSE274557	https://www.ncbi.nlm.nih.gov/geo/query/acc.cgi?acc=GSE274557	infra/bioinf-data-index/raw/geo/GSE274557_series_quick.soft	4348	22abdf5d8a9c148a7967b57a106634d8064e2597e9eb85f72c1c78d21604904b	NOT_ASSERTED_IN_RETRIEVED_METADATA	cohort_tissue_patient_bioproject	metadata	retained	official metadata/document record
geo:GSE319536_gsm_quick	GSE319536	https://www.ncbi.nlm.nih.gov/geo/query/acc.cgi?acc=GSE319536	infra/bioinf-data-index/raw/geo/GSE319536_gsm_quick.soft	124938	21274e34ed6a717b6e081adbfc80665aea93a58b1fa71cca9046f269d98ca83a	NOT_ASSERTED_IN_RETRIEVED_METADATA	screened_not_accepted	metadata	retained	official metadata/document record
pmc:PMC10439131_oa	PMC10439131	https://pmc.ncbi.nlm.nih.gov/articles/PMC10439131/	infra/bioinf-data-index/raw/pmc/PMC10439131_oa.xml	450	c508aa0b014f7c9eff5af767128709b10d0165231ea61ea653d9fabee3f90898	CC BY	provenance_only	metadata	retained	official metadata/document record
pmc:PMC10991508_oa	PMC10991508	https://pmc.ncbi.nlm.nih.gov/articles/PMC10991508/	infra/bioinf-data-index/raw/pmc/PMC10991508_oa.xml	449	e58e5527244e8cbf8ae51f2a16b0cd906c9af5f585f047b2804d6f852c303389	CC BY	provenance_only	metadata	retained	official metadata/document record
pmc:PMC11508537_oa	PMC11508537	https://pmc.ncbi.nlm.nih.gov/articles/PMC11508537/	infra/bioinf-data-index/raw/pmc/PMC11508537_oa.xml	458	42c932736e2200a606da675e2d7a14f722f90ec4f8e5e5d0c75a97d67e36b9ba	CC BY	provenance_only	metadata	retained	official metadata/document record
pmc:PMC9862087_oa	PMC9862087	https://pmc.ncbi.nlm.nih.gov/articles/PMC9862087/	infra/bioinf-data-index/raw/pmc/PMC9862087_oa.xml	452	191a1c3fe0226ee2a3b342795b28abbc06b3a8dee371f3553786925158f74936	CC BY	provenance_only	metadata	retained	official metadata/document record
pubmed:PMID39456890_esummary	PMID39456890	https://pubmed.ncbi.nlm.nih.gov/39456890/	infra/bioinf-data-index/raw/pubmed/PMID39456890_esummary.json	4422	519ec544b55d30ea904790431dd4d64a06ace712bf68fc62f2a69b6130d44dcc	NOT_ASSERTED_IN_RETRIEVED_METADATA	provenance_only	metadata	retained	official metadata/document record
pubmed:selected_p1_pubmed_esummary	MULTI	https://pubmed.ncbi.nlm.nih.gov/	infra/bioinf-data-index/raw/pubmed/selected_p1_pubmed_esummary.json	18544	e1b1e386b7f1a27047bf215d67b7f0ea48886416ea30907dc88b4a19ecc8785b	NOT_ASSERTED_IN_RETRIEVED_METADATA	provenance_only	metadata	retained	official metadata/document record
supplements:PMC10991508_supplementary_data_1	PMC10991508	https://pmc.ncbi.nlm.nih.gov/articles/PMC10991508/	infra/bioinf-data-index/raw/supplements/PMC10991508_supplementary_data_1.xlsx	12986	7ee547997e7fa5819a4c15b6674b9433605569d0bb4589ddd81633918e823359	CC BY	patient_to_gsm_crosswalk	identity_crosswalk	retained	official patient-to-GSM identity crosswalk; biological result columns were not used
zenodo:7760264:record	ZENODO:7760264	https://zenodo.org/records/7760264	data/other_sources/zenodo_st_crc_cms/zenodo_record_7760264.json	17799	6540a162fe7eb1a7d7cda8cc1ddf3ab4b766135a78960ca592ccc2a4b2528b7a	NOT_ASSERTED_IN_RETRIEVED_METADATA	spatial_cohort_section	r04_source_metadata_pointer	retained_local_metadata	R04 ST-CRC-CMS source metadata; only the official record JSON is indexed, while pre-existing local matrices remain outside this metadata index
zenodo:14620362:record	ZENODO:14620362	https://zenodo.org/records/14620362	data/other_sources/zenodo_usz_tls_visium/zenodo_record_14620362.json	7545	bce3520720746bf6e4cfcfa7acc789b1136e4eebdca280352430c57deff4ffe3	NOT_ASSERTED_IN_RETRIEVED_METADATA	spatial_cohort_section	r04_source_metadata_pointer	retained_local_metadata	R04 USZ TLS Visium source metadata; only the official record JSON is indexed, while pre-existing local matrices remain outside this metadata index
local:005_preCan:GSE132465_counts	GSE132465	https://www.ncbi.nlm.nih.gov/geo/query/acc.cgi?acc=GSE132465	/home/huyudi/005_preCan/data/downloaded/CIT_CRC_005/GSE132465_GEO_processed_CRC_10X_raw_UMI_count_matrix.txt.gz	128941455	deff856c7fe1d2c845af5b31e1c65a1dd95ea29541772a66c89bda3aaa8c0666	LOCAL_USER_APPROVED_SOURCE	donor_cell_type	approved_local_reference_pointer	not_copied_external	R04 CRC reference; read in place, capped and never copied into this repository
local:005_preCan:GSE132465_annotation	GSE132465	https://www.ncbi.nlm.nih.gov/geo/query/acc.cgi?acc=GSE132465	/home/huyudi/005_preCan/data/downloaded/CIT_CRC_005/GSE132465_GEO_processed_CRC_10X_cell_annotation.txt.gz	434022	4bf2ebdadc88da53b0c46e654a6576e841925addc25c981d7cdbc0d988b4677c	LOCAL_USER_APPROVED_SOURCE	donor_cell_type	approved_local_reference_pointer	not_copied_external	R04 annotation; only Index/Patient/Cell_type are allowlisted
local:006:gse115978	GSE115978	https://www.ncbi.nlm.nih.gov/geo/query/acc.cgi?acc=GSE115978	/home/huyudi/006/data/processed/srt/raw/gse115978.h5ad	181482934	a1cae4988b8250fe8d0a905f624d7c4f4f3fd0328001f2c3c3ce3d071d7425d1	LOCAL_USER_APPROVED_SOURCE	donor_cell_type	approved_local_reference_pointer	not_copied_external	R04 h5ad reference; counts and patient_id/anno_orig allowlist only
local:006:gse232240	GSE232240	https://www.ncbi.nlm.nih.gov/geo/query/acc.cgi?acc=GSE232240	/home/huyudi/006/data/processed/srt/raw/gse232240.h5ad	110202622	6c70299aa8509d908f3ab63ba5741c835219382533bef78d18f7ec56f9a79f6f	LOCAL_USER_APPROVED_SOURCE	donor_cell_type	approved_local_reference_pointer	not_copied_external	R04 h5ad reference; X and patient_id/cell_type allowlist only
