Filename	Atlas Name	Biospecimen	Assay	Level	Data File ID	Parent Data File ID	File Format
h_and_e_level_1/HT56P1 A.svs	HTAN WUSTL	HTA12_1_101	H&E	Level 2	HTA12_1_1101		svs
h_and_e_level_1/HT056P1 PB.svs	HTAN WUSTL	HTA12_1_103	H&E	Level 2	HTA12_1_1105		svs
h_and_e_level_1/HT56P B.svs	HTAN WUSTL	HTA12_1_103	H&E	Level 2	HTA12_1_1106		svs
h_and_e_level_1/HT56P1 C.svs	HTAN WUSTL	HTA12_1_105	H&E	Level 2	HTA12_1_1112		svs
h_and_e_level_1/HT56P1 D.svs	HTAN WUSTL	HTA12_1_106	H&E	Level 2	HTA12_1_1113		svs
h_and_e_level_1/HT56P E.svs	HTAN WUSTL	HTA12_1_107	H&E	Level 2	HTA12_1_1114		svs
h_and_e_level_1/HT056P1 P.svs	HTAN WUSTL	HTA12_1_108	H&E	Level 2	HTA12_1_1115		svs
h_and_e_level_1/HT060P P1.svs	HTAN WUSTL	HTA12_2_101	H&E	Level 2	HTA12_2_1101		svs
h_and_e_level_1/HT060P PB.svs	HTAN WUSTL	HTA12_2_101	H&E	Level 2	HTA12_2_1105		svs
h_and_e_level_1/HT60P1 REMAINS.svs	HTAN WUSTL	HTA12_2_102	H&E	Level 2	HTA12_2_1111		svs
h_and_e_level_1/HT61P A.svs	HTAN WUSTL	HTA12_3_101	H&E	Level 2	HTA12_3_1101		svs
h_and_e_level_1/HT61P B .svs	HTAN WUSTL	HTA12_3_102	H&E	Level 2	HTA12_3_1105		svs
h_and_e_level_1/HT61P C.svs	HTAN WUSTL	HTA12_3_103	H&E	Level 2	HTA12_3_1109		svs
h_and_e_level_1/HT64P1 H1.svs	HTAN WUSTL	HTA12_4_101	H&E	Level 2	HTA12_4_1101		svs
h_and_e_level_1/HT64P1 H3.svs	HTAN WUSTL	HTA12_4_102	H&E	Level 2	HTA12_4_1106		svs
h_and_e_level_1/HT64P1 H7.svs	HTAN WUSTL	HTA12_4_103	H&E	Level 2	HTA12_4_1110		svs
h_and_e_level_1/HT64P1 H9.svs	HTAN WUSTL	HTA12_4_104	H&E	Level 2	HTA12_4_1114		svs
h_and_e_level_1/HT071A H1.svs	HTAN WUSTL	HTA12_5_101	H&E	Level 2	HTA12_5_1101		svs
h_and_e_level_1/HT071A H4.svs	HTAN WUSTL	HTA12_5_102	H&E	Level 2	HTA12_5_1102		svs
h_and_e_level_1/HT071A H5 .svs	HTAN WUSTL	HTA12_5_103	H&E	Level 2	HTA12_5_1103		svs
h_and_e_level_1/HT071B H9.svs	HTAN WUSTL	HTA12_5_104	H&E	Level 2	HTA12_5_1104		svs
h_and_e_level_1/HT085P1 H1.svs	HTAN WUSTL	HTA12_6_101	H&E	Level 2	HTA12_6_1101		svs
h_and_e_level_1/HT085P1 H2.svs	HTAN WUSTL	HTA12_6_102	H&E	Level 2	HTA12_6_1102		svs
h_and_e_level_1/HT085P1 H3.svs	HTAN WUSTL	HTA12_6_103	H&E	Level 2	HTA12_6_1103		svs
h_and_e_level_1/HT085P1 H4.svs	HTAN WUSTL	HTA12_6_104	H&E	Level 2	HTA12_6_1104		svs
h_and_e_level_1/HT115P1 H3.svs	HTAN WUSTL	HTA12_7_101	H&E	Level 2	HTA12_7_1101		svs
h_and_e_level_1/HT115P1 H5.svs	HTAN WUSTL	HTA12_7_102	H&E	Level 2	HTA12_7_1102		svs
h_and_e_level_1/HT115P1 H6.svs	HTAN WUSTL	HTA12_7_103	H&E	Level 2	HTA12_7_1103		svs
h_and_e_level_1/HT121P1 H3.svs	HTAN WUSTL	HTA12_8_101	H&E	Level 2	HTA12_8_1101		svs
h_and_e_level_1/HT121P1 H4.svs	HTAN WUSTL	HTA12_8_102	H&E	Level 2	HTA12_8_1102		svs
h_and_e_level_1/HT121P1 H5.svs	HTAN WUSTL	HTA12_8_103	H&E	Level 2	HTA12_8_1103		svs
h_and_e_level_1/HT121P1 H9 A1.svs	HTAN WUSTL	HTA12_8_104	H&E	Level 2	HTA12_8_1104		svs
h_and_e_level_1/HT 122 P1 S1H3 Vp1 U11.svs	HTAN WUSTL	HTA12_9_101	H&E	Level 2	HTA12_9_1101		svs
h_and_e_level_1/HT 122 P1 S1H4 Vp1 U4.svs	HTAN WUSTL	HTA12_9_103	H&E	Level 2	HTA12_9_1105		svs
h_and_e_level_1/HT 122 P1 S1H5 Vp1 U22.svs	HTAN WUSTL	HTA12_9_105	H&E	Level 2	HTA12_9_1108		svs
h_and_e_level_1/HT 122 P1 S1H9 Vp1 U15.svs	HTAN WUSTL	HTA12_9_107	H&E	Level 2	HTA12_9_1111		svs
h_and_e_level_1/HT 123 P1 S1H1 1.svs	HTAN WUSTL	HTA12_10_101	H&E	Level 2	HTA12_10_1101		svs
h_and_e_level_1/HT 123 P1 S1H3 Vp1 U4.svs	HTAN WUSTL	HTA12_10_103	H&E	Level 2	HTA12_10_1104		svs
h_and_e_level_1/HT 123 P1 S1H5 Vp1 U4.svs	HTAN WUSTL	HTA12_10_105	H&E	Level 2	HTA12_10_1107		svs
h_and_e_level_1/HT 124 P1 S1H1 Vp1 U3.svs	HTAN WUSTL	HTA12_11_101	H&E	Level 2	HTA12_11_1101		svs
h_and_e_level_1/HT 124 P1 S1H2 Vp1 U14.svs	HTAN WUSTL	HTA12_11_103	H&E	Level 2	HTA12_11_1104		svs
h_and_e_level_1/HT 124 P1 S1H4 Vp1 U4.svs	HTAN WUSTL	HTA12_11_105	H&E	Level 2	HTA12_11_1107		svs
h_and_e_level_1/HT125P1 H3.svs	HTAN WUSTL	HTA12_12_101	H&E	Level 2	HTA12_12_1101		svs
h_and_e_level_1/HT125P1 H4.svs	HTAN WUSTL	HTA12_12_102	H&E	Level 2	HTA12_12_1102		svs
h_and_e_level_1/HT125P1 H8.svs	HTAN WUSTL	HTA12_12_103	H&E	Level 2	HTA12_12_1103		svs
h_and_e_level_1/HT125P1 H9.svs	HTAN WUSTL	HTA12_12_104	H&E	Level 2	HTA12_12_1104		svs
h_and_e_level_1/HT138P1 H2.svs	HTAN WUSTL	HTA12_13_101	H&E	Level 2	HTA12_13_1101		svs
h_and_e_level_1/HT 138P1 H3.svs	HTAN WUSTL	HTA12_13_102	H&E	Level 2	HTA12_13_1102		svs
h_and_e_level_1/HT138P1 H5.svs	HTAN WUSTL	HTA12_13_103	H&E	Level 2	HTA12_13_1103		svs
h_and_e_level_1/HT-138P1 H6.svs	HTAN WUSTL	HTA12_13_104	H&E	Level 2	HTA12_13_1104		svs
h_and_e_level_1/HT140P1 H1.svs	HTAN WUSTL	HTA12_14_101	H&E	Level 2	HTA12_14_1101		svs
h_and_e_level_1/HT140P1 H3.svs	HTAN WUSTL	HTA12_14_102	H&E	Level 2	HTA12_14_1102		svs
h_and_e_level_1/HT140P1 H6.svs	HTAN WUSTL	HTA12_14_103	H&E	Level 2	HTA12_14_1103		svs
h_and_e_level_1/HT 166 P1 S1H2 Vp1 U20.svs	HTAN WUSTL	HTA12_15_101	H&E	Level 2	HTA12_15_1101		svs
h_and_e_level_1/HT 166 P1 S1H5 Vp1 U21.svs	HTAN WUSTL	HTA12_15_103	H&E	Level 2	HTA12_15_1104		svs
h_and_e_level_1/HT 166 P1 S1H6 Vp1 U3.svs	HTAN WUSTL	HTA12_15_105	H&E	Level 2	HTA12_15_1108		svs
h_and_e_level_1/HT 168 P1 S1H2 Vp1 U2.svs	HTAN WUSTL	HTA12_16_101	H&E	Level 2	HTA12_16_1101		svs
h_and_e_level_1/HT 168 P1 S1H3 Vp1 L1 L4 U10.svs	HTAN WUSTL	HTA12_16_103	H&E	Level 2	HTA12_16_1104		svs
h_and_e_level_1/HT 168 P1 S1H4 Vp1 U13.svs	HTAN WUSTL	HTA12_16_104	H&E	Level 2	HTA12_16_1105		svs
h_and_e_level_1/HT185P1 H2.svs	HTAN WUSTL	HTA12_17_101	H&E	Level 2	HTA12_17_1101		svs
h_and_e_level_1/HT185P1 H3.svs	HTAN WUSTL	HTA12_17_102	H&E	Level 2	HTA12_17_1102		svs
h_and_e_level_1/HT185P1 H6.svs	HTAN WUSTL	HTA12_17_103	H&E	Level 2	HTA12_17_1103		svs
h_and_e_level_1/HT190P1 H7.svs	HTAN WUSTL	HTA12_18_101	H&E	Level 2	HTA12_18_1102		svs
h_and_e_level_1/HT190 H9.svs	HTAN WUSTL	HTA12_18_102	H&E	Level 2	HTA12_18_1101		svs
h_and_e_level_1/HT191P1 H1.svs	HTAN WUSTL	HTA12_19_101	H&E	Level 2	HTA12_19_1101		svs
h_and_e_level_1/HT191P1 H2.svs	HTAN WUSTL	HTA12_19_102	H&E	Level 2	HTA12_19_1102		svs
h_and_e_level_1/HT191P1 H4.svs	HTAN WUSTL	HTA12_19_103	H&E	Level 2	HTA12_19_1103		svs
h_and_e_level_1/HT200P1 H2.svs	HTAN WUSTL	HTA12_20_101	H&E	Level 2	HTA12_20_1101		svs
h_and_e_level_1/HT200P1 H4.svs	HTAN WUSTL	HTA12_20_102	H&E	Level 2	HTA12_20_1102		svs
h_and_e_level_1/HT204P1 H2.svs	HTAN WUSTL	HTA12_21_101	H&E	Level 2	HTA12_21_1101		svs
h_and_e_level_1/HT204P1 H4.svs	HTAN WUSTL	HTA12_21_102	H&E	Level 2	HTA12_21_1102		svs
h_and_e_level_1/HT204P1 H5.svs	HTAN WUSTL	HTA12_21_103	H&E	Level 2	HTA12_21_1103		svs
imc_level_2/batch_1_03302022_v2/HT056P1_PA_A1_A4_ROI_01.ome.tiff	HTAN WUSTL	HTA12_1_102	IMC	Level 2	HTA12_1_1102		OME-TIFF
imc_level_2/batch_1_03302022_v2/HT056P1_PA_A1_A4_ROI_02.ome.tiff	HTAN WUSTL	HTA12_1_102	IMC	Level 2	HTA12_1_1103		OME-TIFF
imc_level_2/batch_1_03302022_v2/HT056P1_PA_A1_A4_ROI_03.ome.tiff	HTAN WUSTL	HTA12_1_102	IMC	Level 2	HTA12_1_1104		OME-TIFF
imc_level_2/batch_1_03302022_v2/HT056P1_PB_A1_A4_ROI_01.ome.tiff	HTAN WUSTL	HTA12_1_104	IMC	Level 2	HTA12_1_1107		OME-TIFF
imc_level_2/batch_1_03302022_v2/HT056P1_PB_A1_A4_ROI_02.ome.tiff	HTAN WUSTL	HTA12_1_104	IMC	Level 2	HTA12_1_1108		OME-TIFF
imc_level_2/batch_1_03302022_v2/HT056P1_PB_A1_A4_ROI_03.ome.tiff	HTAN WUSTL	HTA12_1_104	IMC	Level 2	HTA12_1_1109		OME-TIFF
imc_level_2/batch_1_03302022_v2/HT056P1_PB_A1_A4_ROI_04.ome.tiff	HTAN WUSTL	HTA12_1_104	IMC	Level 2	HTA12_1_1110		OME-TIFF
imc_level_2/batch_1_03302022_v2/HT056P1_PB_A1_A4_ROI_05.ome.tiff	HTAN WUSTL	HTA12_1_104	IMC	Level 2	HTA12_1_1111		OME-TIFF
imc_level_2/batch_1_03302022_v2/HT060P1_PA_A1_A4_ROI_01.ome.tiff	HTAN WUSTL	HTA12_2_101	IMC	Level 2	HTA12_2_1102		OME-TIFF
imc_level_2/batch_1_03302022_v2/HT060P1_PA_A1_A4_ROI_02.ome.tiff	HTAN WUSTL	HTA12_2_101	IMC	Level 2	HTA12_2_1103		OME-TIFF
imc_level_2/batch_1_03302022_v2/HT060P1_PA_A1_A4_ROI_03.ome.tiff	HTAN WUSTL	HTA12_2_101	IMC	Level 2	HTA12_2_1104		OME-TIFF
imc_level_2/batch_1_03302022_v2/HT060P1_PB_A1_A4_ROI_01.ome.tiff	HTAN WUSTL	HTA12_2_101	IMC	Level 2	HTA12_2_1106		OME-TIFF
imc_level_2/batch_1_03302022_v2/HT060P1_PB_A1_A4_ROI_02.ome.tiff	HTAN WUSTL	HTA12_2_101	IMC	Level 2	HTA12_2_1107		OME-TIFF
imc_level_2/batch_1_03302022_v2/HT060P1_PB_A1_A4_ROI_04.ome.tiff	HTAN WUSTL	HTA12_2_101	IMC	Level 2	HTA12_2_1108		OME-TIFF
imc_level_2/batch_1_03302022_v2/HT060P1_PB_A1_A4_ROI_05.ome.tiff	HTAN WUSTL	HTA12_2_101	IMC	Level 2	HTA12_2_1109		OME-TIFF
imc_level_2/batch_1_03302022_v2/HT060P1_PB_A1_A4_ROI_06.ome.tiff	HTAN WUSTL	HTA12_2_101	IMC	Level 2	HTA12_2_1110		OME-TIFF
imc_level_2/batch_1_03302022_v2/HT060P1_REMAIN_ROI_01.ome.tiff	HTAN WUSTL	HTA12_2_102	IMC	Level 2	HTA12_2_1112		OME-TIFF
imc_level_2/batch_1_03302022_v2/HT060P1_REMAIN_ROI_02.ome.tiff	HTAN WUSTL	HTA12_2_102	IMC	Level 2	HTA12_2_1113		OME-TIFF
imc_level_2/batch_1_03302022_v2/HT060P1_REMAIN_ROI_03.ome.tiff	HTAN WUSTL	HTA12_2_102	IMC	Level 2	HTA12_2_1114		OME-TIFF
imc_level_2/batch_1_03302022_v2/HT060P1_REMAIN_ROI_04.ome.tiff	HTAN WUSTL	HTA12_2_102	IMC	Level 2	HTA12_2_1115		OME-TIFF
imc_level_2/batch_1_03302022_v2/HT061P1_PA_A1_A4_ROI_01.ome.tiff	HTAN WUSTL	HTA12_3_101	IMC	Level 2	HTA12_3_1102		OME-TIFF
imc_level_2/batch_1_03302022_v2/HT061P1_PA_A1_A4_ROI_02.ome.tiff	HTAN WUSTL	HTA12_3_101	IMC	Level 2	HTA12_3_1103		OME-TIFF
imc_level_2/batch_1_03302022_v2/HT061P1_PA_A1_A4_ROI_03.ome.tiff	HTAN WUSTL	HTA12_3_101	IMC	Level 2	HTA12_3_1104		OME-TIFF
imc_level_2/batch_1_03302022_v2/HT061P1_PB_A1_A4_ROI_01.ome.tiff	HTAN WUSTL	HTA12_3_102	IMC	Level 2	HTA12_3_1106		OME-TIFF
imc_level_2/batch_1_03302022_v2/HT061P1_PB_A1_A4_ROI_02.ome.tiff	HTAN WUSTL	HTA12_3_102	IMC	Level 2	HTA12_3_1107		OME-TIFF
imc_level_2/batch_1_03302022_v2/HT061P1_PB_A1_A4_ROI_03.ome.tiff	HTAN WUSTL	HTA12_3_102	IMC	Level 2	HTA12_3_1108		OME-TIFF
imc_level_2/batch_1_03302022_v2/HT061P1_PC_A1_A4_ROI_01.ome.tiff	HTAN WUSTL	HTA12_3_103	IMC	Level 2	HTA12_3_1110		OME-TIFF
imc_level_2/batch_1_03302022_v2/HT061P1_PC_A1_A4_ROI_02.ome.tiff	HTAN WUSTL	HTA12_3_103	IMC	Level 2	HTA12_3_1111		OME-TIFF
imc_level_2/batch_1_03302022_v2/HT061P1_PC_A1_A4_ROI_03.ome.tiff	HTAN WUSTL	HTA12_3_103	IMC	Level 2	HTA12_3_1112		OME-TIFF
imc_level_2/batch_1_03302022_v2/HT064B1_H1_A1_A4_ROI_01.ome.tiff	HTAN WUSTL	HTA12_4_101	IMC	Level 2	HTA12_4_1102		OME-TIFF
imc_level_2/batch_1_03302022_v2/HT064B1_H1_A1_A4_ROI_02.ome.tiff	HTAN WUSTL	HTA12_4_101	IMC	Level 2	HTA12_4_1103		OME-TIFF
imc_level_2/batch_1_03302022_v2/HT064B1_H1_A1_A4_ROI_03.ome.tiff	HTAN WUSTL	HTA12_4_101	IMC	Level 2	HTA12_4_1104		OME-TIFF
imc_level_2/batch_1_03302022_v2/HT064B1_H1_A1_A4_ROI_04.ome.tiff	HTAN WUSTL	HTA12_4_101	IMC	Level 2	HTA12_4_1105		OME-TIFF
imc_level_2/batch_1_03302022_v2/HT064B1_H3_A1_A4_ROI_01.ome.tiff	HTAN WUSTL	HTA12_4_102	IMC	Level 2	HTA12_4_1107		OME-TIFF
imc_level_2/batch_1_03302022_v2/HT064B1_H3_A1_A4_ROI_02.ome.tiff	HTAN WUSTL	HTA12_4_102	IMC	Level 2	HTA12_4_1108		OME-TIFF
imc_level_2/batch_1_03302022_v2/HT064B1_H3_A1_A4_ROI_03.ome.tiff	HTAN WUSTL	HTA12_4_102	IMC	Level 2	HTA12_4_1109		OME-TIFF
imc_level_2/batch_1_03302022_v2/HT064B1_H7_A1_A4_ROI_01.ome.tiff	HTAN WUSTL	HTA12_4_103	IMC	Level 2	HTA12_4_1111		OME-TIFF
imc_level_2/batch_1_03302022_v2/HT064B1_H7_A1_A4_ROI_02.ome.tiff	HTAN WUSTL	HTA12_4_103	IMC	Level 2	HTA12_4_1112		OME-TIFF
imc_level_2/batch_1_03302022_v2/HT064B1_H7_A1_A4_ROI_03.ome.tiff	HTAN WUSTL	HTA12_4_103	IMC	Level 2	HTA12_4_1113		OME-TIFF
imc_level_2/batch_1_03302022_v2/HT064B1_H9_A1_A4_ROI_01.ome.tiff	HTAN WUSTL	HTA12_4_104	IMC	Level 2	HTA12_4_1115		OME-TIFF
imc_level_2/batch_1_03302022_v2/HT064B1_H9_A1_A4_ROI_02.ome.tiff	HTAN WUSTL	HTA12_4_104	IMC	Level 2	HTA12_4_1116		OME-TIFF
imc_level_2/batch_1_03302022_v2/HT168P1_S1H3_L1_L4_ROI_001.ome.tiff	HTAN WUSTL	HTA12_16_12	IMC	Level 2	HTA12_16_1109		OME-TIFF
imc_level_2/batch_1_03302022_v2/HT168P1_S1H3_L1_L4_ROI_002.ome.tiff	HTAN WUSTL	HTA12_16_12	IMC	Level 2	HTA12_16_1110		OME-TIFF
imc_level_2/batch_1_03302022_v2/HT168P1_S1H3_L1_L4_ROI_003.ome.tiff	HTAN WUSTL	HTA12_16_12	IMC	Level 2	HTA12_16_1111		OME-TIFF
imc_level_2/batch_1_03302022_v2/HTAN_HT122P1_S1H3_L1_L4_ROI_001.ome.tiff	HTAN WUSTL	HTA12_9_102	IMC	Level 2	HTA12_9_1102		OME-TIFF
imc_level_2/batch_1_03302022_v2/HTAN_HT122P1_S1H3_L1_L4_ROI_002.ome.tiff	HTAN WUSTL	HTA12_9_102	IMC	Level 2	HTA12_9_1103		OME-TIFF
imc_level_2/batch_1_03302022_v2/HTAN_HT122P1_S1H3_L1_L4_ROI_003.ome.tiff	HTAN WUSTL	HTA12_9_102	IMC	Level 2	HTA12_9_1104		OME-TIFF
imc_level_2/batch_1_03302022_v2/HTAN_HT122P1_S1H4_L1_L4_ROI_001.ome.tiff	HTAN WUSTL	HTA12_9_104	IMC	Level 2	HTA12_9_1106		OME-TIFF
imc_level_2/batch_1_03302022_v2/HTAN_HT122P1_S1H4_L1_L4_ROI_002.ome.tiff	HTAN WUSTL	HTA12_9_104	IMC	Level 2	HTA12_9_1107		OME-TIFF
imc_level_2/batch_1_03302022_v2/HTAN_HT122P1_S1H5_L1_L4_ROI_001.ome.tiff	HTAN WUSTL	HTA12_9_106	IMC	Level 2	HTA12_9_1109		OME-TIFF
imc_level_2/batch_1_03302022_v2/HTAN_HT122P1_S1H5_L1_L4_ROI_002.ome.tiff	HTAN WUSTL	HTA12_9_106	IMC	Level 2	HTA12_9_1110		OME-TIFF
imc_level_2/batch_1_03302022_v2/HTAN_HT122P1_S1H9_L1_L4_ROI_001.ome.tiff	HTAN WUSTL	HTA12_9_108	IMC	Level 2	HTA12_9_1112		OME-TIFF
imc_level_2/batch_1_03302022_v2/HTAN_HT122P1_S1H9_L1_L4_ROI_002.ome.tiff	HTAN WUSTL	HTA12_9_108	IMC	Level 2	HTA12_9_1113		OME-TIFF
imc_level_2/batch_1_03302022_v2/HTAN_HT123P1_S1H1_L1_L4_ROI_001.ome.tiff	HTAN WUSTL	HTA12_10_102	IMC	Level 2	HTA12_10_1102		OME-TIFF
imc_level_2/batch_1_03302022_v2/HTAN_HT123P1_S1H1_L1_L4_ROI_002.ome.tiff	HTAN WUSTL	HTA12_10_102	IMC	Level 2	HTA12_10_1103		OME-TIFF
imc_level_2/batch_1_03302022_v2/HTAN_HT123P1_S1H3_L1_L4_ROI_001.ome.tiff	HTAN WUSTL	HTA12_10_104	IMC	Level 2	HTA12_10_1105		OME-TIFF
imc_level_2/batch_1_03302022_v2/HTAN_HT123P1_S1H3_L1_L4_ROI_002.ome.tiff	HTAN WUSTL	HTA12_10_104	IMC	Level 2	HTA12_10_1106		OME-TIFF
imc_level_2/batch_1_03302022_v2/HTAN_HT123P1_S1H5_L1_L4_ROI_001.ome.tiff	HTAN WUSTL	HTA12_10_106	IMC	Level 2	HTA12_10_1108		OME-TIFF
imc_level_2/batch_1_03302022_v2/HTAN_HT123P1_S1H5_L1_L4_ROI_002.ome.tiff	HTAN WUSTL	HTA12_10_106	IMC	Level 2	HTA12_10_1109		OME-TIFF
imc_level_2/batch_1_03302022_v2/HTAN_HT124P1S1H2_L1_L4_ROI_001.ome.tiff	HTAN WUSTL	HTA12_11_102	IMC	Level 2	HTA12_11_1102		OME-TIFF
imc_level_2/batch_1_03302022_v2/HTAN_HT124P1S1H2_L1_L4_ROI_002.ome.tiff	HTAN WUSTL	HTA12_11_102	IMC	Level 2	HTA12_11_1103		OME-TIFF
imc_level_2/batch_1_03302022_v2/HTAN_HT124P1_S1H1_L1_L4_ROI_001.ome.tiff	HTAN WUSTL	HTA12_11_104	IMC	Level 2	HTA12_11_1105		OME-TIFF
imc_level_2/batch_1_03302022_v2/HTAN_HT124P1_S1H1_L1_L4_ROI_002.ome.tiff	HTAN WUSTL	HTA12_11_104	IMC	Level 2	HTA12_11_1106		OME-TIFF
imc_level_2/batch_1_03302022_v2/HTAN_HT124P1_S1H4_L1_L4_ROI_002.ome.tiff	HTAN WUSTL	HTA12_11_106	IMC	Level 2	HTA12_11_1108		OME-TIFF
imc_level_2/batch_1_03302022_v2/HTAN_HT124P1_S1H4_L1_L4_ROI_003.ome.tiff	HTAN WUSTL	HTA12_11_106	IMC	Level 2	HTA12_11_1109		OME-TIFF
imc_level_2/batch_1_03302022_v2/HTAN_HT124P1_S1H4_L1_L4_ROI_005.ome.tiff	HTAN WUSTL	HTA12_11_106	IMC	Level 2	HTA12_11_1110		OME-TIFF
imc_level_2/batch_1_03302022_v2/HTAN_HT166P1_S1H2_L1_L4_ROI_001.ome.tiff	HTAN WUSTL	HTA12_15_102	IMC	Level 2	HTA12_15_1102		OME-TIFF
imc_level_2/batch_1_03302022_v2/HTAN_HT166P1_S1H2_L1_L4_ROI_002.ome.tiff	HTAN WUSTL	HTA12_15_102	IMC	Level 2	HTA12_15_1103		OME-TIFF
imc_level_2/batch_1_03302022_v2/HTAN_HT166P1_S1H5_L4_ROI_001.ome.tiff	HTAN WUSTL	HTA12_15_104	IMC	Level 2	HTA12_15_1105		OME-TIFF
imc_level_2/batch_1_03302022_v2/HTAN_HT166P1_S1H5_L4_ROI_002.ome.tiff	HTAN WUSTL	HTA12_15_104	IMC	Level 2	HTA12_15_1106		OME-TIFF
imc_level_2/batch_1_03302022_v2/HTAN_HT166P1_S1H5_L4_ROI_003.ome.tiff	HTAN WUSTL	HTA12_15_104	IMC	Level 2	HTA12_15_1107		OME-TIFF
imc_level_2/batch_1_03302022_v2/HTAN_HT166P1_S1H6_L1_L4_ROI_001.ome.tiff	HTAN WUSTL	HTA12_15_106	IMC	Level 2	HTA12_15_1109		OME-TIFF
imc_level_2/batch_1_03302022_v2/HTAN_HT166P1_S1H6_L1_L4_ROI_002.ome.tiff	HTAN WUSTL	HTA12_15_106	IMC	Level 2	HTA12_15_1110		OME-TIFF
imc_level_2/batch_1_03302022_v2/HTAN_HT168P1_S1H2_L1_L4_ROI_001.ome.tiff	HTAN WUSTL	HTA12_16_102	IMC	Level 2	HTA12_16_1102		OME-TIFF
imc_level_2/batch_1_03302022_v2/HTAN_HT168P1_S1H2_L1_L4_ROI_002.ome.tiff	HTAN WUSTL	HTA12_16_102	IMC	Level 2	HTA12_16_1103		OME-TIFF
imc_level_2/batch_1_03302022_v2/HTAN_HT168P1_S1H4_L1_L4_ROI_001.ome.tiff	HTAN WUSTL	HTA12_16_105	IMC	Level 2	HTA12_16_1106		OME-TIFF
imc_level_2/batch_1_03302022_v2/HTAN_HT168P1_S1H4_L1_L4_ROI_002.ome.tiff	HTAN WUSTL	HTA12_16_105	IMC	Level 2	HTA12_16_1107		OME-TIFF
imc_level_2/batch_1_03302022_v2/HTAN_HT168P1_S1H4_L1_L4_ROI_003.ome.tiff	HTAN WUSTL	HTA12_16_105	IMC	Level 2	HTA12_16_1108		OME-TIFF
CODEX_Imaging_level_2_BRCA23/_HT271B1-S1H6A5__20230420.ome.tiff	HTAN WUSTL	HTA12_142_3	CODEX	Level 2	HTA12_142_2004		OME-TIFF
CODEX_Imaging_level_2_BRCA23/HT110B1-S1H4__20221216.ome.tiff	HTAN WUSTL	HTA12_243_1	CODEX	Level 2	HTA12_243_2006		OME-TIFF
CODEX_Imaging_level_2_BRCA23/HT171B1-S1H9A1-4_left__20230512.ome.tiff	HTAN WUSTL	HTA12_245_1	CODEX	Level 2	HTA12_245_2002		OME-TIFF
CODEX_Imaging_level_2_BRCA23/HT171B1-S1H9A1-4_right__20230512.ome.tiff	HTAN WUSTL	HTA12_245_2	CODEX	Level 2	HTA12_245_2003		OME-TIFF
CODEX_Imaging_level_2_BRCA23/HT171B1-S1H9A1-A4_left__20230526.ome.tiff	HTAN WUSTL	HTA12_245_3	CODEX	Level 2	HTA12_245_2004		OME-TIFF
CODEX_Imaging_level_2_BRCA23/HT171B1-S1H9A1-A4_right__20230526.ome.tiff	HTAN WUSTL	HTA12_245_4	CODEX	Level 2	HTA12_245_2005		OME-TIFF
CODEX_Imaging_level_2_BRCA23/HT206B1-H1__20220625.ome.tiff	HTAN WUSTL	HTA12_129_3	CODEX	Level 2	HTA12_129_2003		OME-TIFF
CODEX_Imaging_level_2_BRCA23/HT206B1-S1H2L4__20221028.ome.tiff	HTAN WUSTL	HTA12_129_4	CODEX	Level 2	HTA12_129_2004		OME-TIFF
CODEX_Imaging_level_2_BRCA23/HT206B1-S1H5_left__20230701.ome.tiff	HTAN WUSTL	HTA12_129_5	CODEX	Level 2	HTA12_129_2005		OME-TIFF
CODEX_Imaging_level_2_BRCA23/HT206B1-S1H5_right__20230701.ome.tiff	HTAN WUSTL	HTA12_129_6	CODEX	Level 2	HTA12_129_2006		OME-TIFF
CODEX_Imaging_level_2_BRCA23/HT243B1-S1H4__20221216.ome.tiff	HTAN WUSTL	HTA12_135_8	CODEX	Level 2	HTA12_135_2012		OME-TIFF
CODEX_Imaging_level_2_BRCA23/HT243B1-S1H4A4__20230420.ome.tiff	HTAN WUSTL	HTA12_135_3	CODEX	Level 2	HTA12_135_2006		OME-TIFF
CODEX_Imaging_level_2_BRCA23/HT243B1-S1H4A4_left__20230512.ome.tiff	HTAN WUSTL	HTA12_135_4	CODEX	Level 2	HTA12_135_2007		OME-TIFF
CODEX_Imaging_level_2_BRCA23/HT243B1-S1H4A4_left__20230526.ome.tiff	HTAN WUSTL	HTA12_135_5	CODEX	Level 2	HTA12_135_2008		OME-TIFF
CODEX_Imaging_level_2_BRCA23/HT243B1-S1H4A4_right__20230512.ome.tiff	HTAN WUSTL	HTA12_135_6	CODEX	Level 2	HTA12_135_2009		OME-TIFF
CODEX_Imaging_level_2_BRCA23/HT243B1-S1H4A4_right__20230526.ome.tiff	HTAN WUSTL	HTA12_135_7	CODEX	Level 2	HTA12_135_2011		OME-TIFF
CODEX_Imaging_level_2_BRCA23/HT271B1-S1H6A5_left__20230512.ome.tiff	HTAN WUSTL	HTA12_142_4	CODEX	Level 2	HTA12_142_2005		OME-TIFF
CODEX_Imaging_level_2_BRCA23/HT271B1-S1H6A5_left__20230526.ome.tiff	HTAN WUSTL	HTA12_142_5	CODEX	Level 2	HTA12_142_2006		OME-TIFF
CODEX_Imaging_level_2_BRCA23/HT271B1-S1H6A5_middle__20230526.ome.tiff	HTAN WUSTL	HTA12_142_6	CODEX	Level 2	HTA12_142_2007		OME-TIFF
CODEX_Imaging_level_2_BRCA23/HT271B1-S1H6A5_right__20230512.ome.tiff	HTAN WUSTL	HTA12_142_7	CODEX	Level 2	HTA12_142_2008		OME-TIFF
CODEX_Imaging_level_2_BRCA23/HT271B1-S1H6A5_right__20230526.ome.tiff	HTAN WUSTL	HTA12_142_8	CODEX	Level 2	HTA12_142_2009		OME-TIFF
CODEX_Imaging_level_2_BRCA23/HT297B1-S1H1_left__20230701.ome.tiff	HTAN WUSTL	HTA12_144_3	CODEX	Level 2	HTA12_144_2001		OME-TIFF
CODEX_Imaging_level_2_BRCA23/HT297B1-S1H1_right__20230701.ome.tiff	HTAN WUSTL	HTA12_144_4	CODEX	Level 2	HTA12_144_2002		OME-TIFF
CODEX_Imaging_level_2_BRCA23/HT305B1-S1H1__20221216.ome.tiff	HTAN WUSTL	HTA12_145_3	CODEX	Level 2	HTA12_145_2001		OME-TIFF
CODEX_Imaging_level_2_BRCA23/HT308B1-S1H5A4__20230420.ome.tiff	HTAN WUSTL	HTA12_248_1	CODEX	Level 2	HTA12_248_2005		OME-TIFF
CODEX_Imaging_level_2_BRCA23/HT308B1-S1H5A4_left__20230512.ome.tiff	HTAN WUSTL	HTA12_248_2	CODEX	Level 2	HTA12_248_2006		OME-TIFF
CODEX_Imaging_level_2_BRCA23/HT308B1-S1H5A4_left__20230526.ome.tiff	HTAN WUSTL	HTA12_248_3	CODEX	Level 2	HTA12_248_2007		OME-TIFF
CODEX_Imaging_level_2_BRCA23/HT308B1-S1H5A4_right__20230512.ome.tiff	HTAN WUSTL	HTA12_248_4	CODEX	Level 2	HTA12_248_2008		OME-TIFF
CODEX_Imaging_level_2_BRCA23/HT308B1-S1H5A4_right__20230526.ome.tiff	HTAN WUSTL	HTA12_248_5	CODEX	Level 2	HTA12_248_2009		OME-TIFF
CODEX_Imaging_level_2_BRCA23/HT323B1-A1__20220210.ome.tiff	HTAN WUSTL	HTA12_249_1	CODEX	Level 2	HTA12_249_2004		OME-TIFF
CODEX_Imaging_level_2_BRCA23/HT323B1-H1__20220804.ome.tiff	HTAN WUSTL	HTA12_249_3	CODEX	Level 2	HTA12_249_2006		OME-TIFF
CODEX_Imaging_level_2_BRCA23/HT323B1-H1A4__20220210.ome.tiff	HTAN WUSTL	HTA12_249_2	CODEX	Level 2	HTA12_249_2005		OME-TIFF
CODEX_Imaging_level_2_BRCA23/HT323B1-H3__20220211.ome.tiff	HTAN WUSTL	HTA12_249_4	CODEX	Level 2	HTA12_249_2007		OME-TIFF
CODEX_Imaging_level_2_BRCA23/HT339B1-H1A1__20220302.ome.tiff	HTAN WUSTL	HTA12_250_1	CODEX	Level 2	HTA12_250_2003		OME-TIFF
CODEX_Imaging_level_2_BRCA23/HT339B1-H2A1__20220302.ome.tiff	HTAN WUSTL	HTA12_250_2	CODEX	Level 2	HTA12_250_2004		OME-TIFF
CODEX_Imaging_level_2_BRCA23/HT339B2-H2_left__20230701.ome.tiff	HTAN WUSTL	HTA12_250_3	CODEX	Level 2	HTA12_250_2005		OME-TIFF
CODEX_Imaging_level_2_BRCA23/HT339B2-H2_right__20230701.ome.tiff	HTAN WUSTL	HTA12_250_4	CODEX	Level 2	HTA12_250_2006		OME-TIFF
CODEX_Imaging_level_2_BRCA23/HT365B1_S1H1__20230221.ome.tiff	HTAN WUSTL	HTA12_251_1	CODEX	Level 2	HTA12_251_2003		OME-TIFF
CODEX_Imaging_level_2_BRCA23/HT397B1-H2A2__20220505.ome.tiff	HTAN WUSTL	HTA12_253_1	CODEX	Level 2	HTA12_253_2000		OME-TIFF
CODEX_Imaging_level_2_BRCA23/HT397B1-H3A1__20220429.ome.tiff	HTAN WUSTL	HTA12_253_2	CODEX	Level 2	HTA12_253_2001		OME-TIFF
CODEX_Imaging_level_2_BRCA23/HT397B1-S1H3A1-U2__20230315.ome.tiff	HTAN WUSTL	HTA12_253_5	CODEX	Level 2	HTA12_253_2004		OME-TIFF
CODEX_Imaging_level_2_BRCA23/HT397B1-S1H3A1-U22__20230316.ome.tiff	HTAN WUSTL	HTA12_253_3	CODEX	Level 2	HTA12_253_2002		OME-TIFF
CODEX_Imaging_level_2_BRCA23/HT397B1-S1H3A1-U22__20230413.ome.tiff	HTAN WUSTL	HTA12_253_4	CODEX	Level 2	HTA12_253_2003		OME-TIFF
CODEX_Imaging_level_2_BRCA23/HT397B1-S1H3A1-U31__20230407.ome.tiff	HTAN WUSTL	HTA12_253_6	CODEX	Level 2	HTA12_253_2005		OME-TIFF
CODEX_Imaging_level_2_BRCA23/HT480B1-S1H2__20220915.ome.tiff	HTAN WUSTL	HTA12_254_1	CODEX	Level 2	HTA12_254_2000		OME-TIFF
CODEX_Imaging_level_2_BRCA23/HT480B1-S1H2__20220917.ome.tiff	HTAN WUSTL	HTA12_254_2	CODEX	Level 2	HTA12_254_2001		OME-TIFF
CODEX_Imaging_level_2_BRCA23/HT565B1-H2__20230427.ome.tiff	HTAN WUSTL	HTA12_255_1	CODEX	Level 2	HTA12_255_2000		OME-TIFF
CODEX_Imaging_level_2_BRCA23/HT565B1-S1H2_left__20230701.ome.tiff	HTAN WUSTL	HTA12_255_2	CODEX	Level 2	HTA12_255_2001		OME-TIFF
CODEX_Imaging_level_2_BRCA23/HT565B1-S1H2_right__20230701.ome.tiff	HTAN WUSTL	HTA12_255_3	CODEX	Level 2	HTA12_255_2002		OME-TIFF
CODEX_Imaging_level_2-spatial_clone/C3L-00970-13u2__20231220.ome.tiff	HTAN WUSTL	HTA12_256_1	CODEX	Level 2	HTA12_256_2002		OME-TIFF
CODEX_Imaging_level_2-spatial_clone/C3L-01287-11Us1__20231219.ome.tiff	HTAN WUSTL	HTA12_51_2	CODEX	Level 2	HTA12_51_2005		OME-TIFF
CODEX_Imaging_level_2-spatial_clone/HT323B1-S1H3A4__20211008.ome.tiff	HTAN WUSTL	HTA12_249_14	CODEX	Level 2	HTA12_249_2008		OME-TIFF
CODEX_Imaging_level_2-spatial_clone/HT339B2-H1__20230427.ome.tiff	HTAN WUSTL	HTA12_262_1	CODEX	Level 2	HTA12_262_2003		OME-TIFF
CODEX_Imaging_level_2-spatial_clone/HT413C1-K2__20230427.ome.tiff	HTAN WUSTL	HTA12_263_1	CODEX	Level 2	HTA12_263_2007		OME-TIFF
CODEX_Imaging_level_2-spatial_clone/HT488C1-Th1K1Fp1-U14__20230419.ome.tiff	HTAN WUSTL	HTA12_269_4	CODEX	Level 2	HTA12_269_2004		OME-TIFF
CODEX_Imaging_level_2-spatial_clone/HT488C1-Th1K1Fp1__20230413.ome.tiff	HTAN WUSTL	HTA12_269_3	CODEX	Level 2	HTA12_269_2003		OME-TIFF
CODEX_Imaging_level_2-spatial_clone/HT565B1-H2__20230427.ome.tiff	HTAN WUSTL	HTA12_273_1	CODEX	Level 2	HTA12_255_2004		OME-TIFF
CODEX_Imaging_level_2-spatial_clone/S15_1909_C2_Section3__20230308.ome.tiff	HTAN WUSTL	HTA12_276_1	CODEX	Level 2	HTA12_276_2002		OME-TIFF
CODEX_Imaging_level_2-spatial_clone/mCRC_S16-32775_Met__20230826.ome.tiff	HTAN WUSTL	HTA12_279_1	CODEX	Level 2	HTA12_279_2002		OME-TIFF
CODEX_Imaging_level_2-spatial_clone/mCRC_S16-38794_Met__20230823.ome.tiff	HTAN WUSTL	HTA12_280_1	CODEX	Level 2	HTA12_280_2004		OME-TIFF
CODEX_Imaging_level_2-spatial_clone/mCRC_S16-38794_Primary__20230824.ome.tiff	HTAN WUSTL	HTA12_280_2	CODEX	Level 2	HTA12_280_2003		OME-TIFF
CODEX_Imaging_level_2-spatial_clone/HT553P1-H2__20230427.ome.tiff	HTAN WUSTL	HTA12_273_1	CODEX	Level 2	HTA12_273_2002		OME-TIFF
