evidence_id	entity_type	entity_id	field	source_asset	metadata_path	metadata_key	raw_value	normalized_value	evidence_grade	interpretation	conflict_flag
external_geo::GSM8443449::patient	physical_unit	external_geo::GSM8443449	patient_id	external_geo::GSE274103::gsm_soft	infra/bioinf-data-index/raw/geo/GSE274103_gsm_quick.soft	!Sample_title	PDAC-p1	GSE274103::P1	E2_corroborated	official metadata patient-to-GSM mapping	false
external_geo::GSM8443449::physical_specimen	physical_unit	external_geo::GSM8443449	physical_specimen_id	external_geo::GSE274103::gsm_soft	infra/bioinf-data-index/raw/geo/GSE274103_gsm_quick.soft	!Sample_relation BioSample	SAMN43059225	SAMN43059225	E2_corroborated	official GEO BioSample identifies physical specimen	false
external_geo::GSM8443449::block_unknown	physical_unit	external_geo::GSM8443449	block_id	external_geo::GSE274103::series_soft	infra/bioinf-data-index/raw/geo/GSE274103_series_quick.soft	!Series_summary + !Series_overall_design	series: FFPE samples from five patient tissues; GSM title: patient; GEO relation: BioSample		E2_corroborated	physical specimen is a candidate block-equivalent; no block identifier is asserted	false
external_geo::GSM8443450::patient	physical_unit	external_geo::GSM8443450	patient_id	external_geo::GSE274103::gsm_soft	infra/bioinf-data-index/raw/geo/GSE274103_gsm_quick.soft	!Sample_title	PDAC-p2	GSE274103::P2	E2_corroborated	official metadata patient-to-GSM mapping	false
external_geo::GSM8443450::physical_specimen	physical_unit	external_geo::GSM8443450	physical_specimen_id	external_geo::GSE274103::gsm_soft	infra/bioinf-data-index/raw/geo/GSE274103_gsm_quick.soft	!Sample_relation BioSample	SAMN43059224	SAMN43059224	E2_corroborated	official GEO BioSample identifies physical specimen	false
external_geo::GSM8443450::block_unknown	physical_unit	external_geo::GSM8443450	block_id	external_geo::GSE274103::series_soft	infra/bioinf-data-index/raw/geo/GSE274103_series_quick.soft	!Series_summary + !Series_overall_design	series: FFPE samples from five patient tissues; GSM title: patient; GEO relation: BioSample		E2_corroborated	physical specimen is a candidate block-equivalent; no block identifier is asserted	false
external_geo::GSM8443451::patient	physical_unit	external_geo::GSM8443451	patient_id	external_geo::GSE274103::gsm_soft	infra/bioinf-data-index/raw/geo/GSE274103_gsm_quick.soft	!Sample_title	PDAC-p3	GSE274103::P3	E2_corroborated	official metadata patient-to-GSM mapping	false
external_geo::GSM8443451::physical_specimen	physical_unit	external_geo::GSM8443451	physical_specimen_id	external_geo::GSE274103::gsm_soft	infra/bioinf-data-index/raw/geo/GSE274103_gsm_quick.soft	!Sample_relation BioSample	SAMN43059223	SAMN43059223	E2_corroborated	official GEO BioSample identifies physical specimen	false
external_geo::GSM8443451::block_unknown	physical_unit	external_geo::GSM8443451	block_id	external_geo::GSE274103::series_soft	infra/bioinf-data-index/raw/geo/GSE274103_series_quick.soft	!Series_summary + !Series_overall_design	series: FFPE samples from five patient tissues; GSM title: patient; GEO relation: BioSample		E2_corroborated	physical specimen is a candidate block-equivalent; no block identifier is asserted	false
external_geo::GSM8443452::patient	physical_unit	external_geo::GSM8443452	patient_id	external_geo::GSE274103::gsm_soft	infra/bioinf-data-index/raw/geo/GSE274103_gsm_quick.soft	!Sample_title	PDAC-p4	GSE274103::P4	E2_corroborated	official metadata patient-to-GSM mapping	false
external_geo::GSM8443452::physical_specimen	physical_unit	external_geo::GSM8443452	physical_specimen_id	external_geo::GSE274103::gsm_soft	infra/bioinf-data-index/raw/geo/GSE274103_gsm_quick.soft	!Sample_relation BioSample	SAMN43059222	SAMN43059222	E2_corroborated	official GEO BioSample identifies physical specimen	false
external_geo::GSM8443452::block_unknown	physical_unit	external_geo::GSM8443452	block_id	external_geo::GSE274103::series_soft	infra/bioinf-data-index/raw/geo/GSE274103_series_quick.soft	!Series_summary + !Series_overall_design	series: FFPE samples from five patient tissues; GSM title: patient; GEO relation: BioSample		E2_corroborated	physical specimen is a candidate block-equivalent; no block identifier is asserted	false
external_geo::GSM8443453::patient	physical_unit	external_geo::GSM8443453	patient_id	external_geo::GSE274103::gsm_soft	infra/bioinf-data-index/raw/geo/GSE274103_gsm_quick.soft	!Sample_title	PDAC-p5	GSE274103::P5	E2_corroborated	official metadata patient-to-GSM mapping	false
external_geo::GSM8443453::physical_specimen	physical_unit	external_geo::GSM8443453	physical_specimen_id	external_geo::GSE274103::gsm_soft	infra/bioinf-data-index/raw/geo/GSE274103_gsm_quick.soft	!Sample_relation BioSample	SAMN43059221	SAMN43059221	E2_corroborated	official GEO BioSample identifies physical specimen	false
external_geo::GSM8443453::block_unknown	physical_unit	external_geo::GSM8443453	block_id	external_geo::GSE274103::series_soft	infra/bioinf-data-index/raw/geo/GSE274103_series_quick.soft	!Series_summary + !Series_overall_design	series: FFPE samples from five patient tissues; GSM title: patient; GEO relation: BioSample		E2_corroborated	physical specimen is a candidate block-equivalent; no block identifier is asserted	false
external_geo::GSM8452847::patient	physical_unit	external_geo::GSM8452847	patient_id	external_geo::GSE274557::gsm_soft	infra/bioinf-data-index/raw/geo/GSE274557_gsm_quick.soft	!Sample_title	Pt-1A	GSE274557::P1	E2_corroborated	official metadata patient-to-GSM mapping	false
external_geo::GSM8452847::physical_specimen	physical_unit	external_geo::GSM8452847	physical_specimen_id	external_geo::GSE274557::gsm_soft	infra/bioinf-data-index/raw/geo/GSE274557_gsm_quick.soft	!Sample_relation BioSample	SAMN43154215	SAMN43154215	E2_corroborated	official GEO BioSample identifies physical specimen	false
external_geo::GSM8452847::block_unknown	physical_unit	external_geo::GSM8452847	block_id	external_geo::GSE274557::series_soft	infra/bioinf-data-index/raw/geo/GSE274557_series_quick.soft	!Series_summary + !Series_overall_design	series: 55 individual samples from 13 patients; GSM title: patient-specimen; GEO relation: BioSample		E2_corroborated	physical specimen is a candidate block-equivalent; no block identifier is asserted	false
external_geo::GSM8452848::patient	physical_unit	external_geo::GSM8452848	patient_id	external_geo::GSE274557::gsm_soft	infra/bioinf-data-index/raw/geo/GSE274557_gsm_quick.soft	!Sample_title	Pt-1B	GSE274557::P1	E2_corroborated	official metadata patient-to-GSM mapping	false
external_geo::GSM8452848::physical_specimen	physical_unit	external_geo::GSM8452848	physical_specimen_id	external_geo::GSE274557::gsm_soft	infra/bioinf-data-index/raw/geo/GSE274557_gsm_quick.soft	!Sample_relation BioSample	SAMN43154214	SAMN43154214	E2_corroborated	official GEO BioSample identifies physical specimen	false
external_geo::GSM8452848::block_unknown	physical_unit	external_geo::GSM8452848	block_id	external_geo::GSE274557::series_soft	infra/bioinf-data-index/raw/geo/GSE274557_series_quick.soft	!Series_summary + !Series_overall_design	series: 55 individual samples from 13 patients; GSM title: patient-specimen; GEO relation: BioSample		E2_corroborated	physical specimen is a candidate block-equivalent; no block identifier is asserted	false
external_geo::GSM8452849::patient	physical_unit	external_geo::GSM8452849	patient_id	external_geo::GSE274557::gsm_soft	infra/bioinf-data-index/raw/geo/GSE274557_gsm_quick.soft	!Sample_title	Pt-1C	GSE274557::P1	E2_corroborated	official metadata patient-to-GSM mapping	false
external_geo::GSM8452849::physical_specimen	physical_unit	external_geo::GSM8452849	physical_specimen_id	external_geo::GSE274557::gsm_soft	infra/bioinf-data-index/raw/geo/GSE274557_gsm_quick.soft	!Sample_relation BioSample	SAMN43154213	SAMN43154213	E2_corroborated	official GEO BioSample identifies physical specimen	false
external_geo::GSM8452849::block_unknown	physical_unit	external_geo::GSM8452849	block_id	external_geo::GSE274557::series_soft	infra/bioinf-data-index/raw/geo/GSE274557_series_quick.soft	!Series_summary + !Series_overall_design	series: 55 individual samples from 13 patients; GSM title: patient-specimen; GEO relation: BioSample		E2_corroborated	physical specimen is a candidate block-equivalent; no block identifier is asserted	false
external_geo::GSM8452850::patient	physical_unit	external_geo::GSM8452850	patient_id	external_geo::GSE274557::gsm_soft	infra/bioinf-data-index/raw/geo/GSE274557_gsm_quick.soft	!Sample_title	Pt-2A	GSE274557::P2	E2_corroborated	official metadata patient-to-GSM mapping	false
external_geo::GSM8452850::physical_specimen	physical_unit	external_geo::GSM8452850	physical_specimen_id	external_geo::GSE274557::gsm_soft	infra/bioinf-data-index/raw/geo/GSE274557_gsm_quick.soft	!Sample_relation BioSample	SAMN43154212	SAMN43154212	E2_corroborated	official GEO BioSample identifies physical specimen	false
external_geo::GSM8452850::block_unknown	physical_unit	external_geo::GSM8452850	block_id	external_geo::GSE274557::series_soft	infra/bioinf-data-index/raw/geo/GSE274557_series_quick.soft	!Series_summary + !Series_overall_design	series: 55 individual samples from 13 patients; GSM title: patient-specimen; GEO relation: BioSample		E2_corroborated	physical specimen is a candidate block-equivalent; no block identifier is asserted	false
external_geo::GSM8452851::patient	physical_unit	external_geo::GSM8452851	patient_id	external_geo::GSE274557::gsm_soft	infra/bioinf-data-index/raw/geo/GSE274557_gsm_quick.soft	!Sample_title	Pt-2B	GSE274557::P2	E2_corroborated	official metadata patient-to-GSM mapping	false
external_geo::GSM8452851::physical_specimen	physical_unit	external_geo::GSM8452851	physical_specimen_id	external_geo::GSE274557::gsm_soft	infra/bioinf-data-index/raw/geo/GSE274557_gsm_quick.soft	!Sample_relation BioSample	SAMN43154211	SAMN43154211	E2_corroborated	official GEO BioSample identifies physical specimen	false
external_geo::GSM8452851::block_unknown	physical_unit	external_geo::GSM8452851	block_id	external_geo::GSE274557::series_soft	infra/bioinf-data-index/raw/geo/GSE274557_series_quick.soft	!Series_summary + !Series_overall_design	series: 55 individual samples from 13 patients; GSM title: patient-specimen; GEO relation: BioSample		E2_corroborated	physical specimen is a candidate block-equivalent; no block identifier is asserted	false
external_geo::GSM8452852::patient	physical_unit	external_geo::GSM8452852	patient_id	external_geo::GSE274557::gsm_soft	infra/bioinf-data-index/raw/geo/GSE274557_gsm_quick.soft	!Sample_title	Pt-2C	GSE274557::P2	E2_corroborated	official metadata patient-to-GSM mapping	false
external_geo::GSM8452852::physical_specimen	physical_unit	external_geo::GSM8452852	physical_specimen_id	external_geo::GSE274557::gsm_soft	infra/bioinf-data-index/raw/geo/GSE274557_gsm_quick.soft	!Sample_relation BioSample	SAMN43154210	SAMN43154210	E2_corroborated	official GEO BioSample identifies physical specimen	false
external_geo::GSM8452852::block_unknown	physical_unit	external_geo::GSM8452852	block_id	external_geo::GSE274557::series_soft	infra/bioinf-data-index/raw/geo/GSE274557_series_quick.soft	!Series_summary + !Series_overall_design	series: 55 individual samples from 13 patients; GSM title: patient-specimen; GEO relation: BioSample		E2_corroborated	physical specimen is a candidate block-equivalent; no block identifier is asserted	false
external_geo::GSM8452853::patient	physical_unit	external_geo::GSM8452853	patient_id	external_geo::GSE274557::gsm_soft	infra/bioinf-data-index/raw/geo/GSE274557_gsm_quick.soft	!Sample_title	Pt-3A	GSE274557::P3	E2_corroborated	official metadata patient-to-GSM mapping	false
external_geo::GSM8452853::physical_specimen	physical_unit	external_geo::GSM8452853	physical_specimen_id	external_geo::GSE274557::gsm_soft	infra/bioinf-data-index/raw/geo/GSE274557_gsm_quick.soft	!Sample_relation BioSample	SAMN43154209	SAMN43154209	E2_corroborated	official GEO BioSample identifies physical specimen	false
external_geo::GSM8452853::block_unknown	physical_unit	external_geo::GSM8452853	block_id	external_geo::GSE274557::series_soft	infra/bioinf-data-index/raw/geo/GSE274557_series_quick.soft	!Series_summary + !Series_overall_design	series: 55 individual samples from 13 patients; GSM title: patient-specimen; GEO relation: BioSample		E2_corroborated	physical specimen is a candidate block-equivalent; no block identifier is asserted	false
external_geo::GSM8452854::patient	physical_unit	external_geo::GSM8452854	patient_id	external_geo::GSE274557::gsm_soft	infra/bioinf-data-index/raw/geo/GSE274557_gsm_quick.soft	!Sample_title	Pt-3B	GSE274557::P3	E2_corroborated	official metadata patient-to-GSM mapping	false
external_geo::GSM8452854::physical_specimen	physical_unit	external_geo::GSM8452854	physical_specimen_id	external_geo::GSE274557::gsm_soft	infra/bioinf-data-index/raw/geo/GSE274557_gsm_quick.soft	!Sample_relation BioSample	SAMN43154208	SAMN43154208	E2_corroborated	official GEO BioSample identifies physical specimen	false
external_geo::GSM8452854::block_unknown	physical_unit	external_geo::GSM8452854	block_id	external_geo::GSE274557::series_soft	infra/bioinf-data-index/raw/geo/GSE274557_series_quick.soft	!Series_summary + !Series_overall_design	series: 55 individual samples from 13 patients; GSM title: patient-specimen; GEO relation: BioSample		E2_corroborated	physical specimen is a candidate block-equivalent; no block identifier is asserted	false
external_geo::GSM8452855::patient	physical_unit	external_geo::GSM8452855	patient_id	external_geo::GSE274557::gsm_soft	infra/bioinf-data-index/raw/geo/GSE274557_gsm_quick.soft	!Sample_title	Pt-3C	GSE274557::P3	E2_corroborated	official metadata patient-to-GSM mapping	false
external_geo::GSM8452855::physical_specimen	physical_unit	external_geo::GSM8452855	physical_specimen_id	external_geo::GSE274557::gsm_soft	infra/bioinf-data-index/raw/geo/GSE274557_gsm_quick.soft	!Sample_relation BioSample	SAMN43154207	SAMN43154207	E2_corroborated	official GEO BioSample identifies physical specimen	false
external_geo::GSM8452855::block_unknown	physical_unit	external_geo::GSM8452855	block_id	external_geo::GSE274557::series_soft	infra/bioinf-data-index/raw/geo/GSE274557_series_quick.soft	!Series_summary + !Series_overall_design	series: 55 individual samples from 13 patients; GSM title: patient-specimen; GEO relation: BioSample		E2_corroborated	physical specimen is a candidate block-equivalent; no block identifier is asserted	false
external_geo::GSM8452856::patient	physical_unit	external_geo::GSM8452856	patient_id	external_geo::GSE274557::gsm_soft	infra/bioinf-data-index/raw/geo/GSE274557_gsm_quick.soft	!Sample_title	Pt-4A	GSE274557::P4	E2_corroborated	official metadata patient-to-GSM mapping	false
external_geo::GSM8452856::physical_specimen	physical_unit	external_geo::GSM8452856	physical_specimen_id	external_geo::GSE274557::gsm_soft	infra/bioinf-data-index/raw/geo/GSE274557_gsm_quick.soft	!Sample_relation BioSample	SAMN43154206	SAMN43154206	E2_corroborated	official GEO BioSample identifies physical specimen	false
external_geo::GSM8452856::block_unknown	physical_unit	external_geo::GSM8452856	block_id	external_geo::GSE274557::series_soft	infra/bioinf-data-index/raw/geo/GSE274557_series_quick.soft	!Series_summary + !Series_overall_design	series: 55 individual samples from 13 patients; GSM title: patient-specimen; GEO relation: BioSample		E2_corroborated	physical specimen is a candidate block-equivalent; no block identifier is asserted	false
external_geo::GSM8452857::patient	physical_unit	external_geo::GSM8452857	patient_id	external_geo::GSE274557::gsm_soft	infra/bioinf-data-index/raw/geo/GSE274557_gsm_quick.soft	!Sample_title	Pt-4B	GSE274557::P4	E2_corroborated	official metadata patient-to-GSM mapping	false
external_geo::GSM8452857::physical_specimen	physical_unit	external_geo::GSM8452857	physical_specimen_id	external_geo::GSE274557::gsm_soft	infra/bioinf-data-index/raw/geo/GSE274557_gsm_quick.soft	!Sample_relation BioSample	SAMN43154205	SAMN43154205	E2_corroborated	official GEO BioSample identifies physical specimen	false
external_geo::GSM8452857::block_unknown	physical_unit	external_geo::GSM8452857	block_id	external_geo::GSE274557::series_soft	infra/bioinf-data-index/raw/geo/GSE274557_series_quick.soft	!Series_summary + !Series_overall_design	series: 55 individual samples from 13 patients; GSM title: patient-specimen; GEO relation: BioSample		E2_corroborated	physical specimen is a candidate block-equivalent; no block identifier is asserted	false
external_geo::GSM8452858::patient	physical_unit	external_geo::GSM8452858	patient_id	external_geo::GSE274557::gsm_soft	infra/bioinf-data-index/raw/geo/GSE274557_gsm_quick.soft	!Sample_title	Pt-4C	GSE274557::P4	E2_corroborated	official metadata patient-to-GSM mapping	false
external_geo::GSM8452858::physical_specimen	physical_unit	external_geo::GSM8452858	physical_specimen_id	external_geo::GSE274557::gsm_soft	infra/bioinf-data-index/raw/geo/GSE274557_gsm_quick.soft	!Sample_relation BioSample	SAMN43154204	SAMN43154204	E2_corroborated	official GEO BioSample identifies physical specimen	false
external_geo::GSM8452858::block_unknown	physical_unit	external_geo::GSM8452858	block_id	external_geo::GSE274557::series_soft	infra/bioinf-data-index/raw/geo/GSE274557_series_quick.soft	!Series_summary + !Series_overall_design	series: 55 individual samples from 13 patients; GSM title: patient-specimen; GEO relation: BioSample		E2_corroborated	physical specimen is a candidate block-equivalent; no block identifier is asserted	false
external_geo::GSM8452859::patient	physical_unit	external_geo::GSM8452859	patient_id	external_geo::GSE274557::gsm_soft	infra/bioinf-data-index/raw/geo/GSE274557_gsm_quick.soft	!Sample_title	Pt-4D	GSE274557::P4	E2_corroborated	official metadata patient-to-GSM mapping	false
external_geo::GSM8452859::physical_specimen	physical_unit	external_geo::GSM8452859	physical_specimen_id	external_geo::GSE274557::gsm_soft	infra/bioinf-data-index/raw/geo/GSE274557_gsm_quick.soft	!Sample_relation BioSample	SAMN43154203	SAMN43154203	E2_corroborated	official GEO BioSample identifies physical specimen	false
external_geo::GSM8452859::block_unknown	physical_unit	external_geo::GSM8452859	block_id	external_geo::GSE274557::series_soft	infra/bioinf-data-index/raw/geo/GSE274557_series_quick.soft	!Series_summary + !Series_overall_design	series: 55 individual samples from 13 patients; GSM title: patient-specimen; GEO relation: BioSample		E2_corroborated	physical specimen is a candidate block-equivalent; no block identifier is asserted	false
external_geo::GSM8452860::patient	physical_unit	external_geo::GSM8452860	patient_id	external_geo::GSE274557::gsm_soft	infra/bioinf-data-index/raw/geo/GSE274557_gsm_quick.soft	!Sample_title	Pt-5A	GSE274557::P5	E2_corroborated	official metadata patient-to-GSM mapping	false
external_geo::GSM8452860::physical_specimen	physical_unit	external_geo::GSM8452860	physical_specimen_id	external_geo::GSE274557::gsm_soft	infra/bioinf-data-index/raw/geo/GSE274557_gsm_quick.soft	!Sample_relation BioSample	SAMN43154202	SAMN43154202	E2_corroborated	official GEO BioSample identifies physical specimen	false
external_geo::GSM8452860::block_unknown	physical_unit	external_geo::GSM8452860	block_id	external_geo::GSE274557::series_soft	infra/bioinf-data-index/raw/geo/GSE274557_series_quick.soft	!Series_summary + !Series_overall_design	series: 55 individual samples from 13 patients; GSM title: patient-specimen; GEO relation: BioSample		E2_corroborated	physical specimen is a candidate block-equivalent; no block identifier is asserted	false
external_geo::GSM8452861::patient	physical_unit	external_geo::GSM8452861	patient_id	external_geo::GSE274557::gsm_soft	infra/bioinf-data-index/raw/geo/GSE274557_gsm_quick.soft	!Sample_title	Pt-5B	GSE274557::P5	E2_corroborated	official metadata patient-to-GSM mapping	false
external_geo::GSM8452861::physical_specimen	physical_unit	external_geo::GSM8452861	physical_specimen_id	external_geo::GSE274557::gsm_soft	infra/bioinf-data-index/raw/geo/GSE274557_gsm_quick.soft	!Sample_relation BioSample	SAMN43154201	SAMN43154201	E2_corroborated	official GEO BioSample identifies physical specimen	false
external_geo::GSM8452861::block_unknown	physical_unit	external_geo::GSM8452861	block_id	external_geo::GSE274557::series_soft	infra/bioinf-data-index/raw/geo/GSE274557_series_quick.soft	!Series_summary + !Series_overall_design	series: 55 individual samples from 13 patients; GSM title: patient-specimen; GEO relation: BioSample		E2_corroborated	physical specimen is a candidate block-equivalent; no block identifier is asserted	false
external_geo::GSM8452862::patient	physical_unit	external_geo::GSM8452862	patient_id	external_geo::GSE274557::gsm_soft	infra/bioinf-data-index/raw/geo/GSE274557_gsm_quick.soft	!Sample_title	Pt-5C	GSE274557::P5	E2_corroborated	official metadata patient-to-GSM mapping	false
external_geo::GSM8452862::physical_specimen	physical_unit	external_geo::GSM8452862	physical_specimen_id	external_geo::GSE274557::gsm_soft	infra/bioinf-data-index/raw/geo/GSE274557_gsm_quick.soft	!Sample_relation BioSample	SAMN43154200	SAMN43154200	E2_corroborated	official GEO BioSample identifies physical specimen	false
external_geo::GSM8452862::block_unknown	physical_unit	external_geo::GSM8452862	block_id	external_geo::GSE274557::series_soft	infra/bioinf-data-index/raw/geo/GSE274557_series_quick.soft	!Series_summary + !Series_overall_design	series: 55 individual samples from 13 patients; GSM title: patient-specimen; GEO relation: BioSample		E2_corroborated	physical specimen is a candidate block-equivalent; no block identifier is asserted	false
external_geo::GSM8452863::patient	physical_unit	external_geo::GSM8452863	patient_id	external_geo::GSE274557::gsm_soft	infra/bioinf-data-index/raw/geo/GSE274557_gsm_quick.soft	!Sample_title	Pt-6A	GSE274557::P6	E2_corroborated	official metadata patient-to-GSM mapping	false
external_geo::GSM8452863::physical_specimen	physical_unit	external_geo::GSM8452863	physical_specimen_id	external_geo::GSE274557::gsm_soft	infra/bioinf-data-index/raw/geo/GSE274557_gsm_quick.soft	!Sample_relation BioSample	SAMN43154199	SAMN43154199	E2_corroborated	official GEO BioSample identifies physical specimen	false
external_geo::GSM8452863::block_unknown	physical_unit	external_geo::GSM8452863	block_id	external_geo::GSE274557::series_soft	infra/bioinf-data-index/raw/geo/GSE274557_series_quick.soft	!Series_summary + !Series_overall_design	series: 55 individual samples from 13 patients; GSM title: patient-specimen; GEO relation: BioSample		E2_corroborated	physical specimen is a candidate block-equivalent; no block identifier is asserted	false
external_geo::GSM8452864::patient	physical_unit	external_geo::GSM8452864	patient_id	external_geo::GSE274557::gsm_soft	infra/bioinf-data-index/raw/geo/GSE274557_gsm_quick.soft	!Sample_title	Pt-6B	GSE274557::P6	E2_corroborated	official metadata patient-to-GSM mapping	false
external_geo::GSM8452864::physical_specimen	physical_unit	external_geo::GSM8452864	physical_specimen_id	external_geo::GSE274557::gsm_soft	infra/bioinf-data-index/raw/geo/GSE274557_gsm_quick.soft	!Sample_relation BioSample	SAMN43154198	SAMN43154198	E2_corroborated	official GEO BioSample identifies physical specimen	false
external_geo::GSM8452864::block_unknown	physical_unit	external_geo::GSM8452864	block_id	external_geo::GSE274557::series_soft	infra/bioinf-data-index/raw/geo/GSE274557_series_quick.soft	!Series_summary + !Series_overall_design	series: 55 individual samples from 13 patients; GSM title: patient-specimen; GEO relation: BioSample		E2_corroborated	physical specimen is a candidate block-equivalent; no block identifier is asserted	false
external_geo::GSM8452865::patient	physical_unit	external_geo::GSM8452865	patient_id	external_geo::GSE274557::gsm_soft	infra/bioinf-data-index/raw/geo/GSE274557_gsm_quick.soft	!Sample_title	Pt-6C	GSE274557::P6	E2_corroborated	official metadata patient-to-GSM mapping	false
external_geo::GSM8452865::physical_specimen	physical_unit	external_geo::GSM8452865	physical_specimen_id	external_geo::GSE274557::gsm_soft	infra/bioinf-data-index/raw/geo/GSE274557_gsm_quick.soft	!Sample_relation BioSample	SAMN43154197	SAMN43154197	E2_corroborated	official GEO BioSample identifies physical specimen	false
external_geo::GSM8452865::block_unknown	physical_unit	external_geo::GSM8452865	block_id	external_geo::GSE274557::series_soft	infra/bioinf-data-index/raw/geo/GSE274557_series_quick.soft	!Series_summary + !Series_overall_design	series: 55 individual samples from 13 patients; GSM title: patient-specimen; GEO relation: BioSample		E2_corroborated	physical specimen is a candidate block-equivalent; no block identifier is asserted	false
external_geo::GSM8452866::patient	physical_unit	external_geo::GSM8452866	patient_id	external_geo::GSE274557::gsm_soft	infra/bioinf-data-index/raw/geo/GSE274557_gsm_quick.soft	!Sample_title	Pt-6D	GSE274557::P6	E2_corroborated	official metadata patient-to-GSM mapping	false
external_geo::GSM8452866::physical_specimen	physical_unit	external_geo::GSM8452866	physical_specimen_id	external_geo::GSE274557::gsm_soft	infra/bioinf-data-index/raw/geo/GSE274557_gsm_quick.soft	!Sample_relation BioSample	SAMN43154196	SAMN43154196	E2_corroborated	official GEO BioSample identifies physical specimen	false
external_geo::GSM8452866::block_unknown	physical_unit	external_geo::GSM8452866	block_id	external_geo::GSE274557::series_soft	infra/bioinf-data-index/raw/geo/GSE274557_series_quick.soft	!Series_summary + !Series_overall_design	series: 55 individual samples from 13 patients; GSM title: patient-specimen; GEO relation: BioSample		E2_corroborated	physical specimen is a candidate block-equivalent; no block identifier is asserted	false
external_geo::GSM8452867::patient	physical_unit	external_geo::GSM8452867	patient_id	external_geo::GSE274557::gsm_soft	infra/bioinf-data-index/raw/geo/GSE274557_gsm_quick.soft	!Sample_title	Pt-7A	GSE274557::P7	E2_corroborated	official metadata patient-to-GSM mapping	false
external_geo::GSM8452867::physical_specimen	physical_unit	external_geo::GSM8452867	physical_specimen_id	external_geo::GSE274557::gsm_soft	infra/bioinf-data-index/raw/geo/GSE274557_gsm_quick.soft	!Sample_relation BioSample	SAMN43154195	SAMN43154195	E2_corroborated	official GEO BioSample identifies physical specimen	false
external_geo::GSM8452867::block_unknown	physical_unit	external_geo::GSM8452867	block_id	external_geo::GSE274557::series_soft	infra/bioinf-data-index/raw/geo/GSE274557_series_quick.soft	!Series_summary + !Series_overall_design	series: 55 individual samples from 13 patients; GSM title: patient-specimen; GEO relation: BioSample		E2_corroborated	physical specimen is a candidate block-equivalent; no block identifier is asserted	false
external_geo::GSM8452868::patient	physical_unit	external_geo::GSM8452868	patient_id	external_geo::GSE274557::gsm_soft	infra/bioinf-data-index/raw/geo/GSE274557_gsm_quick.soft	!Sample_title	Pt-7B	GSE274557::P7	E2_corroborated	official metadata patient-to-GSM mapping	false
external_geo::GSM8452868::physical_specimen	physical_unit	external_geo::GSM8452868	physical_specimen_id	external_geo::GSE274557::gsm_soft	infra/bioinf-data-index/raw/geo/GSE274557_gsm_quick.soft	!Sample_relation BioSample	SAMN43154194	SAMN43154194	E2_corroborated	official GEO BioSample identifies physical specimen	false
external_geo::GSM8452868::block_unknown	physical_unit	external_geo::GSM8452868	block_id	external_geo::GSE274557::series_soft	infra/bioinf-data-index/raw/geo/GSE274557_series_quick.soft	!Series_summary + !Series_overall_design	series: 55 individual samples from 13 patients; GSM title: patient-specimen; GEO relation: BioSample		E2_corroborated	physical specimen is a candidate block-equivalent; no block identifier is asserted	false
external_geo::GSM8452869::patient	physical_unit	external_geo::GSM8452869	patient_id	external_geo::GSE274557::gsm_soft	infra/bioinf-data-index/raw/geo/GSE274557_gsm_quick.soft	!Sample_title	Pt-7C	GSE274557::P7	E2_corroborated	official metadata patient-to-GSM mapping	false
external_geo::GSM8452869::physical_specimen	physical_unit	external_geo::GSM8452869	physical_specimen_id	external_geo::GSE274557::gsm_soft	infra/bioinf-data-index/raw/geo/GSE274557_gsm_quick.soft	!Sample_relation BioSample	SAMN43154193	SAMN43154193	E2_corroborated	official GEO BioSample identifies physical specimen	false
external_geo::GSM8452869::block_unknown	physical_unit	external_geo::GSM8452869	block_id	external_geo::GSE274557::series_soft	infra/bioinf-data-index/raw/geo/GSE274557_series_quick.soft	!Series_summary + !Series_overall_design	series: 55 individual samples from 13 patients; GSM title: patient-specimen; GEO relation: BioSample		E2_corroborated	physical specimen is a candidate block-equivalent; no block identifier is asserted	false
external_geo::GSM8452870::patient	physical_unit	external_geo::GSM8452870	patient_id	external_geo::GSE274557::gsm_soft	infra/bioinf-data-index/raw/geo/GSE274557_gsm_quick.soft	!Sample_title	Pt-7D	GSE274557::P7	E2_corroborated	official metadata patient-to-GSM mapping	false
external_geo::GSM8452870::physical_specimen	physical_unit	external_geo::GSM8452870	physical_specimen_id	external_geo::GSE274557::gsm_soft	infra/bioinf-data-index/raw/geo/GSE274557_gsm_quick.soft	!Sample_relation BioSample	SAMN43154192	SAMN43154192	E2_corroborated	official GEO BioSample identifies physical specimen	false
external_geo::GSM8452870::block_unknown	physical_unit	external_geo::GSM8452870	block_id	external_geo::GSE274557::series_soft	infra/bioinf-data-index/raw/geo/GSE274557_series_quick.soft	!Series_summary + !Series_overall_design	series: 55 individual samples from 13 patients; GSM title: patient-specimen; GEO relation: BioSample		E2_corroborated	physical specimen is a candidate block-equivalent; no block identifier is asserted	false
external_geo::GSM8452871::patient	physical_unit	external_geo::GSM8452871	patient_id	external_geo::GSE274557::gsm_soft	infra/bioinf-data-index/raw/geo/GSE274557_gsm_quick.soft	!Sample_title	Pt-8A	GSE274557::P8	E2_corroborated	official metadata patient-to-GSM mapping	false
external_geo::GSM8452871::physical_specimen	physical_unit	external_geo::GSM8452871	physical_specimen_id	external_geo::GSE274557::gsm_soft	infra/bioinf-data-index/raw/geo/GSE274557_gsm_quick.soft	!Sample_relation BioSample	SAMN43154191	SAMN43154191	E2_corroborated	official GEO BioSample identifies physical specimen	false
external_geo::GSM8452871::block_unknown	physical_unit	external_geo::GSM8452871	block_id	external_geo::GSE274557::series_soft	infra/bioinf-data-index/raw/geo/GSE274557_series_quick.soft	!Series_summary + !Series_overall_design	series: 55 individual samples from 13 patients; GSM title: patient-specimen; GEO relation: BioSample		E2_corroborated	physical specimen is a candidate block-equivalent; no block identifier is asserted	false
external_geo::GSM8452872::patient	physical_unit	external_geo::GSM8452872	patient_id	external_geo::GSE274557::gsm_soft	infra/bioinf-data-index/raw/geo/GSE274557_gsm_quick.soft	!Sample_title	Pt-8B	GSE274557::P8	E2_corroborated	official metadata patient-to-GSM mapping	false
external_geo::GSM8452872::physical_specimen	physical_unit	external_geo::GSM8452872	physical_specimen_id	external_geo::GSE274557::gsm_soft	infra/bioinf-data-index/raw/geo/GSE274557_gsm_quick.soft	!Sample_relation BioSample	SAMN43154190	SAMN43154190	E2_corroborated	official GEO BioSample identifies physical specimen	false
external_geo::GSM8452872::block_unknown	physical_unit	external_geo::GSM8452872	block_id	external_geo::GSE274557::series_soft	infra/bioinf-data-index/raw/geo/GSE274557_series_quick.soft	!Series_summary + !Series_overall_design	series: 55 individual samples from 13 patients; GSM title: patient-specimen; GEO relation: BioSample		E2_corroborated	physical specimen is a candidate block-equivalent; no block identifier is asserted	false
external_geo::GSM8452873::patient	physical_unit	external_geo::GSM8452873	patient_id	external_geo::GSE274557::gsm_soft	infra/bioinf-data-index/raw/geo/GSE274557_gsm_quick.soft	!Sample_title	Pt-8C	GSE274557::P8	E2_corroborated	official metadata patient-to-GSM mapping	false
external_geo::GSM8452873::physical_specimen	physical_unit	external_geo::GSM8452873	physical_specimen_id	external_geo::GSE274557::gsm_soft	infra/bioinf-data-index/raw/geo/GSE274557_gsm_quick.soft	!Sample_relation BioSample	SAMN43154189	SAMN43154189	E2_corroborated	official GEO BioSample identifies physical specimen	false
external_geo::GSM8452873::block_unknown	physical_unit	external_geo::GSM8452873	block_id	external_geo::GSE274557::series_soft	infra/bioinf-data-index/raw/geo/GSE274557_series_quick.soft	!Series_summary + !Series_overall_design	series: 55 individual samples from 13 patients; GSM title: patient-specimen; GEO relation: BioSample		E2_corroborated	physical specimen is a candidate block-equivalent; no block identifier is asserted	false
external_geo::GSM8452874::patient	physical_unit	external_geo::GSM8452874	patient_id	external_geo::GSE274557::gsm_soft	infra/bioinf-data-index/raw/geo/GSE274557_gsm_quick.soft	!Sample_title	Pt-8D	GSE274557::P8	E2_corroborated	official metadata patient-to-GSM mapping	false
external_geo::GSM8452874::physical_specimen	physical_unit	external_geo::GSM8452874	physical_specimen_id	external_geo::GSE274557::gsm_soft	infra/bioinf-data-index/raw/geo/GSE274557_gsm_quick.soft	!Sample_relation BioSample	SAMN43154188	SAMN43154188	E2_corroborated	official GEO BioSample identifies physical specimen	false
external_geo::GSM8452874::block_unknown	physical_unit	external_geo::GSM8452874	block_id	external_geo::GSE274557::series_soft	infra/bioinf-data-index/raw/geo/GSE274557_series_quick.soft	!Series_summary + !Series_overall_design	series: 55 individual samples from 13 patients; GSM title: patient-specimen; GEO relation: BioSample		E2_corroborated	physical specimen is a candidate block-equivalent; no block identifier is asserted	false
external_geo::GSM8452875::patient	physical_unit	external_geo::GSM8452875	patient_id	external_geo::GSE274557::gsm_soft	infra/bioinf-data-index/raw/geo/GSE274557_gsm_quick.soft	!Sample_title	Pt-9A	GSE274557::P9	E2_corroborated	official metadata patient-to-GSM mapping	false
external_geo::GSM8452875::physical_specimen	physical_unit	external_geo::GSM8452875	physical_specimen_id	external_geo::GSE274557::gsm_soft	infra/bioinf-data-index/raw/geo/GSE274557_gsm_quick.soft	!Sample_relation BioSample	SAMN43154187	SAMN43154187	E2_corroborated	official GEO BioSample identifies physical specimen	false
external_geo::GSM8452875::block_unknown	physical_unit	external_geo::GSM8452875	block_id	external_geo::GSE274557::series_soft	infra/bioinf-data-index/raw/geo/GSE274557_series_quick.soft	!Series_summary + !Series_overall_design	series: 55 individual samples from 13 patients; GSM title: patient-specimen; GEO relation: BioSample		E2_corroborated	physical specimen is a candidate block-equivalent; no block identifier is asserted	false
external_geo::GSM8452876::patient	physical_unit	external_geo::GSM8452876	patient_id	external_geo::GSE274557::gsm_soft	infra/bioinf-data-index/raw/geo/GSE274557_gsm_quick.soft	!Sample_title	Pt-9B	GSE274557::P9	E2_corroborated	official metadata patient-to-GSM mapping	false
external_geo::GSM8452876::physical_specimen	physical_unit	external_geo::GSM8452876	physical_specimen_id	external_geo::GSE274557::gsm_soft	infra/bioinf-data-index/raw/geo/GSE274557_gsm_quick.soft	!Sample_relation BioSample	SAMN43154186	SAMN43154186	E2_corroborated	official GEO BioSample identifies physical specimen	false
external_geo::GSM8452876::block_unknown	physical_unit	external_geo::GSM8452876	block_id	external_geo::GSE274557::series_soft	infra/bioinf-data-index/raw/geo/GSE274557_series_quick.soft	!Series_summary + !Series_overall_design	series: 55 individual samples from 13 patients; GSM title: patient-specimen; GEO relation: BioSample		E2_corroborated	physical specimen is a candidate block-equivalent; no block identifier is asserted	false
external_geo::GSM8452877::patient	physical_unit	external_geo::GSM8452877	patient_id	external_geo::GSE274557::gsm_soft	infra/bioinf-data-index/raw/geo/GSE274557_gsm_quick.soft	!Sample_title	Pt-9C	GSE274557::P9	E2_corroborated	official metadata patient-to-GSM mapping	false
external_geo::GSM8452877::physical_specimen	physical_unit	external_geo::GSM8452877	physical_specimen_id	external_geo::GSE274557::gsm_soft	infra/bioinf-data-index/raw/geo/GSE274557_gsm_quick.soft	!Sample_relation BioSample	SAMN43154185	SAMN43154185	E2_corroborated	official GEO BioSample identifies physical specimen	false
external_geo::GSM8452877::block_unknown	physical_unit	external_geo::GSM8452877	block_id	external_geo::GSE274557::series_soft	infra/bioinf-data-index/raw/geo/GSE274557_series_quick.soft	!Series_summary + !Series_overall_design	series: 55 individual samples from 13 patients; GSM title: patient-specimen; GEO relation: BioSample		E2_corroborated	physical specimen is a candidate block-equivalent; no block identifier is asserted	false
external_geo::GSM8452878::patient	physical_unit	external_geo::GSM8452878	patient_id	external_geo::GSE274557::gsm_soft	infra/bioinf-data-index/raw/geo/GSE274557_gsm_quick.soft	!Sample_title	Pt-9D	GSE274557::P9	E2_corroborated	official metadata patient-to-GSM mapping	false
external_geo::GSM8452878::physical_specimen	physical_unit	external_geo::GSM8452878	physical_specimen_id	external_geo::GSE274557::gsm_soft	infra/bioinf-data-index/raw/geo/GSE274557_gsm_quick.soft	!Sample_relation BioSample	SAMN43154184	SAMN43154184	E2_corroborated	official GEO BioSample identifies physical specimen	false
external_geo::GSM8452878::block_unknown	physical_unit	external_geo::GSM8452878	block_id	external_geo::GSE274557::series_soft	infra/bioinf-data-index/raw/geo/GSE274557_series_quick.soft	!Series_summary + !Series_overall_design	series: 55 individual samples from 13 patients; GSM title: patient-specimen; GEO relation: BioSample		E2_corroborated	physical specimen is a candidate block-equivalent; no block identifier is asserted	false
external_geo::GSM8452879::patient	physical_unit	external_geo::GSM8452879	patient_id	external_geo::GSE274557::gsm_soft	infra/bioinf-data-index/raw/geo/GSE274557_gsm_quick.soft	!Sample_title	Pt-10A	GSE274557::P10	E2_corroborated	official metadata patient-to-GSM mapping	false
external_geo::GSM8452879::physical_specimen	physical_unit	external_geo::GSM8452879	physical_specimen_id	external_geo::GSE274557::gsm_soft	infra/bioinf-data-index/raw/geo/GSE274557_gsm_quick.soft	!Sample_relation BioSample	SAMN43154183	SAMN43154183	E2_corroborated	official GEO BioSample identifies physical specimen	false
external_geo::GSM8452879::block_unknown	physical_unit	external_geo::GSM8452879	block_id	external_geo::GSE274557::series_soft	infra/bioinf-data-index/raw/geo/GSE274557_series_quick.soft	!Series_summary + !Series_overall_design	series: 55 individual samples from 13 patients; GSM title: patient-specimen; GEO relation: BioSample		E2_corroborated	physical specimen is a candidate block-equivalent; no block identifier is asserted	false
external_geo::GSM8452880::patient	physical_unit	external_geo::GSM8452880	patient_id	external_geo::GSE274557::gsm_soft	infra/bioinf-data-index/raw/geo/GSE274557_gsm_quick.soft	!Sample_title	Pt-10B	GSE274557::P10	E2_corroborated	official metadata patient-to-GSM mapping	false
external_geo::GSM8452880::physical_specimen	physical_unit	external_geo::GSM8452880	physical_specimen_id	external_geo::GSE274557::gsm_soft	infra/bioinf-data-index/raw/geo/GSE274557_gsm_quick.soft	!Sample_relation BioSample	SAMN43154182	SAMN43154182	E2_corroborated	official GEO BioSample identifies physical specimen	false
external_geo::GSM8452880::block_unknown	physical_unit	external_geo::GSM8452880	block_id	external_geo::GSE274557::series_soft	infra/bioinf-data-index/raw/geo/GSE274557_series_quick.soft	!Series_summary + !Series_overall_design	series: 55 individual samples from 13 patients; GSM title: patient-specimen; GEO relation: BioSample		E2_corroborated	physical specimen is a candidate block-equivalent; no block identifier is asserted	false
external_geo::GSM8452881::patient	physical_unit	external_geo::GSM8452881	patient_id	external_geo::GSE274557::gsm_soft	infra/bioinf-data-index/raw/geo/GSE274557_gsm_quick.soft	!Sample_title	Pt-10C	GSE274557::P10	E2_corroborated	official metadata patient-to-GSM mapping	false
external_geo::GSM8452881::physical_specimen	physical_unit	external_geo::GSM8452881	physical_specimen_id	external_geo::GSE274557::gsm_soft	infra/bioinf-data-index/raw/geo/GSE274557_gsm_quick.soft	!Sample_relation BioSample	SAMN43154181	SAMN43154181	E2_corroborated	official GEO BioSample identifies physical specimen	false
external_geo::GSM8452881::block_unknown	physical_unit	external_geo::GSM8452881	block_id	external_geo::GSE274557::series_soft	infra/bioinf-data-index/raw/geo/GSE274557_series_quick.soft	!Series_summary + !Series_overall_design	series: 55 individual samples from 13 patients; GSM title: patient-specimen; GEO relation: BioSample		E2_corroborated	physical specimen is a candidate block-equivalent; no block identifier is asserted	false
external_geo::GSM8452882::patient	physical_unit	external_geo::GSM8452882	patient_id	external_geo::GSE274557::gsm_soft	infra/bioinf-data-index/raw/geo/GSE274557_gsm_quick.soft	!Sample_title	Pt-10D	GSE274557::P10	E2_corroborated	official metadata patient-to-GSM mapping	false
external_geo::GSM8452882::physical_specimen	physical_unit	external_geo::GSM8452882	physical_specimen_id	external_geo::GSE274557::gsm_soft	infra/bioinf-data-index/raw/geo/GSE274557_gsm_quick.soft	!Sample_relation BioSample	SAMN43154180	SAMN43154180	E2_corroborated	official GEO BioSample identifies physical specimen	false
external_geo::GSM8452882::block_unknown	physical_unit	external_geo::GSM8452882	block_id	external_geo::GSE274557::series_soft	infra/bioinf-data-index/raw/geo/GSE274557_series_quick.soft	!Series_summary + !Series_overall_design	series: 55 individual samples from 13 patients; GSM title: patient-specimen; GEO relation: BioSample		E2_corroborated	physical specimen is a candidate block-equivalent; no block identifier is asserted	false
external_geo::GSM8452883::patient	physical_unit	external_geo::GSM8452883	patient_id	external_geo::GSE274557::gsm_soft	infra/bioinf-data-index/raw/geo/GSE274557_gsm_quick.soft	!Sample_title	Pt-11A	GSE274557::P11	E2_corroborated	official metadata patient-to-GSM mapping	false
external_geo::GSM8452883::physical_specimen	physical_unit	external_geo::GSM8452883	physical_specimen_id	external_geo::GSE274557::gsm_soft	infra/bioinf-data-index/raw/geo/GSE274557_gsm_quick.soft	!Sample_relation BioSample	SAMN43154179	SAMN43154179	E2_corroborated	official GEO BioSample identifies physical specimen	false
external_geo::GSM8452883::block_unknown	physical_unit	external_geo::GSM8452883	block_id	external_geo::GSE274557::series_soft	infra/bioinf-data-index/raw/geo/GSE274557_series_quick.soft	!Series_summary + !Series_overall_design	series: 55 individual samples from 13 patients; GSM title: patient-specimen; GEO relation: BioSample		E2_corroborated	physical specimen is a candidate block-equivalent; no block identifier is asserted	false
external_geo::GSM8452884::patient	physical_unit	external_geo::GSM8452884	patient_id	external_geo::GSE274557::gsm_soft	infra/bioinf-data-index/raw/geo/GSE274557_gsm_quick.soft	!Sample_title	Pt-11B	GSE274557::P11	E2_corroborated	official metadata patient-to-GSM mapping	false
external_geo::GSM8452884::physical_specimen	physical_unit	external_geo::GSM8452884	physical_specimen_id	external_geo::GSE274557::gsm_soft	infra/bioinf-data-index/raw/geo/GSE274557_gsm_quick.soft	!Sample_relation BioSample	SAMN43154178	SAMN43154178	E2_corroborated	official GEO BioSample identifies physical specimen	false
external_geo::GSM8452884::block_unknown	physical_unit	external_geo::GSM8452884	block_id	external_geo::GSE274557::series_soft	infra/bioinf-data-index/raw/geo/GSE274557_series_quick.soft	!Series_summary + !Series_overall_design	series: 55 individual samples from 13 patients; GSM title: patient-specimen; GEO relation: BioSample		E2_corroborated	physical specimen is a candidate block-equivalent; no block identifier is asserted	false
external_geo::GSM8452885::patient	physical_unit	external_geo::GSM8452885	patient_id	external_geo::GSE274557::gsm_soft	infra/bioinf-data-index/raw/geo/GSE274557_gsm_quick.soft	!Sample_title	Pt-11C	GSE274557::P11	E2_corroborated	official metadata patient-to-GSM mapping	false
external_geo::GSM8452885::physical_specimen	physical_unit	external_geo::GSM8452885	physical_specimen_id	external_geo::GSE274557::gsm_soft	infra/bioinf-data-index/raw/geo/GSE274557_gsm_quick.soft	!Sample_relation BioSample	SAMN43154177	SAMN43154177	E2_corroborated	official GEO BioSample identifies physical specimen	false
external_geo::GSM8452885::block_unknown	physical_unit	external_geo::GSM8452885	block_id	external_geo::GSE274557::series_soft	infra/bioinf-data-index/raw/geo/GSE274557_series_quick.soft	!Series_summary + !Series_overall_design	series: 55 individual samples from 13 patients; GSM title: patient-specimen; GEO relation: BioSample		E2_corroborated	physical specimen is a candidate block-equivalent; no block identifier is asserted	false
external_geo::GSM8452886::patient	physical_unit	external_geo::GSM8452886	patient_id	external_geo::GSE274557::gsm_soft	infra/bioinf-data-index/raw/geo/GSE274557_gsm_quick.soft	!Sample_title	Pt-11D	GSE274557::P11	E2_corroborated	official metadata patient-to-GSM mapping	false
external_geo::GSM8452886::physical_specimen	physical_unit	external_geo::GSM8452886	physical_specimen_id	external_geo::GSE274557::gsm_soft	infra/bioinf-data-index/raw/geo/GSE274557_gsm_quick.soft	!Sample_relation BioSample	SAMN43154176	SAMN43154176	E2_corroborated	official GEO BioSample identifies physical specimen	false
external_geo::GSM8452886::block_unknown	physical_unit	external_geo::GSM8452886	block_id	external_geo::GSE274557::series_soft	infra/bioinf-data-index/raw/geo/GSE274557_series_quick.soft	!Series_summary + !Series_overall_design	series: 55 individual samples from 13 patients; GSM title: patient-specimen; GEO relation: BioSample		E2_corroborated	physical specimen is a candidate block-equivalent; no block identifier is asserted	false
external_geo::GSM8452887::patient	physical_unit	external_geo::GSM8452887	patient_id	external_geo::GSE274557::gsm_soft	infra/bioinf-data-index/raw/geo/GSE274557_gsm_quick.soft	!Sample_title	Pt-12A	GSE274557::P12	E2_corroborated	official metadata patient-to-GSM mapping	false
external_geo::GSM8452887::physical_specimen	physical_unit	external_geo::GSM8452887	physical_specimen_id	external_geo::GSE274557::gsm_soft	infra/bioinf-data-index/raw/geo/GSE274557_gsm_quick.soft	!Sample_relation BioSample	SAMN43154175	SAMN43154175	E2_corroborated	official GEO BioSample identifies physical specimen	false
external_geo::GSM8452887::block_unknown	physical_unit	external_geo::GSM8452887	block_id	external_geo::GSE274557::series_soft	infra/bioinf-data-index/raw/geo/GSE274557_series_quick.soft	!Series_summary + !Series_overall_design	series: 55 individual samples from 13 patients; GSM title: patient-specimen; GEO relation: BioSample		E2_corroborated	physical specimen is a candidate block-equivalent; no block identifier is asserted	false
external_geo::GSM8452888::patient	physical_unit	external_geo::GSM8452888	patient_id	external_geo::GSE274557::gsm_soft	infra/bioinf-data-index/raw/geo/GSE274557_gsm_quick.soft	!Sample_title	Pt-12B	GSE274557::P12	E2_corroborated	official metadata patient-to-GSM mapping	false
external_geo::GSM8452888::physical_specimen	physical_unit	external_geo::GSM8452888	physical_specimen_id	external_geo::GSE274557::gsm_soft	infra/bioinf-data-index/raw/geo/GSE274557_gsm_quick.soft	!Sample_relation BioSample	SAMN43154174	SAMN43154174	E2_corroborated	official GEO BioSample identifies physical specimen	false
external_geo::GSM8452888::block_unknown	physical_unit	external_geo::GSM8452888	block_id	external_geo::GSE274557::series_soft	infra/bioinf-data-index/raw/geo/GSE274557_series_quick.soft	!Series_summary + !Series_overall_design	series: 55 individual samples from 13 patients; GSM title: patient-specimen; GEO relation: BioSample		E2_corroborated	physical specimen is a candidate block-equivalent; no block identifier is asserted	false
external_geo::GSM8452889::patient	physical_unit	external_geo::GSM8452889	patient_id	external_geo::GSE274557::gsm_soft	infra/bioinf-data-index/raw/geo/GSE274557_gsm_quick.soft	!Sample_title	Pt-12C	GSE274557::P12	E2_corroborated	official metadata patient-to-GSM mapping	false
external_geo::GSM8452889::physical_specimen	physical_unit	external_geo::GSM8452889	physical_specimen_id	external_geo::GSE274557::gsm_soft	infra/bioinf-data-index/raw/geo/GSE274557_gsm_quick.soft	!Sample_relation BioSample	SAMN43154173	SAMN43154173	E2_corroborated	official GEO BioSample identifies physical specimen	false
external_geo::GSM8452889::block_unknown	physical_unit	external_geo::GSM8452889	block_id	external_geo::GSE274557::series_soft	infra/bioinf-data-index/raw/geo/GSE274557_series_quick.soft	!Series_summary + !Series_overall_design	series: 55 individual samples from 13 patients; GSM title: patient-specimen; GEO relation: BioSample		E2_corroborated	physical specimen is a candidate block-equivalent; no block identifier is asserted	false
external_geo::GSM8452890::patient	physical_unit	external_geo::GSM8452890	patient_id	external_geo::GSE274557::gsm_soft	infra/bioinf-data-index/raw/geo/GSE274557_gsm_quick.soft	!Sample_title	Pt-12D	GSE274557::P12	E2_corroborated	official metadata patient-to-GSM mapping	false
external_geo::GSM8452890::physical_specimen	physical_unit	external_geo::GSM8452890	physical_specimen_id	external_geo::GSE274557::gsm_soft	infra/bioinf-data-index/raw/geo/GSE274557_gsm_quick.soft	!Sample_relation BioSample	SAMN43154172	SAMN43154172	E2_corroborated	official GEO BioSample identifies physical specimen	false
external_geo::GSM8452890::block_unknown	physical_unit	external_geo::GSM8452890	block_id	external_geo::GSE274557::series_soft	infra/bioinf-data-index/raw/geo/GSE274557_series_quick.soft	!Series_summary + !Series_overall_design	series: 55 individual samples from 13 patients; GSM title: patient-specimen; GEO relation: BioSample		E2_corroborated	physical specimen is a candidate block-equivalent; no block identifier is asserted	false
external_geo::GSM8452891::patient	physical_unit	external_geo::GSM8452891	patient_id	external_geo::GSE274557::gsm_soft	infra/bioinf-data-index/raw/geo/GSE274557_gsm_quick.soft	!Sample_title	Pt-13A	GSE274557::P13	E2_corroborated	official metadata patient-to-GSM mapping	false
external_geo::GSM8452891::physical_specimen	physical_unit	external_geo::GSM8452891	physical_specimen_id	external_geo::GSE274557::gsm_soft	infra/bioinf-data-index/raw/geo/GSE274557_gsm_quick.soft	!Sample_relation BioSample	SAMN43154171	SAMN43154171	E2_corroborated	official GEO BioSample identifies physical specimen	false
external_geo::GSM8452891::block_unknown	physical_unit	external_geo::GSM8452891	block_id	external_geo::GSE274557::series_soft	infra/bioinf-data-index/raw/geo/GSE274557_series_quick.soft	!Series_summary + !Series_overall_design	series: 55 individual samples from 13 patients; GSM title: patient-specimen; GEO relation: BioSample		E2_corroborated	physical specimen is a candidate block-equivalent; no block identifier is asserted	false
external_geo::GSM8452892::patient	physical_unit	external_geo::GSM8452892	patient_id	external_geo::GSE274557::gsm_soft	infra/bioinf-data-index/raw/geo/GSE274557_gsm_quick.soft	!Sample_title	Pt-13B	GSE274557::P13	E2_corroborated	official metadata patient-to-GSM mapping	false
external_geo::GSM8452892::physical_specimen	physical_unit	external_geo::GSM8452892	physical_specimen_id	external_geo::GSE274557::gsm_soft	infra/bioinf-data-index/raw/geo/GSE274557_gsm_quick.soft	!Sample_relation BioSample	SAMN43154170	SAMN43154170	E2_corroborated	official GEO BioSample identifies physical specimen	false
external_geo::GSM8452892::block_unknown	physical_unit	external_geo::GSM8452892	block_id	external_geo::GSE274557::series_soft	infra/bioinf-data-index/raw/geo/GSE274557_series_quick.soft	!Series_summary + !Series_overall_design	series: 55 individual samples from 13 patients; GSM title: patient-specimen; GEO relation: BioSample		E2_corroborated	physical specimen is a candidate block-equivalent; no block identifier is asserted	false
external_geo::GSM8452893::patient	physical_unit	external_geo::GSM8452893	patient_id	external_geo::GSE274557::gsm_soft	infra/bioinf-data-index/raw/geo/GSE274557_gsm_quick.soft	!Sample_title	Pt-13C	GSE274557::P13	E2_corroborated	official metadata patient-to-GSM mapping	false
external_geo::GSM8452893::physical_specimen	physical_unit	external_geo::GSM8452893	physical_specimen_id	external_geo::GSE274557::gsm_soft	infra/bioinf-data-index/raw/geo/GSE274557_gsm_quick.soft	!Sample_relation BioSample	SAMN43154169	SAMN43154169	E2_corroborated	official GEO BioSample identifies physical specimen	false
external_geo::GSM8452893::block_unknown	physical_unit	external_geo::GSM8452893	block_id	external_geo::GSE274557::series_soft	infra/bioinf-data-index/raw/geo/GSE274557_series_quick.soft	!Series_summary + !Series_overall_design	series: 55 individual samples from 13 patients; GSM title: patient-specimen; GEO relation: BioSample		E2_corroborated	physical specimen is a candidate block-equivalent; no block identifier is asserted	false
external_geo::GSM8452894::patient	physical_unit	external_geo::GSM8452894	patient_id	external_geo::GSE274557::gsm_soft	infra/bioinf-data-index/raw/geo/GSE274557_gsm_quick.soft	!Sample_title	Pt-13D	GSE274557::P13	E2_corroborated	official metadata patient-to-GSM mapping	false
external_geo::GSM8452894::physical_specimen	physical_unit	external_geo::GSM8452894	physical_specimen_id	external_geo::GSE274557::gsm_soft	infra/bioinf-data-index/raw/geo/GSE274557_gsm_quick.soft	!Sample_relation BioSample	SAMN43154168	SAMN43154168	E2_corroborated	official GEO BioSample identifies physical specimen	false
external_geo::GSM8452894::block_unknown	physical_unit	external_geo::GSM8452894	block_id	external_geo::GSE274557::series_soft	infra/bioinf-data-index/raw/geo/GSE274557_series_quick.soft	!Series_summary + !Series_overall_design	series: 55 individual samples from 13 patients; GSM title: patient-specimen; GEO relation: BioSample		E2_corroborated	physical specimen is a candidate block-equivalent; no block identifier is asserted	false
external_geo::GSM8452895::patient	physical_unit	external_geo::GSM8452895	patient_id	external_geo::GSE274557::gsm_soft	infra/bioinf-data-index/raw/geo/GSE274557_gsm_quick.soft	!Sample_title	Pt-13E	GSE274557::P13	E2_corroborated	official metadata patient-to-GSM mapping	false
external_geo::GSM8452895::physical_specimen	physical_unit	external_geo::GSM8452895	physical_specimen_id	external_geo::GSE274557::gsm_soft	infra/bioinf-data-index/raw/geo/GSE274557_gsm_quick.soft	!Sample_relation BioSample	SAMN43154167	SAMN43154167	E2_corroborated	official GEO BioSample identifies physical specimen	false
external_geo::GSM8452895::block_unknown	physical_unit	external_geo::GSM8452895	block_id	external_geo::GSE274557::series_soft	infra/bioinf-data-index/raw/geo/GSE274557_series_quick.soft	!Series_summary + !Series_overall_design	series: 55 individual samples from 13 patients; GSM title: patient-specimen; GEO relation: BioSample		E2_corroborated	physical specimen is a candidate block-equivalent; no block identifier is asserted	false
external_geo::GSM8714177::patient	physical_unit	external_geo::GSM8714177	patient_id	external_geo::GSE274557::gsm_soft	infra/bioinf-data-index/raw/geo/GSE274557_gsm_quick.soft	!Sample_title	Pt-3_Pri2	GSE274557::P3	E2_corroborated	official metadata patient-to-GSM mapping	false
external_geo::GSM8714177::physical_specimen	physical_unit	external_geo::GSM8714177	physical_specimen_id	external_geo::GSE274557::gsm_soft	infra/bioinf-data-index/raw/geo/GSE274557_gsm_quick.soft	!Sample_relation BioSample	SAMN46116048	SAMN46116048	E2_corroborated	official GEO BioSample identifies physical specimen	false
external_geo::GSM8714177::block_unknown	physical_unit	external_geo::GSM8714177	block_id	external_geo::GSE274557::series_soft	infra/bioinf-data-index/raw/geo/GSE274557_series_quick.soft	!Series_summary + !Series_overall_design	series: 55 individual samples from 13 patients; GSM title: patient-specimen; GEO relation: BioSample		E2_corroborated	physical specimen is a candidate block-equivalent; no block identifier is asserted	false
external_geo::GSM8714178::patient	physical_unit	external_geo::GSM8714178	patient_id	external_geo::GSE274557::gsm_soft	infra/bioinf-data-index/raw/geo/GSE274557_gsm_quick.soft	!Sample_title	Pt-6_Pri2	GSE274557::P6	E2_corroborated	official metadata patient-to-GSM mapping	false
external_geo::GSM8714178::physical_specimen	physical_unit	external_geo::GSM8714178	physical_specimen_id	external_geo::GSE274557::gsm_soft	infra/bioinf-data-index/raw/geo/GSE274557_gsm_quick.soft	!Sample_relation BioSample	SAMN46116047	SAMN46116047	E2_corroborated	official GEO BioSample identifies physical specimen	false
external_geo::GSM8714178::block_unknown	physical_unit	external_geo::GSM8714178	block_id	external_geo::GSE274557::series_soft	infra/bioinf-data-index/raw/geo/GSE274557_series_quick.soft	!Series_summary + !Series_overall_design	series: 55 individual samples from 13 patients; GSM title: patient-specimen; GEO relation: BioSample		E2_corroborated	physical specimen is a candidate block-equivalent; no block identifier is asserted	false
external_geo::GSM8714179::patient	physical_unit	external_geo::GSM8714179	patient_id	external_geo::GSE274557::gsm_soft	infra/bioinf-data-index/raw/geo/GSE274557_gsm_quick.soft	!Sample_title	Pt-6_Pri3	GSE274557::P6	E2_corroborated	official metadata patient-to-GSM mapping	false
external_geo::GSM8714179::physical_specimen	physical_unit	external_geo::GSM8714179	physical_specimen_id	external_geo::GSE274557::gsm_soft	infra/bioinf-data-index/raw/geo/GSE274557_gsm_quick.soft	!Sample_relation BioSample	SAMN46116046	SAMN46116046	E2_corroborated	official GEO BioSample identifies physical specimen	false
external_geo::GSM8714179::block_unknown	physical_unit	external_geo::GSM8714179	block_id	external_geo::GSE274557::series_soft	infra/bioinf-data-index/raw/geo/GSE274557_series_quick.soft	!Series_summary + !Series_overall_design	series: 55 individual samples from 13 patients; GSM title: patient-specimen; GEO relation: BioSample		E2_corroborated	physical specimen is a candidate block-equivalent; no block identifier is asserted	false
external_geo::GSM8714180::patient	physical_unit	external_geo::GSM8714180	patient_id	external_geo::GSE274557::gsm_soft	infra/bioinf-data-index/raw/geo/GSE274557_gsm_quick.soft	!Sample_title	Pt-8_Pri2	GSE274557::P8	E2_corroborated	official metadata patient-to-GSM mapping	false
external_geo::GSM8714180::physical_specimen	physical_unit	external_geo::GSM8714180	physical_specimen_id	external_geo::GSE274557::gsm_soft	infra/bioinf-data-index/raw/geo/GSE274557_gsm_quick.soft	!Sample_relation BioSample	SAMN46116045	SAMN46116045	E2_corroborated	official GEO BioSample identifies physical specimen	false
external_geo::GSM8714180::block_unknown	physical_unit	external_geo::GSM8714180	block_id	external_geo::GSE274557::series_soft	infra/bioinf-data-index/raw/geo/GSE274557_series_quick.soft	!Series_summary + !Series_overall_design	series: 55 individual samples from 13 patients; GSM title: patient-specimen; GEO relation: BioSample		E2_corroborated	physical specimen is a candidate block-equivalent; no block identifier is asserted	false
external_geo::GSM8714181::patient	physical_unit	external_geo::GSM8714181	patient_id	external_geo::GSE274557::gsm_soft	infra/bioinf-data-index/raw/geo/GSE274557_gsm_quick.soft	!Sample_title	Pt-13_Pri2	GSE274557::P13	E2_corroborated	official metadata patient-to-GSM mapping	false
external_geo::GSM8714181::physical_specimen	physical_unit	external_geo::GSM8714181	physical_specimen_id	external_geo::GSE274557::gsm_soft	infra/bioinf-data-index/raw/geo/GSE274557_gsm_quick.soft	!Sample_relation BioSample	SAMN46116044	SAMN46116044	E2_corroborated	official GEO BioSample identifies physical specimen	false
external_geo::GSM8714181::block_unknown	physical_unit	external_geo::GSM8714181	block_id	external_geo::GSE274557::series_soft	infra/bioinf-data-index/raw/geo/GSE274557_series_quick.soft	!Series_summary + !Series_overall_design	series: 55 individual samples from 13 patients; GSM title: patient-specimen; GEO relation: BioSample		E2_corroborated	physical specimen is a candidate block-equivalent; no block identifier is asserted	false
external_geo::GSM8714182::patient	physical_unit	external_geo::GSM8714182	patient_id	external_geo::GSE274557::gsm_soft	infra/bioinf-data-index/raw/geo/GSE274557_gsm_quick.soft	!Sample_title	Pt-13_Pri3	GSE274557::P13	E2_corroborated	official metadata patient-to-GSM mapping	false
external_geo::GSM8714182::physical_specimen	physical_unit	external_geo::GSM8714182	physical_specimen_id	external_geo::GSE274557::gsm_soft	infra/bioinf-data-index/raw/geo/GSE274557_gsm_quick.soft	!Sample_relation BioSample	SAMN46116043	SAMN46116043	E2_corroborated	official GEO BioSample identifies physical specimen	false
external_geo::GSM8714182::block_unknown	physical_unit	external_geo::GSM8714182	block_id	external_geo::GSE274557::series_soft	infra/bioinf-data-index/raw/geo/GSE274557_series_quick.soft	!Series_summary + !Series_overall_design	series: 55 individual samples from 13 patients; GSM title: patient-specimen; GEO relation: BioSample		E2_corroborated	physical specimen is a candidate block-equivalent; no block identifier is asserted	false
external_geo::GSM7089855::patient	physical_unit	external_geo::GSM7089855	patient_id	external_geo::GSE226997::gsm_soft	infra/bioinf-data-index/raw/geo/GSE226997_gsm_quick.soft	!Sample_title	Visium result of patient 1	GSE226997::P1	E2_corroborated	official metadata patient-to-GSM mapping	false
external_geo::GSM7089855::physical_specimen	physical_unit	external_geo::GSM7089855	physical_specimen_id	external_geo::GSE226997::gsm_soft	infra/bioinf-data-index/raw/geo/GSE226997_gsm_quick.soft	!Sample_relation BioSample	SAMN33698434	SAMN33698434	E2_corroborated	official GEO BioSample identifies physical specimen	false
external_geo::GSM7089855::block_unknown	physical_unit	external_geo::GSM7089855	block_id	external_geo::GSE226997::series_soft	infra/bioinf-data-index/raw/geo/GSE226997_series_quick.soft	!Series_summary + !Series_overall_design	series: Visium of four CRC patients; GSM title: patient; GSM source: primary colorectal cancer; GEO relation: BioSample		E2_corroborated	physical specimen is a candidate block-equivalent; no block identifier is asserted	false
external_geo::GSM7089856::patient	physical_unit	external_geo::GSM7089856	patient_id	external_geo::GSE226997::gsm_soft	infra/bioinf-data-index/raw/geo/GSE226997_gsm_quick.soft	!Sample_title	Visium result of patient 2	GSE226997::P2	E2_corroborated	official metadata patient-to-GSM mapping	false
external_geo::GSM7089856::physical_specimen	physical_unit	external_geo::GSM7089856	physical_specimen_id	external_geo::GSE226997::gsm_soft	infra/bioinf-data-index/raw/geo/GSE226997_gsm_quick.soft	!Sample_relation BioSample	SAMN33698433	SAMN33698433	E2_corroborated	official GEO BioSample identifies physical specimen	false
external_geo::GSM7089856::block_unknown	physical_unit	external_geo::GSM7089856	block_id	external_geo::GSE226997::series_soft	infra/bioinf-data-index/raw/geo/GSE226997_series_quick.soft	!Series_summary + !Series_overall_design	series: Visium of four CRC patients; GSM title: patient; GSM source: primary colorectal cancer; GEO relation: BioSample		E2_corroborated	physical specimen is a candidate block-equivalent; no block identifier is asserted	false
external_geo::GSM7089857::patient	physical_unit	external_geo::GSM7089857	patient_id	external_geo::GSE226997::gsm_soft	infra/bioinf-data-index/raw/geo/GSE226997_gsm_quick.soft	!Sample_title	Visium result of patient 3	GSE226997::P3	E2_corroborated	official metadata patient-to-GSM mapping	false
external_geo::GSM7089857::physical_specimen	physical_unit	external_geo::GSM7089857	physical_specimen_id	external_geo::GSE226997::gsm_soft	infra/bioinf-data-index/raw/geo/GSE226997_gsm_quick.soft	!Sample_relation BioSample	SAMN33698432	SAMN33698432	E2_corroborated	official GEO BioSample identifies physical specimen	false
external_geo::GSM7089857::block_unknown	physical_unit	external_geo::GSM7089857	block_id	external_geo::GSE226997::series_soft	infra/bioinf-data-index/raw/geo/GSE226997_series_quick.soft	!Series_summary + !Series_overall_design	series: Visium of four CRC patients; GSM title: patient; GSM source: primary colorectal cancer; GEO relation: BioSample		E2_corroborated	physical specimen is a candidate block-equivalent; no block identifier is asserted	false
external_geo::GSM7089858::patient	physical_unit	external_geo::GSM7089858	patient_id	external_geo::GSE226997::gsm_soft	infra/bioinf-data-index/raw/geo/GSE226997_gsm_quick.soft	!Sample_title	Visium result of patient 4	GSE226997::P4	E2_corroborated	official metadata patient-to-GSM mapping	false
external_geo::GSM7089858::physical_specimen	physical_unit	external_geo::GSM7089858	physical_specimen_id	external_geo::GSE226997::gsm_soft	infra/bioinf-data-index/raw/geo/GSE226997_gsm_quick.soft	!Sample_relation BioSample	SAMN33698431	SAMN33698431	E2_corroborated	official GEO BioSample identifies physical specimen	false
external_geo::GSM7089858::block_unknown	physical_unit	external_geo::GSM7089858	block_id	external_geo::GSE226997::series_soft	infra/bioinf-data-index/raw/geo/GSE226997_series_quick.soft	!Series_summary + !Series_overall_design	series: Visium of four CRC patients; GSM title: patient; GSM source: primary colorectal cancer; GEO relation: BioSample		E2_corroborated	physical specimen is a candidate block-equivalent; no block identifier is asserted	false
external_geo::GSM6506110::patient	physical_unit	external_geo::GSM6506110	patient_id	external_geo::GSE211956::patient_gsm_crosswalk	infra/bioinf-data-index/raw/supplements/PMC10991508_supplementary_data_1.xlsx	Sample matrix.Patient + Visium sample GEO	Visium sample poor_response_P1	GSE211956::P1	E3_explicit	official metadata patient-to-GSM mapping	false
external_geo::GSM6506110::physical_specimen	physical_unit	external_geo::GSM6506110	physical_specimen_id	external_geo::GSE211956::gsm_soft	infra/bioinf-data-index/raw/geo/GSE211956_gsm_quick.soft	!Sample_relation BioSample	SAMN30478275	SAMN30478275	E2_corroborated	official GEO BioSample identifies physical specimen	false
external_geo::GSM6506110::block_unknown	physical_unit	external_geo::GSM6506110	block_id	external_geo::GSE211956::series_soft	infra/bioinf-data-index/raw/geo/GSE211956_series_quick.soft	!Series_summary + !Series_overall_design	supplement: patient-to-Visium-GSM crosswalk; GSM source: ovarian tumour; GEO relation: BioSample		E2_corroborated	physical specimen is a candidate block-equivalent; no block identifier is asserted	false
external_geo::GSM6506111::patient	physical_unit	external_geo::GSM6506111	patient_id	external_geo::GSE211956::patient_gsm_crosswalk	infra/bioinf-data-index/raw/supplements/PMC10991508_supplementary_data_1.xlsx	Sample matrix.Patient + Visium sample GEO	Visium sample good_response_P2	GSE211956::P2	E3_explicit	official metadata patient-to-GSM mapping	false
external_geo::GSM6506111::physical_specimen	physical_unit	external_geo::GSM6506111	physical_specimen_id	external_geo::GSE211956::gsm_soft	infra/bioinf-data-index/raw/geo/GSE211956_gsm_quick.soft	!Sample_relation BioSample	SAMN30478274	SAMN30478274	E2_corroborated	official GEO BioSample identifies physical specimen	false
external_geo::GSM6506111::block_unknown	physical_unit	external_geo::GSM6506111	block_id	external_geo::GSE211956::series_soft	infra/bioinf-data-index/raw/geo/GSE211956_series_quick.soft	!Series_summary + !Series_overall_design	supplement: patient-to-Visium-GSM crosswalk; GSM source: ovarian tumour; GEO relation: BioSample		E2_corroborated	physical specimen is a candidate block-equivalent; no block identifier is asserted	false
external_geo::GSM6506112::patient	physical_unit	external_geo::GSM6506112	patient_id	external_geo::GSE211956::patient_gsm_crosswalk	infra/bioinf-data-index/raw/supplements/PMC10991508_supplementary_data_1.xlsx	Sample matrix.Patient + Visium sample GEO	Visium sample good_response_P3	GSE211956::P3	E3_explicit	official metadata patient-to-GSM mapping	false
external_geo::GSM6506112::physical_specimen	physical_unit	external_geo::GSM6506112	physical_specimen_id	external_geo::GSE211956::gsm_soft	infra/bioinf-data-index/raw/geo/GSE211956_gsm_quick.soft	!Sample_relation BioSample	SAMN30478273	SAMN30478273	E2_corroborated	official GEO BioSample identifies physical specimen	false
external_geo::GSM6506112::block_unknown	physical_unit	external_geo::GSM6506112	block_id	external_geo::GSE211956::series_soft	infra/bioinf-data-index/raw/geo/GSE211956_series_quick.soft	!Series_summary + !Series_overall_design	supplement: patient-to-Visium-GSM crosswalk; GSM source: ovarian tumour; GEO relation: BioSample		E2_corroborated	physical specimen is a candidate block-equivalent; no block identifier is asserted	false
external_geo::GSM6506113::patient	physical_unit	external_geo::GSM6506113	patient_id	external_geo::GSE211956::patient_gsm_crosswalk	infra/bioinf-data-index/raw/supplements/PMC10991508_supplementary_data_1.xlsx	Sample matrix.Patient + Visium sample GEO	Visium sample partial_response_P4	GSE211956::P4	E3_explicit	official metadata patient-to-GSM mapping	false
external_geo::GSM6506113::physical_specimen	physical_unit	external_geo::GSM6506113	physical_specimen_id	external_geo::GSE211956::gsm_soft	infra/bioinf-data-index/raw/geo/GSE211956_gsm_quick.soft	!Sample_relation BioSample	SAMN30478272	SAMN30478272	E2_corroborated	official GEO BioSample identifies physical specimen	false
external_geo::GSM6506113::block_unknown	physical_unit	external_geo::GSM6506113	block_id	external_geo::GSE211956::series_soft	infra/bioinf-data-index/raw/geo/GSE211956_series_quick.soft	!Series_summary + !Series_overall_design	supplement: patient-to-Visium-GSM crosswalk; GSM source: ovarian tumour; GEO relation: BioSample		E2_corroborated	physical specimen is a candidate block-equivalent; no block identifier is asserted	false
external_geo::GSM6506114::patient	physical_unit	external_geo::GSM6506114	patient_id	external_geo::GSE211956::patient_gsm_crosswalk	infra/bioinf-data-index/raw/supplements/PMC10991508_supplementary_data_1.xlsx	Sample matrix.Patient + Visium sample GEO	Visium sample good_response_P5	GSE211956::P5	E3_explicit	official metadata patient-to-GSM mapping	false
external_geo::GSM6506114::physical_specimen	physical_unit	external_geo::GSM6506114	physical_specimen_id	external_geo::GSE211956::gsm_soft	infra/bioinf-data-index/raw/geo/GSE211956_gsm_quick.soft	!Sample_relation BioSample	SAMN30478271	SAMN30478271	E2_corroborated	official GEO BioSample identifies physical specimen	false
external_geo::GSM6506114::block_unknown	physical_unit	external_geo::GSM6506114	block_id	external_geo::GSE211956::series_soft	infra/bioinf-data-index/raw/geo/GSE211956_series_quick.soft	!Series_summary + !Series_overall_design	supplement: patient-to-Visium-GSM crosswalk; GSM source: ovarian tumour; GEO relation: BioSample		E2_corroborated	physical specimen is a candidate block-equivalent; no block identifier is asserted	false
external_geo::GSM6506115::patient	physical_unit	external_geo::GSM6506115	patient_id	external_geo::GSE211956::patient_gsm_crosswalk	infra/bioinf-data-index/raw/supplements/PMC10991508_supplementary_data_1.xlsx	Sample matrix.Patient + Visium sample GEO	Visium sample partial_response_P6	GSE211956::P6	E3_explicit	official metadata patient-to-GSM mapping	false
external_geo::GSM6506115::physical_specimen	physical_unit	external_geo::GSM6506115	physical_specimen_id	external_geo::GSE211956::gsm_soft	infra/bioinf-data-index/raw/geo/GSE211956_gsm_quick.soft	!Sample_relation BioSample	SAMN30478270	SAMN30478270	E2_corroborated	official GEO BioSample identifies physical specimen	false
external_geo::GSM6506115::block_unknown	physical_unit	external_geo::GSM6506115	block_id	external_geo::GSE211956::series_soft	infra/bioinf-data-index/raw/geo/GSE211956_series_quick.soft	!Series_summary + !Series_overall_design	supplement: patient-to-Visium-GSM crosswalk; GSM source: ovarian tumour; GEO relation: BioSample		E2_corroborated	physical specimen is a candidate block-equivalent; no block identifier is asserted	false
external_geo::GSM6506116::patient	physical_unit	external_geo::GSM6506116	patient_id	external_geo::GSE211956::patient_gsm_crosswalk	infra/bioinf-data-index/raw/supplements/PMC10991508_supplementary_data_1.xlsx	Sample matrix.Patient + Visium sample GEO	Visium sample poor_response_P7	GSE211956::P7	E3_explicit	official metadata patient-to-GSM mapping	false
external_geo::GSM6506116::physical_specimen	physical_unit	external_geo::GSM6506116	physical_specimen_id	external_geo::GSE211956::gsm_soft	infra/bioinf-data-index/raw/geo/GSE211956_gsm_quick.soft	!Sample_relation BioSample	SAMN30478269	SAMN30478269	E2_corroborated	official GEO BioSample identifies physical specimen	false
external_geo::GSM6506116::block_unknown	physical_unit	external_geo::GSM6506116	block_id	external_geo::GSE211956::series_soft	infra/bioinf-data-index/raw/geo/GSE211956_series_quick.soft	!Series_summary + !Series_overall_design	supplement: patient-to-Visium-GSM crosswalk; GSM source: ovarian tumour; GEO relation: BioSample		E2_corroborated	physical specimen is a candidate block-equivalent; no block identifier is asserted	false
external_geo::GSM6506117::patient	physical_unit	external_geo::GSM6506117	patient_id	external_geo::GSE211956::patient_gsm_crosswalk	infra/bioinf-data-index/raw/supplements/PMC10991508_supplementary_data_1.xlsx	Sample matrix.Patient + Visium sample GEO	Visium sample poor_response_P8	GSE211956::P8	E3_explicit	official metadata patient-to-GSM mapping	false
external_geo::GSM6506117::physical_specimen	physical_unit	external_geo::GSM6506117	physical_specimen_id	external_geo::GSE211956::gsm_soft	infra/bioinf-data-index/raw/geo/GSE211956_gsm_quick.soft	!Sample_relation BioSample	SAMN30478268	SAMN30478268	E2_corroborated	official GEO BioSample identifies physical specimen	false
external_geo::GSM6506117::block_unknown	physical_unit	external_geo::GSM6506117	block_id	external_geo::GSE211956::series_soft	infra/bioinf-data-index/raw/geo/GSE211956_series_quick.soft	!Series_summary + !Series_overall_design	supplement: patient-to-Visium-GSM crosswalk; GSM source: ovarian tumour; GEO relation: BioSample		E2_corroborated	physical specimen is a candidate block-equivalent; no block identifier is asserted	false
